Stagione,Settimana,Tipo,Data,Casa,Ospite,PuntiCasa,PuntiOspite,ConferenzaCasa,ConferenzaOspite,CampoNeutro,Stadio,Spettatori
2022,1,regular,2022-08-27,Florida Atlantic,Charlotte,43,13,Conference USA,Conference USA,,FAU Stadium,19571
2022,1,regular,2022-08-27,Florida State,Duquesne,47,7,ACC,NEC,,Doak Campbell Stadium,51207
2022,1,regular,2022-08-27,Illinois,Wyoming,38,6,Big Ten,Mountain West,,"Memorial Stadium (Champaign, IL)",37832
2022,1,regular,2022-08-27,Northwestern,Nebraska,31,28,Big Ten,Big Ten,1,Aviva Stadium,
2022,1,regular,2022-08-27,UNLV,Idaho State,52,21,Mountain West,Big Sky,,Allegiant Stadium,19579
2022,1,regular,2022-08-27,Utah State,UConn,31,20,Mountain West,FBS Independents,,Maverik Stadium,19553
2022,1,regular,2022-08-27,Western Kentucky,Austin Peay,38,27,Conference USA,Atlantic Sun,,Houchens Industries-L.T. Smith Stadium,13688
2022,1,regular,2022-08-28,Hawai'i,Vanderbilt,10,63,Mountain West,SEC,,Clarence T.C. Ching Athletics Complex,9346
2022,1,regular,2022-08-28,New Mexico State,Nevada,12,23,FBS Independents,Mountain West,,Aggie Memorial Stadium,
2022,1,regular,2022-08-28,North Carolina,Florida A&M,56,24,ACC,SWAC,,Kenan Stadium,46130
2022,1,regular,2022-08-28,UTEP,North Texas,13,31,Conference USA,Conference USA,,Sun Bowl,45971
2022,1,regular,2022-09-01,Akron,Saint Francis,30,23,Mid-American,NEC,,InfoCision Stadium,8752
2022,1,regular,2022-09-01,Florida International,Bryant,38,37,Conference USA,Big South,,FIU Stadium,
2022,1,regular,2022-09-01,Oklahoma State,Central Michigan,58,44,Big 12,Mid-American,,Boone Pickens Stadium,53808
2022,1,regular,2022-09-01,Pittsburgh,West Virginia,38,31,ACC,Big 12,,Acrisure Stadium,70622
2022,1,regular,2022-09-01,Tennessee,Ball State,59,10,SEC,Mid-American,,Neyland Stadium,92236
2022,1,regular,2022-09-01,Toledo,Long Island University,37,0,Mid-American,NEC,,Glass Bowl,21291
2022,1,regular,2022-09-01,UCF,South Carolina State,56,10,American Athletic,MEAC,,FBC Mortgage Stadium,43810
2022,1,regular,2022-09-01,Wake Forest,VMI,44,10,ACC,Southern,,Allegacy Federal Credit Union Stadium,26013
2022,1,regular,2022-09-02,Arizona State,Northern Arizona,40,3,Pac-12,Big Sky,,Mountain America Stadium,44764
2022,1,regular,2022-09-02,Charlotte,William & Mary,24,41,Conference USA,CAA,,Jerry Richardson Stadium,13940
2022,1,regular,2022-09-02,Duke,Temple,30,0,ACC,American Athletic,,Wallace Wade Stadium,
2022,1,regular,2022-09-02,Eastern Michigan,Eastern Kentucky,42,34,Mid-American,Atlantic Sun,,Rynearson Stadium,16531
2022,1,regular,2022-09-02,Fresno State,Cal Poly,35,7,Mountain West,Big Sky,,Valley Children's Stadium,36011
2022,1,regular,2022-09-02,Michigan State,Western Michigan,35,13,Big Ten,Mid-American,,Spartan Stadium,73928
2022,1,regular,2022-09-02,Minnesota,New Mexico State,38,0,Big Ten,FBS Independents,,Huntington Bank Stadium,44012
2022,1,regular,2022-09-02,Missouri,Louisiana Tech,52,24,SEC,Conference USA,,Memorial Stadium,47653
2022,1,regular,2022-09-02,Northern Illinois,Eastern Illinois,34,27,Mid-American,OVC,,Huskie Stadium,10864
2022,1,regular,2022-09-02,Old Dominion,Virginia Tech,20,17,Sun Belt,ACC,,S.B. Ballard Stadium,21944
2022,1,regular,2022-09-02,Purdue,Penn State,31,35,Big Ten,Big Ten,,Ross-Ade Stadium,
2022,1,regular,2022-09-02,San José State,Portland State,21,17,Mountain West,Big Sky,,CEFCU Stadium,16291
2022,1,regular,2022-09-02,UAB,Alabama A&M,59,0,Conference USA,SWAC,,Protective Stadium,32542
2022,1,regular,2022-09-03,Air Force,Northern Iowa,48,17,Mountain West,MVFC,,Falcon Stadium,31180
2022,1,regular,2022-09-03,Alabama,Utah State,55,0,SEC,Mountain West,,Bryant-Denny Stadium,98321
2022,1,regular,2022-09-03,App State,North Carolina,61,63,Sun Belt,ACC,,Kidd Brewer Stadium,40168
2022,1,regular,2022-09-03,Arkansas,Cincinnati,31,24,SEC,American Athletic,,Razorback Stadium,74751
2022,1,regular,2022-09-03,Arkansas State,Grambling,58,3,Sun Belt,SWAC,,Centennial Bank Stadium,17893
2022,1,regular,2022-09-03,Auburn,Mercer,42,16,SEC,Southern,,Jordan-Hare Stadium,84562
2022,1,regular,2022-09-03,Baylor,UAlbany,69,10,Big 12,CAA,,McLane Stadium,41242
2022,1,regular,2022-09-03,Boston College,Rutgers,21,22,ACC,Big Ten,,"Alumni Stadium (Chestnut Hill, MA)",35048
2022,1,regular,2022-09-03,California,UC Davis,34,13,Pac-12,Big Sky,,California Memorial Stadium,34984
2022,1,regular,2022-09-03,Coastal Carolina,Army,38,28,Sun Belt,FBS Independents,,Brooks Stadium (SC),21165
2022,1,regular,2022-09-03,Colorado,TCU,13,38,Pac-12,Big 12,,Folsom Field,47868
2022,1,regular,2022-09-03,East Carolina,NC State,20,21,American Athletic,ACC,,Dowdy-Ficklen Stadium,51711
2022,1,regular,2022-09-03,Florida,Utah,29,26,SEC,Pac-12,,Ben Hill Griffin Stadium,90799
2022,1,regular,2022-09-03,Georgia,Oregon,49,3,SEC,Pac-12,1,Mercedes-Benz Stadium,76490
2022,1,regular,2022-09-03,Georgia Southern,Morgan State,59,7,Sun Belt,MEAC,,Allen E. Paulson Stadium,
2022,1,regular,2022-09-03,Indiana,Illinois,23,20,Big Ten,Big Ten,,"Memorial Stadium (Bloomington, IN)",44357
2022,1,regular,2022-09-03,Iowa,South Dakota State,7,3,Big Ten,MVFC,,Kinnick Stadium,69250
2022,1,regular,2022-09-03,Iowa State,Southeast Missouri State,42,10,Big 12,OVC,,Jack Trice Stadium,57142
2022,1,regular,2022-09-03,James Madison,Middle Tennessee,44,7,Sun Belt,Conference USA,,Bridgeforth Stadium,23074
2022,1,regular,2022-09-03,Kansas,Tennessee Tech,56,10,Big 12,OVC,,Memorial Stadium,34902
2022,1,regular,2022-09-03,Kansas State,South Dakota,34,0,Big 12,MVFC,,Bill Snyder Family Stadium,50469
2022,1,regular,2022-09-03,Kentucky,Miami (OH),37,13,SEC,Mid-American,,Kroger Field,61139
2022,1,regular,2022-09-03,Louisiana,SE Louisiana,24,7,Sun Belt,Southland,,Cajun Field,16812
2022,1,regular,2022-09-03,Marshall,Norfolk State,55,3,Sun Belt,MEAC,,Joan C. Edwards Stadium,24607
2022,1,regular,2022-09-03,Maryland,Buffalo,31,10,Big Ten,Mid-American,,SECU Stadium,30223
2022,1,regular,2022-09-03,Miami,Bethune-Cookman,70,13,ACC,SWAC,,Hard Rock Stadium,56795
2022,1,regular,2022-09-03,Michigan,Colorado State,51,7,Big Ten,Mountain West,,Michigan Stadium,109575
2022,1,regular,2022-09-03,Mississippi State,Memphis,49,23,SEC,American Athletic,,Davis Wade Stadium,54360
2022,1,regular,2022-09-03,Navy,Delaware,7,14,American Athletic,CAA,,Navy-Marine Corps Memorial Stadium,30542
2022,1,regular,2022-09-03,Nebraska,North Dakota,38,17,Big Ten,MVFC,,"Memorial Stadium (Lincoln, NE)",86590
2022,1,regular,2022-09-03,Nevada,Texas State,38,14,Mountain West,Sun Belt,,Mackay Stadium,13260
2022,1,regular,2022-09-03,North Texas,SMU,10,48,Conference USA,American Athletic,,DATCU Stadium,25306
2022,1,regular,2022-09-03,Ohio,Florida Atlantic,41,38,Mid-American,Conference USA,,Peden Stadium,20003
2022,1,regular,2022-09-03,Ohio State,Notre Dame,21,10,Big Ten,FBS Independents,,Ohio Stadium,106594
2022,1,regular,2022-09-03,Oklahoma,UTEP,45,13,Big 12,Conference USA,,"Memorial Stadium (Norman, OK)",83173
2022,1,regular,2022-09-03,Ole Miss,Troy,28,10,SEC,Sun Belt,,Vaught-Hemingway Stadium,60533
2022,1,regular,2022-09-03,San Diego State,Arizona,20,38,Mountain West,Pac-12,,Snapdragon Stadium,34046
2022,1,regular,2022-09-03,South Alabama,Nicholls,48,7,Sun Belt,Southland,,Hancock Whitney Stadium,15101
2022,1,regular,2022-09-03,South Carolina,Georgia State,35,14,SEC,Sun Belt,,Williams-Brice Stadium,78297
2022,1,regular,2022-09-03,South Florida,BYU,21,50,American Athletic,FBS Independents,,Raymond James Stadium,31521
2022,1,regular,2022-09-03,Southern Miss,Liberty,27,29,Sun Belt,FBS Independents,,M. M. Roberts Stadium,24051
2022,1,regular,2022-09-03,Texas A&M,Sam Houston,31,0,SEC,Western Athletic,,Kyle Field,97946
2022,1,regular,2022-09-03,Tulane,Massachusetts,42,10,American Athletic,FBS Independents,,Yulman Stadium,
2022,1,regular,2022-09-03,UCLA,Bowling Green,45,17,Pac-12,Mid-American,,Rose Bowl,27143
2022,1,regular,2022-09-03,UConn,Central Connecticut,28,3,FBS Independents,NEC,,Pratt & Whitney Stadium,22442
2022,1,regular,2022-09-03,USC,Rice,66,14,Pac-12,Conference USA,,Los Angeles Memorial Coliseum,60113
2022,1,regular,2022-09-03,UTSA,Houston,35,37,Conference USA,American Athletic,,Alamodome,37526
2022,1,regular,2022-09-03,Vanderbilt,Elon,42,31,SEC,CAA,,FirstBank Stadium,20120
2022,1,regular,2022-09-03,Virginia,Richmond,34,17,ACC,CAA,,Scott Stadium,41122
2022,1,regular,2022-09-03,Wisconsin,Illinois State,38,0,Big Ten,MVFC,,Camp Randall Stadium,73727
2022,1,regular,2022-09-03,Wyoming,Tulsa,40,37,Mountain West,American Athletic,,War Memorial Stadium,20574
2022,1,regular,2022-09-04,Florida State,LSU,24,23,ACC,SEC,1,Caesars Superdome,68388
2022,1,regular,2022-09-04,Hawai'i,Western Kentucky,17,49,Mountain West,Conference USA,,Clarence T.C. Ching Athletics Complex,9346
2022,1,regular,2022-09-04,New Mexico,Maine,41,0,Mountain West,CAA,,University Stadium (NM),15166
2022,1,regular,2022-09-04,Oregon State,Boise State,34,17,Pac-12,Mountain West,,Reser Stadium,27732
2022,1,regular,2022-09-04,Stanford,Colgate,41,10,Pac-12,Patriot,,Stanford Stadium,26826
2022,1,regular,2022-09-04,Syracuse,Louisville,31,7,ACC,ACC,,JMA Wireless Dome,37110
2022,1,regular,2022-09-04,Texas,UL Monroe,52,10,Big 12,Sun Belt,,DKR-Texas Memorial Stadium,94873
2022,1,regular,2022-09-04,Texas Tech,Murray State,63,10,Big 12,OVC,,Jones AT&T Stadium,
2022,1,regular,2022-09-04,Washington,Kent State,45,20,Pac-12,Mid-American,,Husky Stadium,56112
2022,1,regular,2022-09-04,Washington State,Idaho,24,17,Pac-12,Big Sky,,Gesa Field,25233
2022,1,regular,2022-09-06,Georgia Tech,Clemson,10,41,ACC,ACC,1,Mercedes-Benz Stadium,47712
2022,2,regular,2022-09-09,UCF,Louisville,14,20,American Athletic,ACC,,FBC Mortgage Stadium,44412
2022,2,regular,2022-09-10,Air Force,Colorado,41,10,Mountain West,Pac-12,,Falcon Stadium,33647
2022,2,regular,2022-09-10,Arkansas,South Carolina,44,30,SEC,SEC,,Razorback Stadium,72437
2022,2,regular,2022-09-10,Army,UTSA,38,41,FBS Independents,Conference USA,,Michie Stadium,23551
2022,2,regular,2022-09-10,Auburn,San José State,24,16,SEC,Mountain West,,Jordan-Hare Stadium,83340
2022,2,regular,2022-09-10,Ball State,Western Michigan,30,37,Mid-American,Mid-American,,Scheumann Stadium,12972
2022,2,regular,2022-09-10,Bowling Green,Eastern Kentucky,57,59,Mid-American,Atlantic Sun,,Doyt L. Perry Stadium,17376
2022,2,regular,2022-09-10,Buffalo,Holy Cross,31,37,Mid-American,Patriot,,UB Stadium,16933
2022,2,regular,2022-09-10,California,UNLV,20,14,Pac-12,Mountain West,,California Memorial Stadium,38180
2022,2,regular,2022-09-10,Central Michigan,South Alabama,24,38,Mid-American,Sun Belt,,Kelly/Shorts Stadium,17205
2022,2,regular,2022-09-10,Charlotte,Maryland,21,56,Conference USA,Big Ten,,Jerry Richardson Stadium,12614
2022,2,regular,2022-09-10,Cincinnati,Kennesaw State,63,10,American Athletic,Atlantic Sun,,Nippert Stadium,37014
2022,2,regular,2022-09-10,Clemson,Furman,35,12,ACC,Southern,,"Memorial Stadium (Clemson, SC)",78302
2022,2,regular,2022-09-10,Coastal Carolina,Gardner-Webb,31,27,Sun Belt,Big South,,Brooks Stadium (SC),12261
2022,2,regular,2022-09-10,Colorado State,Middle Tennessee,19,34,Mountain West,Conference USA,,Canvas Stadium,27641
2022,2,regular,2022-09-10,East Carolina,Old Dominion,39,21,American Athletic,Sun Belt,,Dowdy-Ficklen Stadium,36853
2022,2,regular,2022-09-10,Florida,Kentucky,16,26,SEC,SEC,,Ben Hill Griffin Stadium,89993
2022,2,regular,2022-09-10,Florida Atlantic,SE Louisiana,42,9,Conference USA,Southland,,FAU Stadium,17532
2022,2,regular,2022-09-10,Georgia,Samford,33,0,SEC,Southern,,Sanford Stadium,92746
2022,2,regular,2022-09-10,Georgia State,North Carolina,28,35,Sun Belt,ACC,,Center Parc Stadium,17687
2022,2,regular,2022-09-10,Georgia Tech,Western Carolina,35,17,ACC,Southern,,Bobby Dodd Stadium,36486
2022,2,regular,2022-09-10,Illinois,Virginia,24,3,Big Ten,ACC,,"Memorial Stadium (Champaign, IL)",33669
2022,2,regular,2022-09-10,Iowa,Iowa State,7,10,Big Ten,Big 12,,Kinnick Stadium,69250
2022,2,regular,2022-09-10,James Madison,Norfolk State,63,7,Sun Belt,MEAC,,Bridgeforth Stadium,23928
2022,2,regular,2022-09-10,Kansas State,Missouri,40,12,Big 12,SEC,,Bill Snyder Family Stadium,51806
2022,2,regular,2022-09-10,LSU,Southern,65,17,SEC,SWAC,,Tiger Stadium (LA),102321
2022,2,regular,2022-09-10,Liberty,UAB,21,14,FBS Independents,Conference USA,,Williams Stadium (VA),18892
2022,2,regular,2022-09-10,Louisiana,Eastern Michigan,49,21,Sun Belt,Mid-American,,Cajun Field,15352
2022,2,regular,2022-09-10,Louisiana Tech,Stephen F. Austin,52,17,Conference USA,Western Athletic,,Joe Aillet Stadium,16094
2022,2,regular,2022-09-10,Miami,Southern Miss,30,7,ACC,Sun Belt,,Hard Rock Stadium,46422
2022,2,regular,2022-09-10,Miami (OH),Robert Morris,31,14,Mid-American,Big South,,Yager Stadium,9828
2022,2,regular,2022-09-10,Michigan State,Akron,52,0,Big Ten,Mid-American,,Spartan Stadium,70079
2022,2,regular,2022-09-10,Minnesota,Western Illinois,62,10,Big Ten,MVFC,,Huntington Bank Stadium,43859
2022,2,regular,2022-09-10,NC State,Charleston Southern,55,3,ACC,Big South,,Carter-Finley Stadium,54169
2022,2,regular,2022-09-10,Navy,Memphis,13,37,American Athletic,American Athletic,,Navy-Marine Corps Memorial Stadium,30082
2022,2,regular,2022-09-10,Nebraska,Georgia Southern,42,45,Big Ten,Sun Belt,,"Memorial Stadium (Lincoln, NE)",86862
2022,2,regular,2022-09-10,Nevada,Incarnate Word,41,55,Mountain West,Southland,,Mackay Stadium,14092
2022,2,regular,2022-09-10,New Mexico,Boise State,14,31,Mountain West,Mountain West,,University Stadium (NM),16157
2022,2,regular,2022-09-10,North Texas,Texas Southern,59,27,Conference USA,SWAC,,DATCU Stadium,15984
2022,2,regular,2022-09-10,Northwestern,Duke,23,31,Big Ten,ACC,,Ryan Field,24622
2022,2,regular,2022-09-10,Notre Dame,Marshall,21,26,FBS Independents,Sun Belt,,Notre Dame Stadium,77622
2022,2,regular,2022-09-10,Ohio State,Arkansas State,45,12,Big Ten,Sun Belt,,Ohio Stadium,100067
2022,2,regular,2022-09-10,Oklahoma,Kent State,33,3,Big 12,Mid-American,,"Memorial Stadium (Norman, OK)",83911
2022,2,regular,2022-09-10,Oklahoma State,Arizona State,34,17,Big 12,Pac-12,,Boone Pickens Stadium,54949
2022,2,regular,2022-09-10,Ole Miss,Central Arkansas,59,3,SEC,Atlantic Sun,,Vaught-Hemingway Stadium,58373
2022,2,regular,2022-09-10,Penn State,Ohio,46,10,Big Ten,Mid-American,,Beaver Stadium,107306
2022,2,regular,2022-09-10,Pittsburgh,Tennessee,27,34,ACC,SEC,,Acrisure Stadium,59785
2022,2,regular,2022-09-10,Purdue,Indiana State,56,0,Big Ten,MVFC,,Ross-Ade Stadium,53676
2022,2,regular,2022-09-10,Rice,McNeese,52,10,Conference USA,Southland,,Rice Stadium,18629
2022,2,regular,2022-09-10,Rutgers,Wagner,66,7,Big Ten,NEC,,SHI Stadium,47621
2022,2,regular,2022-09-10,SMU,Lamar,45,16,American Athletic,Southland,,Gerald J. Ford Stadium,26509
2022,2,regular,2022-09-10,South Florida,Howard,42,20,American Athletic,MEAC,,Raymond James Stadium,28554
2022,2,regular,2022-09-10,Stanford,USC,28,41,Pac-12,Pac-12,,Stanford Stadium,43813
2022,2,regular,2022-09-10,Temple,Lafayette,30,14,American Athletic,Patriot,,Lincoln Financial Field,18430
2022,2,regular,2022-09-10,Texas,Alabama,19,20,Big 12,SEC,,DKR-Texas Memorial Stadium,105213
2022,2,regular,2022-09-10,Texas A&M,App State,14,17,SEC,Sun Belt,,Kyle Field,92664
2022,2,regular,2022-09-10,Texas State,Florida International,41,12,Sun Belt,Conference USA,,Bobcat Stadium (TX),18757
2022,2,regular,2022-09-10,Texas Tech,Houston,33,30,Big 12,American Athletic,,Jones AT&T Stadium,56271
2022,2,regular,2022-09-10,Toledo,Massachusetts,55,10,Mid-American,FBS Independents,,Glass Bowl,20147
2022,2,regular,2022-09-10,Troy,Alabama A&M,38,17,Sun Belt,SWAC,,Veterans Memorial Stadium (AL),26189
2022,2,regular,2022-09-10,Tulane,Alcorn State,52,0,American Athletic,SWAC,,Yulman Stadium,14501
2022,2,regular,2022-09-10,Tulsa,Northern Illinois,38,35,American Athletic,Mid-American,,Chapman Stadium,22113
2022,2,regular,2022-09-10,UCLA,Alabama State,45,7,Pac-12,SWAC,,Rose Bowl,33727
2022,2,regular,2022-09-10,UConn,Syracuse,14,48,FBS Independents,ACC,,Pratt & Whitney Stadium,25114
2022,2,regular,2022-09-10,Utah,Southern Utah,73,7,Pac-12,Western Athletic,,Rice-Eccles Stadium,51531
2022,2,regular,2022-09-10,Utah State,Weber State,7,35,Mountain West,Big Sky,,Maverik Stadium,17781
2022,2,regular,2022-09-10,Vanderbilt,Wake Forest,25,45,SEC,ACC,,FirstBank Stadium,24431
2022,2,regular,2022-09-10,Washington,Portland State,52,6,Pac-12,Big Sky,,Husky Stadium,
2022,2,regular,2022-09-10,West Virginia,Kansas,42,55,Big 12,Big 12,,Milan Puskar Stadium,52188
2022,2,regular,2022-09-10,Wisconsin,Washington State,14,17,Big Ten,Pac-12,,Camp Randall Stadium,74001
2022,2,regular,2022-09-10,Wyoming,Northern Colorado,33,10,Mountain West,Big Sky,,War Memorial Stadium,22863
2022,2,regular,2022-09-11,Arizona,Mississippi State,17,39,Pac-12,SEC,,Arizona Stadium,46275
2022,2,regular,2022-09-11,BYU,Baylor,26,20,FBS Independents,Big 12,,LaVell Edwards Stadium,63470
2022,2,regular,2022-09-11,Fresno State,Oregon State,32,35,Mountain West,Pac-12,,Valley Children's Stadium,41031
2022,2,regular,2022-09-11,Indiana,Idaho,35,22,Big Ten,Big Sky,,"Memorial Stadium (Bloomington, IN)",46785
2022,2,regular,2022-09-11,Michigan,Hawai'i,56,10,Big Ten,Mountain West,,Michigan Stadium,110012
2022,2,regular,2022-09-11,Oregon,Eastern Washington,70,14,Pac-12,Big Sky,,Autzen Stadium,47289
2022,2,regular,2022-09-11,San Diego State,Idaho State,38,7,Mountain West,Big Sky,,Snapdragon Stadium,27865
2022,2,regular,2022-09-11,TCU,Tarleton State,59,17,Big 12,Western Athletic,,Amon G. Carter Stadium,43197
2022,2,regular,2022-09-11,UL Monroe,Nicholls,35,7,Sun Belt,Southland,,Malone Stadium,13536
2022,2,regular,2022-09-11,UTEP,New Mexico State,20,13,Conference USA,FBS Independents,,Sun Bowl,23325
2022,2,regular,2022-09-11,Virginia Tech,Boston College,27,10,ACC,ACC,,Lane Stadium,65632
2022,3,regular,2022-09-16,Louisville,Florida State,31,35,ACC,ACC,,L&N Federal Credit Union Stadium,46459
2022,3,regular,2022-09-17,Alabama,UL Monroe,63,7,SEC,Sun Belt,,Bryant-Denny Stadium,98433
2022,3,regular,2022-09-17,App State,Troy,32,28,Sun Belt,Sun Belt,,Kidd Brewer Stadium,34406
2022,3,regular,2022-09-17,Arkansas,Missouri State,38,27,SEC,MVFC,,Razorback Stadium,74133
2022,3,regular,2022-09-17,Army,Villanova,49,10,FBS Independents,CAA,,Michie Stadium,32320
2022,3,regular,2022-09-17,Auburn,Penn State,12,41,SEC,Big Ten,,Jordan-Hare Stadium,87451
2022,3,regular,2022-09-17,Ball State,Murray State,31,0,Mid-American,OVC,,Scheumann Stadium,14413
2022,3,regular,2022-09-17,Baylor,Texas State,42,7,Big 12,Sun Belt,,McLane Stadium,45597
2022,3,regular,2022-09-17,Boise State,UT Martin,30,7,Mountain West,OVC,,Albertsons Stadium,
2022,3,regular,2022-09-17,Boston College,Maine,38,17,ACC,CAA,,"Alumni Stadium (Chestnut Hill, MA)",34325
2022,3,regular,2022-09-17,Bowling Green,Marshall,34,31,Mid-American,Sun Belt,,Doyt L. Perry Stadium,21158
2022,3,regular,2022-09-17,Central Michigan,Bucknell,41,0,Mid-American,Patriot,,Kelly/Shorts Stadium,21554
2022,3,regular,2022-09-17,Coastal Carolina,Buffalo,38,26,Sun Belt,Mid-American,,Brooks Stadium (SC),13372
2022,3,regular,2022-09-17,Duke,North Carolina A&T,49,20,ACC,Big South,,Wallace Wade Stadium,32802
2022,3,regular,2022-09-17,East Carolina,Campbell,49,10,American Athletic,Big South,,Dowdy-Ficklen Stadium,43036
2022,3,regular,2022-09-17,Florida,South Florida,31,28,SEC,American Athletic,,Ben Hill Griffin Stadium,88496
2022,3,regular,2022-09-17,Florida Atlantic,UCF,14,40,Conference USA,American Athletic,,FAU Stadium,30991
2022,3,regular,2022-09-17,Georgia State,Charlotte,41,42,Sun Belt,Conference USA,,Center Parc Stadium,16433
2022,3,regular,2022-09-17,Georgia Tech,Ole Miss,0,42,ACC,SEC,,Bobby Dodd Stadium,40293
2022,3,regular,2022-09-17,Houston,Kansas,30,48,American Athletic,Big 12,,TDECU Stadium,30317
2022,3,regular,2022-09-17,Indiana,Western Kentucky,33,30,Big Ten,Conference USA,,"Memorial Stadium (Bloomington, IN)",48952
2022,3,regular,2022-09-17,Iowa,Nevada,27,0,Big Ten,Mountain West,,Kinnick Stadium,69250
2022,3,regular,2022-09-17,Iowa State,Ohio,43,10,Big 12,Mid-American,,Jack Trice Stadium,58138
2022,3,regular,2022-09-17,Kansas State,Tulane,10,17,Big 12,American Athletic,,Bill Snyder Family Stadium,50887
2022,3,regular,2022-09-17,Kent State,Long Island University,63,10,Mid-American,NEC,,Dix Stadium,15452
2022,3,regular,2022-09-17,Kentucky,Youngstown State,31,0,SEC,MVFC,,Kroger Field,59308
2022,3,regular,2022-09-17,LSU,Mississippi State,31,16,SEC,SEC,,Tiger Stadium (LA),98520
2022,3,regular,2022-09-17,Maryland,SMU,34,27,Big Ten,American Athletic,,SECU Stadium,31194
2022,3,regular,2022-09-17,Massachusetts,Stony Brook,20,3,FBS Independents,CAA,,Warren McGuirk Alumni Stadium,10011
2022,3,regular,2022-09-17,Memphis,Arkansas State,44,32,American Athletic,Sun Belt,,Simmons Bank Liberty Stadium,
2022,3,regular,2022-09-17,Miami (OH),Cincinnati,17,38,Mid-American,American Athletic,1,Paul Brown Stadium,30109
2022,3,regular,2022-09-17,Michigan,UConn,59,0,Big Ten,FBS Independents,,Michigan Stadium,109639
2022,3,regular,2022-09-17,Middle Tennessee,Tennessee State,49,6,Conference USA,OVC,,"Johnny ""Red"" Floyd Stadium",22227
2022,3,regular,2022-09-17,Minnesota,Colorado,49,7,Big Ten,Pac-12,,Huntington Bank Stadium,42101
2022,3,regular,2022-09-17,Missouri,Abilene Christian,34,17,SEC,Western Athletic,,Memorial Stadium,53253
2022,3,regular,2022-09-17,NC State,Texas Tech,27,14,ACC,Big 12,,Carter-Finley Stadium,56919
2022,3,regular,2022-09-17,Nebraska,Oklahoma,14,49,Big Ten,Big 12,,"Memorial Stadium (Lincoln, NE)",87161
2022,3,regular,2022-09-17,Northern Illinois,Vanderbilt,28,38,Mid-American,SEC,,Huskie Stadium,14110
2022,3,regular,2022-09-17,Northwestern,Southern Illinois,24,31,Big Ten,MVFC,,Ryan Field,23146
2022,3,regular,2022-09-17,Notre Dame,California,24,17,FBS Independents,Pac-12,,Notre Dame Stadium,77622
2022,3,regular,2022-09-17,Ohio State,Toledo,77,21,Big Ten,Mid-American,,Ohio Stadium,105398
2022,3,regular,2022-09-17,Oklahoma State,Arkansas-Pine Bluff,63,7,Big 12,SWAC,,Boone Pickens Stadium,55509
2022,3,regular,2022-09-17,Oregon,BYU,41,20,Pac-12,FBS Independents,,Autzen Stadium,54463
2022,3,regular,2022-09-17,Rice,Louisiana,33,21,Conference USA,Sun Belt,,Rice Stadium,
2022,3,regular,2022-09-17,South Carolina,Georgia,7,48,SEC,SEC,,Williams-Brice Stadium,78212
2022,3,regular,2022-09-17,Southern Miss,Northwestern State,64,10,Sun Belt,Southland,,M. M. Roberts Stadium,26202
2022,3,regular,2022-09-17,Syracuse,Purdue,32,29,ACC,Big Ten,,JMA Wireless Dome,35943
2022,3,regular,2022-09-17,Temple,Rutgers,14,16,American Athletic,Big Ten,,Lincoln Financial Field,33297
2022,3,regular,2022-09-17,Tennessee,Akron,63,6,SEC,Mid-American,,Neyland Stadium,
2022,3,regular,2022-09-17,Tulsa,Jacksonville State,54,17,American Athletic,Atlantic Sun,,Chapman Stadium,17311
2022,3,regular,2022-09-17,UAB,Georgia Southern,35,21,Conference USA,Sun Belt,,Protective Stadium,24302
2022,3,regular,2022-09-17,UCLA,South Alabama,32,31,Pac-12,Sun Belt,,Rose Bowl,29344
2022,3,regular,2022-09-17,UNLV,North Texas,58,27,Mountain West,Conference USA,,Allegiant Stadium,19623
2022,3,regular,2022-09-17,Virginia,Old Dominion,16,14,ACC,Sun Belt,,Scott Stadium,40556
2022,3,regular,2022-09-17,Virginia Tech,Wofford,27,7,ACC,Southern,,Lane Stadium,62043
2022,3,regular,2022-09-17,Wake Forest,Liberty,37,36,ACC,FBS Independents,,Allegacy Federal Credit Union Stadium,32891
2022,3,regular,2022-09-17,Washington,Michigan State,39,28,Pac-12,Big Ten,,Husky Stadium,68161
2022,3,regular,2022-09-17,Washington State,Colorado State,38,7,Pac-12,Mountain West,,Gesa Field,
2022,3,regular,2022-09-17,West Virginia,Towson,65,7,Big 12,CAA,,Milan Puskar Stadium,50703
2022,3,regular,2022-09-17,Western Michigan,Pittsburgh,13,34,Mid-American,ACC,,Waldo Stadium,22875
2022,3,regular,2022-09-17,Wisconsin,New Mexico State,66,7,Big Ten,FBS Independents,,Camp Randall Stadium,73080
2022,3,regular,2022-09-17,Wyoming,Air Force,17,14,Mountain West,Mountain West,,War Memorial Stadium,18277
2022,3,regular,2022-09-18,Arizona,North Dakota State,31,28,Pac-12,MVFC,,Arizona Stadium,41211
2022,3,regular,2022-09-18,Arizona State,Eastern Michigan,21,30,Pac-12,Mid-American,,Mountain America Stadium,43788
2022,3,regular,2022-09-18,Clemson,Louisiana Tech,48,20,ACC,Conference USA,,"Memorial Stadium (Clemson, SC)",80542
2022,3,regular,2022-09-18,Hawai'i,Duquesne,24,14,Mountain West,NEC,,Clarence T.C. Ching Athletics Complex,8991
2022,3,regular,2022-09-18,New Mexico,UTEP,27,10,Mountain West,Conference USA,,University Stadium (NM),15269
2022,3,regular,2022-09-18,Oregon State,Montana State,68,28,Pac-12,Big Sky,1,Providence Park,25218
2022,3,regular,2022-09-18,Texas,UTSA,41,20,Big 12,Conference USA,,DKR-Texas Memorial Stadium,102520
2022,3,regular,2022-09-18,Texas A&M,Miami,17,9,SEC,ACC,,Kyle Field,
2022,3,regular,2022-09-18,USC,Fresno State,45,17,Pac-12,Mountain West,,Los Angeles Memorial Coliseum,67226
2022,3,regular,2022-09-18,Utah,San Diego State,35,7,Pac-12,Mountain West,,Rice-Eccles Stadium,51602
2022,4,regular,2022-09-22,Georgia State,Coastal Carolina,24,41,Sun Belt,Sun Belt,,Center Parc Stadium,13467
2022,4,regular,2022-09-22,Virginia Tech,West Virginia,10,33,ACC,Big 12,,Lane Stadium,65632
2022,4,regular,2022-09-23,Illinois,Chattanooga,31,0,Big Ten,Southern,,"Memorial Stadium (Champaign, IL)",37579
2022,4,regular,2022-09-23,Syracuse,Virginia,22,20,ACC,ACC,,JMA Wireless Dome,34590
2022,4,regular,2022-09-24,Air Force,Nevada,48,20,Mountain West,Mountain West,,Falcon Stadium,20506
2022,4,regular,2022-09-24,Alabama,Vanderbilt,55,3,SEC,SEC,,Bryant-Denny Stadium,96246
2022,4,regular,2022-09-24,App State,James Madison,28,32,Sun Belt,Sun Belt,,Kidd Brewer Stadium,33248
2022,4,regular,2022-09-24,Auburn,Missouri,17,14,SEC,SEC,,Jordan-Hare Stadium,85750
2022,4,regular,2022-09-24,California,Arizona,49,31,Pac-12,Pac-12,,California Memorial Stadium,37216
2022,4,regular,2022-09-24,Cincinnati,Indiana,45,24,American Athletic,Big Ten,,Nippert Stadium,38464
2022,4,regular,2022-09-24,Colorado,UCLA,17,45,Pac-12,Pac-12,,Folsom Field,42848
2022,4,regular,2022-09-24,Colorado State,Sacramento State,10,41,Mountain West,Big Sky,,Canvas Stadium,25445
2022,4,regular,2022-09-24,East Carolina,Navy,20,23,American Athletic,American Athletic,,Dowdy-Ficklen Stadium,39227
2022,4,regular,2022-09-24,Eastern Michigan,Buffalo,31,50,Mid-American,Mid-American,,Rynearson Stadium,14524
2022,4,regular,2022-09-24,Georgia,Kent State,39,22,SEC,Mid-American,,Sanford Stadium,92746
2022,4,regular,2022-09-24,Georgia Southern,Ball State,34,23,Sun Belt,Mid-American,,Allen E. Paulson Stadium,18434
2022,4,regular,2022-09-24,Houston,Rice,34,27,American Athletic,Conference USA,,TDECU Stadium,26377
2022,4,regular,2022-09-24,Iowa State,Baylor,24,31,Big 12,Big 12,,Jack Trice Stadium,58069
2022,4,regular,2022-09-24,Kansas,Duke,35,27,Big 12,ACC,,Memorial Stadium,47233
2022,4,regular,2022-09-24,Kentucky,Northern Illinois,31,23,SEC,Mid-American,,Kroger Field,61579
2022,4,regular,2022-09-24,LSU,New Mexico,38,0,SEC,Mountain West,,Tiger Stadium (LA),100501
2022,4,regular,2022-09-24,Liberty,Akron,21,12,FBS Independents,Mid-American,,Williams Stadium (VA),20004
2022,4,regular,2022-09-24,Louisville,South Florida,41,3,ACC,American Athletic,,L&N Federal Credit Union Stadium,41217
2022,4,regular,2022-09-24,Memphis,North Texas,44,34,American Athletic,Conference USA,,Simmons Bank Liberty Stadium,23203
2022,4,regular,2022-09-24,Miami,Middle Tennessee,31,45,ACC,Conference USA,,Hard Rock Stadium,46713
2022,4,regular,2022-09-24,Michigan,Maryland,34,27,Big Ten,Big Ten,,Michigan Stadium,110225
2022,4,regular,2022-09-24,Michigan State,Minnesota,7,34,Big Ten,Big Ten,,Spartan Stadium,74587
2022,4,regular,2022-09-24,Mississippi State,Bowling Green,45,14,SEC,Mid-American,,Davis Wade Stadium,48376
2022,4,regular,2022-09-24,NC State,UConn,41,10,ACC,FBS Independents,,Carter-Finley Stadium,56919
2022,4,regular,2022-09-24,North Carolina,Notre Dame,32,45,ACC,FBS Independents,,Kenan Stadium,50500
2022,4,regular,2022-09-24,Northwestern,Miami (OH),14,17,Big Ten,Mid-American,,Ryan Field,23773
2022,4,regular,2022-09-24,Ohio,Fordham,59,52,Mid-American,Patriot,,Peden Stadium,19024
2022,4,regular,2022-09-24,Ohio State,Wisconsin,52,21,Big Ten,Big Ten,,Ohio Stadium,105473
2022,4,regular,2022-09-24,Old Dominion,Arkansas State,29,26,Sun Belt,Sun Belt,,S.B. Ballard Stadium,
2022,4,regular,2022-09-24,Ole Miss,Tulsa,35,27,SEC,American Athletic,,Vaught-Hemingway Stadium,60641
2022,4,regular,2022-09-24,Penn State,Central Michigan,33,14,Big Ten,Mid-American,,Beaver Stadium,106624
2022,4,regular,2022-09-24,Pittsburgh,Rhode Island,45,24,ACC,CAA,,Acrisure Stadium,54667
2022,4,regular,2022-09-24,Purdue,Florida Atlantic,28,26,Big Ten,Conference USA,,Ross-Ade Stadium,55137
2022,4,regular,2022-09-24,Rutgers,Iowa,10,27,Big Ten,Big Ten,,SHI Stadium,53117
2022,4,regular,2022-09-24,SMU,TCU,34,42,American Athletic,Big 12,,Gerald J. Ford Stadium,35569
2022,4,regular,2022-09-24,San Diego State,Toledo,17,14,Mountain West,Mid-American,,Snapdragon Stadium,27108
2022,4,regular,2022-09-24,South Alabama,Louisiana Tech,38,14,Sun Belt,Conference USA,,Hancock Whitney Stadium,17939
2022,4,regular,2022-09-24,South Carolina,Charlotte,56,20,SEC,Conference USA,,Williams-Brice Stadium,77982
2022,4,regular,2022-09-24,Temple,Massachusetts,28,0,American Athletic,FBS Independents,,Lincoln Financial Field,14033
2022,4,regular,2022-09-24,Tennessee,Florida,38,33,SEC,SEC,,Neyland Stadium,101915
2022,4,regular,2022-09-24,Texas A&M,Arkansas,23,21,SEC,SEC,1,AT&T Stadium,63580
2022,4,regular,2022-09-24,Texas State,Houston Christian,34,0,Sun Belt,Southland,,Bobcat Stadium (TX),16237
2022,4,regular,2022-09-24,Texas Tech,Texas,37,34,Big 12,Big 12,,Jones AT&T Stadium,60975
2022,4,regular,2022-09-24,Troy,Marshall,16,7,Sun Belt,Sun Belt,,Veterans Memorial Stadium (AL),27514
2022,4,regular,2022-09-24,Tulane,Southern Miss,24,27,American Athletic,Sun Belt,,Yulman Stadium,20422
2022,4,regular,2022-09-24,UCF,Georgia Tech,27,10,American Athletic,ACC,,FBC Mortgage Stadium,
2022,4,regular,2022-09-24,UTEP,Boise State,27,10,Conference USA,Mountain West,,Sun Bowl,11227
2022,4,regular,2022-09-24,UTSA,Texas Southern,52,24,Conference USA,SWAC,,Alamodome,22562
2022,4,regular,2022-09-24,Utah State,UNLV,24,34,Mountain West,Mountain West,,Maverik Stadium,17454
2022,4,regular,2022-09-24,Wake Forest,Clemson,45,51,ACC,ACC,,Allegacy Federal Credit Union Stadium,32903
2022,4,regular,2022-09-24,Washington State,Oregon,41,44,Pac-12,Pac-12,,Gesa Field,33058
2022,4,regular,2022-09-24,Western Kentucky,Florida International,73,0,Conference USA,Conference USA,,Houchens Industries-L.T. Smith Stadium,15127
2022,4,regular,2022-09-25,Arizona State,Utah,13,34,Pac-12,Pac-12,,Mountain America Stadium,39876
2022,4,regular,2022-09-25,BYU,Wyoming,38,24,FBS Independents,Mountain West,,LaVell Edwards Stadium,60092
2022,4,regular,2022-09-25,Florida State,Boston College,44,14,ACC,ACC,,Doak Campbell Stadium,79560
2022,4,regular,2022-09-25,New Mexico State,Hawai'i,45,26,FBS Independents,Mountain West,,Aggie Memorial Stadium,
2022,4,regular,2022-09-25,Oklahoma,Kansas State,34,41,Big 12,Big 12,,"Memorial Stadium (Norman, OK)",84376
2022,4,regular,2022-09-25,Oregon State,USC,14,17,Pac-12,Pac-12,,Reser Stadium,28769
2022,4,regular,2022-09-25,San José State,Western Michigan,34,6,Mountain West,Mid-American,,CEFCU Stadium,17058
2022,4,regular,2022-09-25,UL Monroe,Louisiana,21,17,Sun Belt,Sun Belt,,Malone Stadium,19077
2022,4,regular,2022-09-25,Washington,Stanford,40,22,Pac-12,Pac-12,,Husky Stadium,65438
2022,5,regular,2022-09-29,South Carolina,South Carolina State,50,10,SEC,MEAC,,Williams-Brice Stadium,61551
2022,5,regular,2022-09-30,BYU,Utah State,38,26,FBS Independents,Mountain West,,LaVell Edwards Stadium,59417
2022,5,regular,2022-09-30,Houston,Tulane,24,27,American Athletic,American Athletic,,TDECU Stadium,24319
2022,5,regular,2022-09-30,Middle Tennessee,UTSA,30,45,Conference USA,Conference USA,,"Johnny ""Red"" Floyd Stadium",15020
2022,5,regular,2022-10-01,Air Force,Navy,13,10,Mountain West,American Athletic,,Falcon Stadium,36947
2022,5,regular,2022-10-01,Akron,Bowling Green,28,31,Mid-American,Mid-American,,InfoCision Stadium,8093
2022,5,regular,2022-10-01,App State,The Citadel,49,0,Sun Belt,Southern,,Kidd Brewer Stadium,30789
2022,5,regular,2022-10-01,Arkansas,Alabama,26,49,SEC,SEC,,Razorback Stadium,75579
2022,5,regular,2022-10-01,Arkansas State,UL Monroe,45,28,Sun Belt,Sun Belt,,Centennial Bank Stadium,18172
2022,5,regular,2022-10-01,Army,Georgia State,14,31,FBS Independents,Sun Belt,,Michie Stadium,25752
2022,5,regular,2022-10-01,Auburn,LSU,17,21,SEC,SEC,,Jordan-Hare Stadium,87451
2022,5,regular,2022-10-01,Ball State,Northern Illinois,44,38,Mid-American,Mid-American,,Scheumann Stadium,10012
2022,5,regular,2022-10-01,Baylor,Oklahoma State,25,36,Big 12,Big 12,,McLane Stadium,47979
2022,5,regular,2022-10-01,Boise State,San Diego State,35,13,Mountain West,Mountain West,,Albertsons Stadium,
2022,5,regular,2022-10-01,Boston College,Louisville,34,33,ACC,ACC,,"Alumni Stadium (Chestnut Hill, MA)",38517
2022,5,regular,2022-10-01,Buffalo,Miami (OH),24,20,Mid-American,Mid-American,,UB Stadium,18615
2022,5,regular,2022-10-01,Charlotte,UTEP,35,41,Conference USA,Conference USA,,Jerry Richardson Stadium,9547
2022,5,regular,2022-10-01,Clemson,NC State,30,20,ACC,ACC,,"Memorial Stadium (Clemson, SC)",81500
2022,5,regular,2022-10-01,Coastal Carolina,Georgia Southern,34,30,Sun Belt,Sun Belt,,Brooks Stadium (SC),18756
2022,5,regular,2022-10-01,Duke,Virginia,38,17,ACC,ACC,,Wallace Wade Stadium,15152
2022,5,regular,2022-10-01,Eastern Michigan,Massachusetts,20,13,Mid-American,FBS Independents,,Rynearson Stadium,16478
2022,5,regular,2022-10-01,Florida State,Wake Forest,21,31,ACC,ACC,,Doak Campbell Stadium,69749
2022,5,regular,2022-10-01,Iowa,Michigan,14,27,Big Ten,Big Ten,,Kinnick Stadium,69250
2022,5,regular,2022-10-01,James Madison,Texas State,40,13,Sun Belt,Sun Belt,,Bridgeforth Stadium,25188
2022,5,regular,2022-10-01,Kansas,Iowa State,14,11,Big 12,Big 12,,Memorial Stadium,47233
2022,5,regular,2022-10-01,Kansas State,Texas Tech,37,28,Big 12,Big 12,,Bill Snyder Family Stadium,50782
2022,5,regular,2022-10-01,Kent State,Ohio,31,24,Mid-American,Mid-American,,Dix Stadium,20392
2022,5,regular,2022-10-01,Louisiana,South Alabama,17,20,Sun Belt,Sun Belt,,Cajun Field,20671
2022,5,regular,2022-10-01,Marshall,Gardner-Webb,28,7,Sun Belt,Big South,,Joan C. Edwards Stadium,19845
2022,5,regular,2022-10-01,Maryland,Michigan State,27,13,Big Ten,Big Ten,,SECU Stadium,30559
2022,5,regular,2022-10-01,Memphis,Temple,24,3,American Athletic,American Athletic,,Simmons Bank Liberty Stadium,23239
2022,5,regular,2022-10-01,Minnesota,Purdue,10,20,Big Ten,Big Ten,,Huntington Bank Stadium,48288
2022,5,regular,2022-10-01,Mississippi State,Texas A&M,42,24,SEC,SEC,,Davis Wade Stadium,51930
2022,5,regular,2022-10-01,Missouri,Georgia,22,26,SEC,SEC,,Memorial Stadium,58165
2022,5,regular,2022-10-01,Nebraska,Indiana,35,21,Big Ten,Big Ten,,"Memorial Stadium (Lincoln, NE)",86804
2022,5,regular,2022-10-01,North Carolina,Virginia Tech,41,10,ACC,ACC,,Kenan Stadium,45029
2022,5,regular,2022-10-01,North Texas,Florida Atlantic,45,28,Conference USA,Conference USA,,DATCU Stadium,18274
2022,5,regular,2022-10-01,Ohio State,Rutgers,49,10,Big Ten,Big Ten,,Ohio Stadium,104245
2022,5,regular,2022-10-01,Old Dominion,Liberty,24,38,Sun Belt,FBS Independents,,S.B. Ballard Stadium,18368
2022,5,regular,2022-10-01,Ole Miss,Kentucky,22,19,SEC,SEC,,Vaught-Hemingway Stadium,64828
2022,5,regular,2022-10-01,Penn State,Northwestern,17,7,Big Ten,Big Ten,,Beaver Stadium,105524
2022,5,regular,2022-10-01,Rice,UAB,28,24,Conference USA,Conference USA,,Rice Stadium,21926
2022,5,regular,2022-10-01,South Florida,East Carolina,28,48,American Athletic,American Athletic,1,FAU Stadium,3708
2022,5,regular,2022-10-01,Syracuse,Wagner,59,0,ACC,NEC,,JMA Wireless Dome,33373
2022,5,regular,2022-10-01,TCU,Oklahoma,55,24,Big 12,Big 12,,Amon G. Carter Stadium,49095
2022,5,regular,2022-10-01,Texas,West Virginia,38,20,Big 12,Big 12,,DKR-Texas Memorial Stadium,100740
2022,5,regular,2022-10-01,Toledo,Central Michigan,38,17,Mid-American,Mid-American,,Glass Bowl,22273
2022,5,regular,2022-10-01,Tulsa,Cincinnati,21,31,American Athletic,American Athletic,,Chapman Stadium,21111
2022,5,regular,2022-10-01,UCLA,Washington,40,32,Pac-12,Pac-12,,Rose Bowl,41343
2022,5,regular,2022-10-01,UConn,Fresno State,19,14,FBS Independents,Mountain West,,Pratt & Whitney Stadium,20952
2022,5,regular,2022-10-01,UNLV,New Mexico,31,20,Mountain West,Mountain West,,Allegiant Stadium,21605
2022,5,regular,2022-10-01,Utah,Oregon State,42,16,Pac-12,Pac-12,,Rice-Eccles Stadium,51729
2022,5,regular,2022-10-01,Washington State,California,28,9,Pac-12,Pac-12,,Gesa Field,23021
2022,5,regular,2022-10-01,Western Kentucky,Troy,27,34,Conference USA,Sun Belt,,Houchens Industries-L.T. Smith Stadium,20168
2022,5,regular,2022-10-01,Western Michigan,New Hampshire,44,7,Mid-American,CAA,,Waldo Stadium,20119
2022,5,regular,2022-10-01,Wisconsin,Illinois,10,34,Big Ten,Big Ten,,Camp Randall Stadium,73502
2022,5,regular,2022-10-01,Wyoming,San José State,16,33,Mountain West,Mountain West,,War Memorial Stadium,17765
2022,5,regular,2022-10-02,Arizona,Colorado,43,20,Pac-12,Pac-12,,Arizona Stadium,36591
2022,5,regular,2022-10-02,Florida,Eastern Washington,52,17,SEC,Big Sky,,Ben Hill Griffin Stadium,72462
2022,5,regular,2022-10-02,New Mexico State,Florida International,7,21,FBS Independents,Conference USA,,Aggie Memorial Stadium,10423
2022,5,regular,2022-10-02,Oregon,Stanford,45,27,Pac-12,Pac-12,,Autzen Stadium,52218
2022,5,regular,2022-10-02,Pittsburgh,Georgia Tech,21,26,ACC,ACC,,Acrisure Stadium,46972
2022,5,regular,2022-10-02,USC,Arizona State,42,25,Pac-12,Pac-12,,Los Angeles Memorial Coliseum,62133
2022,6,regular,2022-10-05,UCF,SMU,41,19,American Athletic,American Athletic,,FBC Mortgage Stadium,27495
2022,6,regular,2022-10-07,Memphis,Houston,32,33,American Athletic,American Athletic,,Simmons Bank Liberty Stadium,28126
2022,6,regular,2022-10-07,Rutgers,Nebraska,13,14,Big Ten,Big Ten,,SHI Stadium,53752
2022,6,regular,2022-10-08,Arizona State,Washington,45,38,Pac-12,Pac-12,,Mountain America Stadium,39244
2022,6,regular,2022-10-08,Arkansas State,James Madison,20,42,Sun Belt,Sun Belt,,Centennial Bank Stadium,20083
2022,6,regular,2022-10-08,Boston College,Clemson,3,31,ACC,ACC,,"Alumni Stadium (Chestnut Hill, MA)",42138
2022,6,regular,2022-10-08,Bowling Green,Buffalo,7,38,Mid-American,Mid-American,,Doyt L. Perry Stadium,8724
2022,6,regular,2022-10-08,Central Michigan,Ball State,16,17,Mid-American,Mid-American,,Kelly/Shorts Stadium,22305
2022,6,regular,2022-10-08,Cincinnati,South Florida,28,24,American Athletic,American Athletic,,Nippert Stadium,38577
2022,6,regular,2022-10-08,Florida,Missouri,24,17,SEC,SEC,,Ben Hill Griffin Stadium,88471
2022,6,regular,2022-10-08,Florida International,UConn,12,33,Conference USA,FBS Independents,,FIU Stadium,
2022,6,regular,2022-10-08,Georgia,Auburn,42,10,SEC,SEC,,Sanford Stadium,92746
2022,6,regular,2022-10-08,Georgia State,Georgia Southern,41,33,Sun Belt,Sun Belt,,Center Parc Stadium,20109
2022,6,regular,2022-10-08,Georgia Tech,Duke,23,20,ACC,ACC,,Bobby Dodd Stadium,32041
2022,6,regular,2022-10-08,Illinois,Iowa,9,6,Big Ten,Big Ten,,"Memorial Stadium (Champaign, IL)",44910
2022,6,regular,2022-10-08,Indiana,Michigan,10,31,Big Ten,Big Ten,,"Memorial Stadium (Bloomington, IN)",50805
2022,6,regular,2022-10-08,Iowa State,Kansas State,9,10,Big 12,Big 12,,Jack Trice Stadium,60561
2022,6,regular,2022-10-08,Kansas,TCU,31,38,Big 12,Big 12,,Memorial Stadium,47233
2022,6,regular,2022-10-08,Kentucky,South Carolina,14,24,SEC,SEC,,Kroger Field,61612
2022,6,regular,2022-10-08,LSU,Tennessee,13,40,SEC,SEC,,Tiger Stadium (LA),102321
2022,6,regular,2022-10-08,Louisiana Tech,UTEP,41,31,Conference USA,Conference USA,,Joe Aillet Stadium,16375
2022,6,regular,2022-10-08,Maryland,Purdue,29,31,Big Ten,Big Ten,,SECU Stadium,36204
2022,6,regular,2022-10-08,Massachusetts,Liberty,24,42,FBS Independents,FBS Independents,,Warren McGuirk Alumni Stadium,11217
2022,6,regular,2022-10-08,Miami,North Carolina,24,27,ACC,ACC,,Hard Rock Stadium,
2022,6,regular,2022-10-08,Miami (OH),Kent State,27,24,Mid-American,Mid-American,,Yager Stadium,14366
2022,6,regular,2022-10-08,Michigan State,Ohio State,20,49,Big Ten,Big Ten,,Spartan Stadium,72809
2022,6,regular,2022-10-08,Mississippi State,Arkansas,40,17,SEC,SEC,,Davis Wade Stadium,57849
2022,6,regular,2022-10-08,Navy,Tulsa,53,21,American Athletic,American Athletic,,Navy-Marine Corps Memorial Stadium,
2022,6,regular,2022-10-08,Nevada,Colorado State,14,17,Mountain West,Mountain West,,Mackay Stadium,18255
2022,6,regular,2022-10-08,New Mexico,Wyoming,14,27,Mountain West,Mountain West,,University Stadium (NM),14226
2022,6,regular,2022-10-08,Northern Illinois,Toledo,32,52,Mid-American,Mid-American,,Huskie Stadium,12682
2022,6,regular,2022-10-08,Northwestern,Wisconsin,7,42,Big Ten,Big Ten,,Ryan Field,32121
2022,6,regular,2022-10-08,Notre Dame,BYU,28,20,FBS Independents,FBS Independents,1,Allegiant Stadium,62742
2022,6,regular,2022-10-08,Ohio,Akron,55,34,Mid-American,Mid-American,,Peden Stadium,23108
2022,6,regular,2022-10-08,Oklahoma,Texas,0,49,Big 12,Big 12,1,Cotton Bowl,92100
2022,6,regular,2022-10-08,Oklahoma State,Texas Tech,41,31,Big 12,Big 12,,Boone Pickens Stadium,55509
2022,6,regular,2022-10-08,Pittsburgh,Virginia Tech,45,29,ACC,ACC,,Acrisure Stadium,54677
2022,6,regular,2022-10-08,San José State,UNLV,40,7,Mountain West,Mountain West,,CEFCU Stadium,16669
2022,6,regular,2022-10-08,Texas State,App State,36,24,Sun Belt,Sun Belt,,Bobcat Stadium (TX),25613
2022,6,regular,2022-10-08,Troy,Southern Miss,27,10,Sun Belt,Sun Belt,,Veterans Memorial Stadium (AL),26017
2022,6,regular,2022-10-08,Tulane,East Carolina,24,9,American Athletic,American Athletic,,Yulman Stadium,14193
2022,6,regular,2022-10-08,UAB,Middle Tennessee,41,14,Conference USA,Conference USA,,Protective Stadium,23694
2022,6,regular,2022-10-08,UCLA,Utah,42,32,Pac-12,Pac-12,,Rose Bowl,42038
2022,6,regular,2022-10-08,USC,Washington State,30,14,Pac-12,Pac-12,,Los Angeles Memorial Coliseum,63204
2022,6,regular,2022-10-08,UTSA,Western Kentucky,31,28,Conference USA,Conference USA,,Alamodome,22328
2022,6,regular,2022-10-08,Utah State,Air Force,34,27,Mountain West,Mountain West,,Maverik Stadium,19105
2022,6,regular,2022-10-08,Vanderbilt,Ole Miss,28,52,SEC,SEC,,FirstBank Stadium,31567
2022,6,regular,2022-10-08,Virginia,Louisville,17,34,ACC,ACC,,Scott Stadium,38009
2022,6,regular,2022-10-08,Wake Forest,Army,45,10,ACC,FBS Independents,,Allegacy Federal Credit Union Stadium,32524
2022,6,regular,2022-10-08,Western Michigan,Eastern Michigan,23,45,Mid-American,Mid-American,,Waldo Stadium,10876
2022,6,regular,2022-10-09,Alabama,Texas A&M,24,20,SEC,SEC,,Bryant-Denny Stadium,100077
2022,6,regular,2022-10-09,Arizona,Oregon,22,49,Pac-12,Pac-12,,Arizona Stadium,50800
2022,6,regular,2022-10-09,Boise State,Fresno State,40,20,Mountain West,Mountain West,,Albertsons Stadium,37663
2022,6,regular,2022-10-09,NC State,Florida State,19,17,ACC,ACC,,Carter-Finley Stadium,56919
2022,6,regular,2022-10-09,San Diego State,Hawai'i,16,14,Mountain West,Mountain West,,Snapdragon Stadium,33073
2022,6,regular,2022-10-09,Stanford,Oregon State,27,28,Pac-12,Pac-12,,Stanford Stadium,32482
2022,6,regular,2022-10-09,UL Monroe,Coastal Carolina,21,28,Sun Belt,Sun Belt,,Malone Stadium,18448
2022,7,regular,2022-10-12,Marshall,Louisiana,13,23,Sun Belt,Sun Belt,,Joan C. Edwards Stadium,19905
2022,7,regular,2022-10-13,UCF,Temple,70,13,American Athletic,American Athletic,,FBC Mortgage Stadium,41729
2022,7,regular,2022-10-13,West Virginia,Baylor,43,40,Big 12,Big 12,,Milan Puskar Stadium,45293
2022,7,regular,2022-10-14,SMU,Navy,40,34,American Athletic,American Athletic,,Gerald J. Ford Stadium,24583
2022,7,regular,2022-10-15,Akron,Central Michigan,21,28,Mid-American,Mid-American,,InfoCision Stadium,14814
2022,7,regular,2022-10-15,Army,Colgate,42,17,FBS Independents,Patriot,,Michie Stadium,28896
2022,7,regular,2022-10-15,BYU,Arkansas,35,52,FBS Independents,SEC,,LaVell Edwards Stadium,63470
2022,7,regular,2022-10-15,Ball State,UConn,25,21,Mid-American,FBS Independents,,Scheumann Stadium,10006
2022,7,regular,2022-10-15,Bowling Green,Miami (OH),17,13,Mid-American,Mid-American,,Doyt L. Perry Stadium,7841
2022,7,regular,2022-10-15,Coastal Carolina,Old Dominion,21,49,Sun Belt,Sun Belt,,Brooks Stadium (SC),16814
2022,7,regular,2022-10-15,Colorado,California,20,13,Pac-12,Pac-12,,Folsom Field,50471
2022,7,regular,2022-10-15,Colorado State,Utah State,13,17,Mountain West,Mountain West,,Canvas Stadium,35009
2022,7,regular,2022-10-15,East Carolina,Memphis,47,45,American Athletic,American Athletic,,Dowdy-Ficklen Stadium,38059
2022,7,regular,2022-10-15,Eastern Michigan,Northern Illinois,10,39,Mid-American,Mid-American,,Rynearson Stadium,15100
2022,7,regular,2022-10-15,Florida,LSU,35,45,SEC,SEC,,Ben Hill Griffin Stadium,90585
2022,7,regular,2022-10-15,Florida Atlantic,Rice,17,14,Conference USA,Conference USA,,FAU Stadium,21465
2022,7,regular,2022-10-15,Florida International,UTSA,10,30,Conference USA,Conference USA,,FIU Stadium,14122
2022,7,regular,2022-10-15,Florida State,Clemson,28,34,ACC,ACC,,Doak Campbell Stadium,71098
2022,7,regular,2022-10-15,Georgia,Vanderbilt,55,0,SEC,SEC,,Sanford Stadium,92746
2022,7,regular,2022-10-15,Georgia Southern,James Madison,45,38,Sun Belt,Sun Belt,,Allen E. Paulson Stadium,18738
2022,7,regular,2022-10-15,Illinois,Minnesota,26,14,Big Ten,Big Ten,,"Memorial Stadium (Champaign, IL)",45683
2022,7,regular,2022-10-15,Indiana,Maryland,33,38,Big Ten,Big Ten,,"Memorial Stadium (Bloomington, IN)",41154
2022,7,regular,2022-10-15,Kentucky,Mississippi State,27,17,SEC,SEC,,Kroger Field,61451
2022,7,regular,2022-10-15,Liberty,Gardner-Webb,21,20,FBS Independents,Big South,,Williams Stadium (VA),20924
2022,7,regular,2022-10-15,Massachusetts,Buffalo,7,34,FBS Independents,Mid-American,,Warren McGuirk Alumni Stadium,13378
2022,7,regular,2022-10-15,Michigan,Penn State,41,17,Big Ten,Big Ten,,Michigan Stadium,110812
2022,7,regular,2022-10-15,Michigan State,Wisconsin,34,28,Big Ten,Big Ten,,Spartan Stadium,72526
2022,7,regular,2022-10-15,Middle Tennessee,Western Kentucky,17,35,Conference USA,Conference USA,,"Johnny ""Red"" Floyd Stadium",14806
2022,7,regular,2022-10-15,North Texas,Louisiana Tech,47,27,Conference USA,Conference USA,,DATCU Stadium,16590
2022,7,regular,2022-10-15,Notre Dame,Stanford,14,16,FBS Independents,Pac-12,,Notre Dame Stadium,77622
2022,7,regular,2022-10-15,Oklahoma,Kansas,52,42,Big 12,Big 12,,"Memorial Stadium (Norman, OK)",83874
2022,7,regular,2022-10-15,Ole Miss,Auburn,48,34,SEC,SEC,,Vaught-Hemingway Stadium,65243
2022,7,regular,2022-10-15,Purdue,Nebraska,43,37,Big Ten,Big Ten,,Ross-Ade Stadium,61320
2022,7,regular,2022-10-15,South Alabama,UL Monroe,41,34,Sun Belt,Sun Belt,,Hancock Whitney Stadium,15459
2022,7,regular,2022-10-15,South Florida,Tulane,31,45,American Athletic,American Athletic,,Raymond James Stadium,31053
2022,7,regular,2022-10-15,Southern Miss,Arkansas State,20,19,Sun Belt,Sun Belt,,M. M. Roberts Stadium,27042
2022,7,regular,2022-10-15,Syracuse,NC State,24,9,ACC,ACC,,JMA Wireless Dome,49705
2022,7,regular,2022-10-15,TCU,Oklahoma State,43,40,Big 12,Big 12,,Amon G. Carter Stadium,49594
2022,7,regular,2022-10-15,Tennessee,Alabama,52,49,SEC,SEC,,Neyland Stadium,101915
2022,7,regular,2022-10-15,Texas,Iowa State,24,21,Big 12,Big 12,,DKR-Texas Memorial Stadium,100072
2022,7,regular,2022-10-15,Toledo,Kent State,52,31,Mid-American,Mid-American,,Glass Bowl,19139
2022,7,regular,2022-10-15,Troy,Texas State,17,14,Sun Belt,Sun Belt,,Veterans Memorial Stadium (AL),23480
2022,7,regular,2022-10-15,UAB,Charlotte,34,20,Conference USA,Conference USA,,Protective Stadium,22101
2022,7,regular,2022-10-15,Virginia Tech,Miami,14,20,ACC,ACC,,Lane Stadium,65632
2022,7,regular,2022-10-15,Washington,Arizona,49,39,Pac-12,Pac-12,,Husky Stadium,63189
2022,7,regular,2022-10-15,Western Michigan,Ohio,14,33,Mid-American,Mid-American,,Waldo Stadium,20320
2022,7,regular,2022-10-16,Duke,North Carolina,35,38,ACC,ACC,,Wallace Wade Stadium,40004
2022,7,regular,2022-10-16,Fresno State,San José State,17,10,Mountain West,Mountain West,,Valley Children's Stadium,41031
2022,7,regular,2022-10-16,Hawai'i,Nevada,31,16,Mountain West,Mountain West,,Clarence T.C. Ching Athletics Complex,9231
2022,7,regular,2022-10-16,New Mexico State,New Mexico,21,9,FBS Independents,Mountain West,,Aggie Memorial Stadium,
2022,7,regular,2022-10-16,Oregon State,Washington State,24,10,Pac-12,Pac-12,,Reser Stadium,53609
2022,7,regular,2022-10-16,UNLV,Air Force,7,42,Mountain West,Mountain West,,Allegiant Stadium,23847
2022,7,regular,2022-10-16,Utah,USC,43,42,Pac-12,Pac-12,,Rice-Eccles Stadium,53609
2022,8,regular,2022-10-19,App State,Georgia State,42,17,Sun Belt,Sun Belt,,Kidd Brewer Stadium,31757
2022,8,regular,2022-10-20,Georgia Tech,Virginia,9,16,ACC,ACC,,Bobby Dodd Stadium,29362
2022,8,regular,2022-10-20,South Alabama,Troy,6,10,Sun Belt,Sun Belt,,Hancock Whitney Stadium,
2022,8,regular,2022-10-21,Temple,Tulsa,16,27,American Athletic,American Athletic,,Lincoln Financial Field,13607
2022,8,regular,2022-10-22,Air Force,Boise State,14,19,Mountain West,Mountain West,,Falcon Stadium,25254
2022,8,regular,2022-10-22,Alabama,Mississippi State,30,6,SEC,SEC,,Bryant-Denny Stadium,100077
2022,8,regular,2022-10-22,Army,UL Monroe,48,24,FBS Independents,Sun Belt,,Michie Stadium,30132
2022,8,regular,2022-10-22,Ball State,Eastern Michigan,16,20,Mid-American,Mid-American,,Scheumann Stadium,15698
2022,8,regular,2022-10-22,Baylor,Kansas,35,23,Big 12,Big 12,,McLane Stadium,45882
2022,8,regular,2022-10-22,Buffalo,Toledo,34,27,Mid-American,Mid-American,,UB Stadium,14190
2022,8,regular,2022-10-22,Central Michigan,Bowling Green,18,34,Mid-American,Mid-American,,Kelly/Shorts Stadium,14676
2022,8,regular,2022-10-22,Charlotte,Florida International,15,34,Conference USA,Conference USA,,Jerry Richardson Stadium,10576
2022,8,regular,2022-10-22,Clemson,Syracuse,27,21,ACC,ACC,,"Memorial Stadium (Clemson, SC)",81500
2022,8,regular,2022-10-22,Colorado State,Hawai'i,17,13,Mountain West,Mountain West,,Canvas Stadium,22843
2022,8,regular,2022-10-22,East Carolina,UCF,34,13,American Athletic,American Athletic,,Dowdy-Ficklen Stadium,38245
2022,8,regular,2022-10-22,James Madison,Marshall,12,26,Sun Belt,Sun Belt,,Bridgeforth Stadium,26159
2022,8,regular,2022-10-22,Kent State,Akron,33,27,Mid-American,Mid-American,,Dix Stadium,20472
2022,8,regular,2022-10-22,LSU,Ole Miss,45,20,SEC,SEC,,Tiger Stadium (LA),100821
2022,8,regular,2022-10-22,Liberty,BYU,41,14,FBS Independents,FBS Independents,,Williams Stadium (VA),24012
2022,8,regular,2022-10-22,Louisiana,Arkansas State,38,18,Sun Belt,Sun Belt,,Cajun Field,15017
2022,8,regular,2022-10-22,Louisiana Tech,Rice,41,42,Conference USA,Conference USA,,Joe Aillet Stadium,18300
2022,8,regular,2022-10-22,Maryland,Northwestern,31,24,Big Ten,Big Ten,,SECU Stadium,31418
2022,8,regular,2022-10-22,Miami,Duke,21,45,ACC,ACC,,Hard Rock Stadium,57421
2022,8,regular,2022-10-22,Miami (OH),Western Michigan,10,16,Mid-American,Mid-American,,Yager Stadium,21618
2022,8,regular,2022-10-22,Missouri,Vanderbilt,17,14,SEC,SEC,,Memorial Stadium,60618
2022,8,regular,2022-10-22,Navy,Houston,20,38,American Athletic,American Athletic,,Navy-Marine Corps Memorial Stadium,32443
2022,8,regular,2022-10-22,New Mexico,Fresno State,9,41,Mountain West,Mountain West,,University Stadium (NM),14667
2022,8,regular,2022-10-22,Notre Dame,UNLV,44,21,FBS Independents,Mountain West,,Notre Dame Stadium,73165
2022,8,regular,2022-10-22,Ohio,Northern Illinois,24,17,Mid-American,Mid-American,,Peden Stadium,15922
2022,8,regular,2022-10-22,Ohio State,Iowa,54,10,Big Ten,Big Ten,,Ohio Stadium,104848
2022,8,regular,2022-10-22,Oklahoma State,Texas,41,34,Big 12,Big 12,,Boone Pickens Stadium,55509
2022,8,regular,2022-10-22,Old Dominion,Georgia Southern,23,28,Sun Belt,Sun Belt,,S.B. Ballard Stadium,20162
2022,8,regular,2022-10-22,Oregon,UCLA,45,30,Pac-12,Pac-12,,Autzen Stadium,59962
2022,8,regular,2022-10-22,Penn State,Minnesota,45,17,Big Ten,Big Ten,,Beaver Stadium,109813
2022,8,regular,2022-10-22,Rutgers,Indiana,24,17,Big Ten,Big Ten,,SHI Stadium,43255
2022,8,regular,2022-10-22,SMU,Cincinnati,27,29,American Athletic,American Athletic,,Gerald J. Ford Stadium,23566
2022,8,regular,2022-10-22,South Carolina,Texas A&M,30,24,SEC,SEC,,Williams-Brice Stadium,77837
2022,8,regular,2022-10-22,Stanford,Arizona State,15,14,Pac-12,Pac-12,,Stanford Stadium,25061
2022,8,regular,2022-10-22,Tennessee,UT Martin,65,24,SEC,OVC,,Neyland Stadium,101915
2022,8,regular,2022-10-22,Texas State,Southern Miss,14,20,Sun Belt,Sun Belt,,Bobcat Stadium (TX),16318
2022,8,regular,2022-10-22,Texas Tech,West Virginia,48,10,Big 12,Big 12,,Jones AT&T Stadium,56530
2022,8,regular,2022-10-22,Tulane,Memphis,38,28,American Athletic,American Athletic,,Yulman Stadium,30100
2022,8,regular,2022-10-22,UTEP,Florida Atlantic,24,21,Conference USA,Conference USA,,Sun Bowl,12796
2022,8,regular,2022-10-22,UTSA,North Texas,31,27,Conference USA,Conference USA,,Alamodome,27122
2022,8,regular,2022-10-22,Wake Forest,Boston College,43,15,ACC,ACC,,Allegacy Federal Credit Union Stadium,28530
2022,8,regular,2022-10-22,Western Kentucky,UAB,20,17,Conference USA,Conference USA,,Houchens Industries-L.T. Smith Stadium,16334
2022,8,regular,2022-10-22,Wisconsin,Purdue,35,24,Big Ten,Big Ten,,Camp Randall Stadium,
2022,8,regular,2022-10-23,California,Washington,21,28,Pac-12,Pac-12,,California Memorial Stadium,34601
2022,8,regular,2022-10-23,Louisville,Pittsburgh,24,10,ACC,ACC,,L&N Federal Credit Union Stadium,41840
2022,8,regular,2022-10-23,Nevada,San Diego State,7,23,Mountain West,Mountain West,,Mackay Stadium,16363
2022,8,regular,2022-10-23,Oregon State,Colorado,42,9,Pac-12,Pac-12,,Reser Stadium,27679
2022,8,regular,2022-10-23,TCU,Kansas State,38,28,Big 12,Big 12,,Amon G. Carter Stadium,47881
2022,8,regular,2022-10-23,Wyoming,Utah State,28,14,Mountain West,Mountain West,,War Memorial Stadium,21420
2022,9,regular,2022-10-27,NC State,Virginia Tech,22,21,ACC,ACC,,Carter-Finley Stadium,56919
2022,9,regular,2022-10-27,Southern Miss,Louisiana,39,24,Sun Belt,Sun Belt,,M. M. Roberts Stadium,27332
2022,9,regular,2022-10-28,Washington State,Utah,17,21,Pac-12,Pac-12,,Gesa Field,21179
2022,9,regular,2022-10-29,Akron,Miami (OH),9,27,Mid-American,Mid-American,,InfoCision Stadium,11749
2022,9,regular,2022-10-29,App State,Robert Morris,42,3,Sun Belt,Big South,,Kidd Brewer Stadium,32501
2022,9,regular,2022-10-29,Arizona,USC,37,45,Pac-12,Pac-12,,Arizona Stadium,44006
2022,9,regular,2022-10-29,Arkansas State,South Alabama,3,31,Sun Belt,Sun Belt,,Centennial Bank Stadium,11714
2022,9,regular,2022-10-29,Auburn,Arkansas,27,41,SEC,SEC,,Jordan-Hare Stadium,83792
2022,9,regular,2022-10-29,BYU,East Carolina,24,27,FBS Independents,American Athletic,,LaVell Edwards Stadium,55525
2022,9,regular,2022-10-29,Boise State,Colorado State,49,10,Mountain West,Mountain West,,Albertsons Stadium,33895
2022,9,regular,2022-10-29,California,Oregon,24,42,Pac-12,Pac-12,,California Memorial Stadium,37077
2022,9,regular,2022-10-29,Colorado,Arizona State,34,42,Pac-12,Pac-12,,Folsom Field,40334
2022,9,regular,2022-10-29,Eastern Michigan,Toledo,24,27,Mid-American,Mid-American,,Rynearson Stadium,14270
2022,9,regular,2022-10-29,Florida Atlantic,UAB,24,17,Conference USA,Conference USA,,FAU Stadium,16138
2022,9,regular,2022-10-29,Florida International,Louisiana Tech,42,34,Conference USA,Conference USA,,FIU Stadium,12478
2022,9,regular,2022-10-29,Florida State,Georgia Tech,41,16,ACC,ACC,,Doak Campbell Stadium,61007
2022,9,regular,2022-10-29,Georgia,Florida,42,20,SEC,SEC,1,EverBank Stadium,75868
2022,9,regular,2022-10-29,Georgia State,Old Dominion,31,17,Sun Belt,Sun Belt,,Center Parc Stadium,16203
2022,9,regular,2022-10-29,Houston,South Florida,42,27,American Athletic,American Athletic,,TDECU Stadium,24228
2022,9,regular,2022-10-29,Iowa,Northwestern,33,13,Big Ten,Big Ten,,Kinnick Stadium,69250
2022,9,regular,2022-10-29,Iowa State,Oklahoma,13,27,Big 12,Big 12,,Jack Trice Stadium,58716
2022,9,regular,2022-10-29,Kansas State,Oklahoma State,48,0,Big 12,Big 12,,Bill Snyder Family Stadium,51133
2022,9,regular,2022-10-29,Louisville,Wake Forest,48,21,ACC,ACC,,L&N Federal Credit Union Stadium,39503
2022,9,regular,2022-10-29,Marshall,Coastal Carolina,13,24,Sun Belt,Sun Belt,,Joan C. Edwards Stadium,24954
2022,9,regular,2022-10-29,Massachusetts,New Mexico State,13,23,FBS Independents,FBS Independents,,Warren McGuirk Alumni Stadium,9274
2022,9,regular,2022-10-29,Michigan,Michigan State,29,7,Big Ten,Big Ten,,Michigan Stadium,111083
2022,9,regular,2022-10-29,Minnesota,Rutgers,31,0,Big Ten,Big Ten,,Huntington Bank Stadium,49368
2022,9,regular,2022-10-29,Navy,Temple,27,20,American Athletic,American Athletic,,Navy-Marine Corps Memorial Stadium,31141
2022,9,regular,2022-10-29,Nebraska,Illinois,9,26,Big Ten,Big Ten,,"Memorial Stadium (Lincoln, NE)",86691
2022,9,regular,2022-10-29,Penn State,Ohio State,31,44,Big Ten,Big Ten,,Beaver Stadium,108433
2022,9,regular,2022-10-29,Rice,Charlotte,23,56,Conference USA,Conference USA,,Rice Stadium,18187
2022,9,regular,2022-10-29,South Carolina,Missouri,10,23,SEC,SEC,,Williams-Brice Stadium,77578
2022,9,regular,2022-10-29,Syracuse,Notre Dame,24,41,ACC,FBS Independents,,JMA Wireless Dome,49861
2022,9,regular,2022-10-29,Tennessee,Kentucky,44,6,SEC,SEC,,Neyland Stadium,101915
2022,9,regular,2022-10-29,Texas A&M,Ole Miss,28,31,SEC,SEC,,Kyle Field,101084
2022,9,regular,2022-10-29,Texas Tech,Baylor,17,45,Big 12,Big 12,,Jones AT&T Stadium,60705
2022,9,regular,2022-10-29,Tulsa,SMU,34,45,American Athletic,American Athletic,,Chapman Stadium,22993
2022,9,regular,2022-10-29,UCF,Cincinnati,25,21,American Athletic,American Athletic,,FBC Mortgage Stadium,44313
2022,9,regular,2022-10-29,UConn,Boston College,13,3,FBS Independents,ACC,,Pratt & Whitney Stadium,25527
2022,9,regular,2022-10-29,Virginia,Miami,12,14,ACC,ACC,,Scott Stadium,43714
2022,9,regular,2022-10-29,West Virginia,TCU,31,41,Big 12,Big 12,,Milan Puskar Stadium,50426
2022,9,regular,2022-10-29,Western Kentucky,North Texas,13,40,Conference USA,Conference USA,,Houchens Industries-L.T. Smith Stadium,17194
2022,9,regular,2022-10-30,Fresno State,San Diego State,32,28,Mountain West,Mountain West,,Valley Children's Stadium,37107
2022,9,regular,2022-10-30,Hawai'i,Wyoming,20,27,Mountain West,Mountain West,,Clarence T.C. Ching Athletics Complex,9346
2022,9,regular,2022-10-30,North Carolina,Pittsburgh,42,24,ACC,ACC,,Kenan Stadium,50500
2022,9,regular,2022-10-30,San José State,Nevada,35,28,Mountain West,Mountain West,,CEFCU Stadium,17117
2022,9,regular,2022-10-30,UCLA,Stanford,38,13,Pac-12,Pac-12,,Rose Bowl,43850
2022,9,regular,2022-10-30,UTEP,Middle Tennessee,13,24,Conference USA,Conference USA,,Sun Bowl,10727
2022,10,regular,2022-11-01,Kent State,Ball State,20,27,Mid-American,Mid-American,,Dix Stadium,6455
2022,10,regular,2022-11-01,Ohio,Buffalo,45,24,Mid-American,Mid-American,,Peden Stadium,16401
2022,10,regular,2022-11-02,Bowling Green,Western Michigan,13,9,Mid-American,Mid-American,,Doyt L. Perry Stadium,7589
2022,10,regular,2022-11-02,Northern Illinois,Central Michigan,22,35,Mid-American,Mid-American,,Huskie Stadium,6055
2022,10,regular,2022-11-03,Coastal Carolina,App State,35,28,Sun Belt,Sun Belt,,Brooks Stadium (SC),
2022,10,regular,2022-11-03,Rice,UTEP,37,30,Conference USA,Conference USA,,Rice Stadium,18326
2022,10,regular,2022-11-04,Boston College,Duke,31,38,ACC,ACC,,"Alumni Stadium (Chestnut Hill, MA)",34092
2022,10,regular,2022-11-04,UConn,Massachusetts,27,10,FBS Independents,FBS Independents,,Pratt & Whitney Stadium,23430
2022,10,regular,2022-11-05,Arkansas,Liberty,19,21,SEC,FBS Independents,,Razorback Stadium,70072
2022,10,regular,2022-11-05,Army,Air Force,7,13,FBS Independents,Mountain West,1,Dignity Health Sports Park,33912
2022,10,regular,2022-11-05,Boise State,BYU,28,31,Mountain West,FBS Independents,,Albertsons Stadium,36461
2022,10,regular,2022-11-05,Charlotte,Western Kentucky,7,59,Conference USA,Conference USA,,Jerry Richardson Stadium,10857
2022,10,regular,2022-11-05,Cincinnati,Navy,20,10,American Athletic,American Athletic,,Nippert Stadium,38461
2022,10,regular,2022-11-05,Colorado,Oregon,10,49,Pac-12,Pac-12,,Folsom Field,42089
2022,10,regular,2022-11-05,Georgia,Tennessee,27,13,SEC,SEC,,Sanford Stadium,92746
2022,10,regular,2022-11-05,Georgia Southern,South Alabama,31,38,Sun Belt,Sun Belt,,Allen E. Paulson Stadium,17084
2022,10,regular,2022-11-05,Illinois,Michigan State,15,23,Big Ten,Big Ten,,"Memorial Stadium (Champaign, IL)",56092
2022,10,regular,2022-11-05,Indiana,Penn State,14,45,Big Ten,Big Ten,,"Memorial Stadium (Bloomington, IN)",45142
2022,10,regular,2022-11-05,Iowa State,West Virginia,31,14,Big 12,Big 12,,Jack Trice Stadium,56109
2022,10,regular,2022-11-05,Kansas,Oklahoma State,37,16,Big 12,Big 12,,Memorial Stadium,43606
2022,10,regular,2022-11-05,Kansas State,Texas,27,34,Big 12,Big 12,,Bill Snyder Family Stadium,51216
2022,10,regular,2022-11-05,LSU,Alabama,32,31,SEC,SEC,,Tiger Stadium (LA),102321
2022,10,regular,2022-11-05,Louisiana,Troy,17,23,Sun Belt,Sun Belt,,Cajun Field,7888
2022,10,regular,2022-11-05,Louisiana Tech,Middle Tennessee,40,24,Conference USA,Conference USA,,Joe Aillet Stadium,14298
2022,10,regular,2022-11-05,Louisville,James Madison,34,10,ACC,Sun Belt,,L&N Federal Credit Union Stadium,42157
2022,10,regular,2022-11-05,Memphis,UCF,28,35,American Athletic,American Athletic,,Simmons Bank Liberty Stadium,28048
2022,10,regular,2022-11-05,Miami,Florida State,3,45,ACC,ACC,,Hard Rock Stadium,66200
2022,10,regular,2022-11-05,Mississippi State,Auburn,39,33,SEC,SEC,,Davis Wade Stadium,54769
2022,10,regular,2022-11-05,Missouri,Kentucky,17,21,SEC,SEC,,Memorial Stadium,61047
2022,10,regular,2022-11-05,Nebraska,Minnesota,13,20,Big Ten,Big Ten,,"Memorial Stadium (Lincoln, NE)",86284
2022,10,regular,2022-11-05,North Texas,Florida International,52,14,Conference USA,Conference USA,,DATCU Stadium,22308
2022,10,regular,2022-11-05,Northwestern,Ohio State,7,21,Big Ten,Big Ten,,Ryan Field,42774
2022,10,regular,2022-11-05,Notre Dame,Clemson,35,14,FBS Independents,ACC,,Notre Dame Stadium,77622
2022,10,regular,2022-11-05,Oklahoma,Baylor,35,38,Big 12,Big 12,,"Memorial Stadium (Norman, OK)",83546
2022,10,regular,2022-11-05,Old Dominion,Marshall,0,12,Sun Belt,Sun Belt,,S.B. Ballard Stadium,18327
2022,10,regular,2022-11-05,Pittsburgh,Syracuse,19,9,ACC,ACC,,Acrisure Stadium,50888
2022,10,regular,2022-11-05,Purdue,Iowa,3,24,Big Ten,Big Ten,,Ross-Ade Stadium,61320
2022,10,regular,2022-11-05,Rutgers,Michigan,17,52,Big Ten,Big Ten,,SHI Stadium,51117
2022,10,regular,2022-11-05,SMU,Houston,77,63,American Athletic,American Athletic,,Gerald J. Ford Stadium,23841
2022,10,regular,2022-11-05,San Diego State,UNLV,14,10,Mountain West,Mountain West,,Snapdragon Stadium,28854
2022,10,regular,2022-11-05,Southern Miss,Georgia State,14,42,Sun Belt,Sun Belt,,M. M. Roberts Stadium,22128
2022,10,regular,2022-11-05,Stanford,Washington State,14,52,Pac-12,Pac-12,,Stanford Stadium,26515
2022,10,regular,2022-11-05,TCU,Texas Tech,34,24,Big 12,Big 12,,Amon G. Carter Stadium,44760
2022,10,regular,2022-11-05,Temple,South Florida,54,28,American Athletic,American Athletic,,Lincoln Financial Field,13862
2022,10,regular,2022-11-05,Texas A&M,Florida,24,41,SEC,SEC,,Kyle Field,97797
2022,10,regular,2022-11-05,Tulsa,Tulane,13,27,American Athletic,American Athletic,,Chapman Stadium,15122
2022,10,regular,2022-11-05,UAB,UTSA,38,44,Conference USA,Conference USA,,Protective Stadium,17205
2022,10,regular,2022-11-05,UL Monroe,Texas State,31,30,Sun Belt,Sun Belt,,Malone Stadium,11376
2022,10,regular,2022-11-05,Utah,Arizona,45,20,Pac-12,Pac-12,,Rice-Eccles Stadium,51919
2022,10,regular,2022-11-05,Utah State,New Mexico,27,10,Mountain West,Mountain West,,Maverik Stadium,14154
2022,10,regular,2022-11-05,Vanderbilt,South Carolina,27,38,SEC,SEC,,FirstBank Stadium,28553
2022,10,regular,2022-11-05,Virginia,North Carolina,28,31,ACC,ACC,,Scott Stadium,44156
2022,10,regular,2022-11-05,Virginia Tech,Georgia Tech,27,28,ACC,ACC,,Lane Stadium,62843
2022,10,regular,2022-11-05,Washington,Oregon State,24,21,Pac-12,Pac-12,,Husky Stadium,62142
2022,10,regular,2022-11-05,Wisconsin,Maryland,23,10,Big Ten,Big Ten,,Camp Randall Stadium,74057
2022,10,regular,2022-11-06,Arizona State,UCLA,36,50,Pac-12,Pac-12,,Mountain America Stadium,51265
2022,10,regular,2022-11-06,Fresno State,Hawai'i,55,13,Mountain West,Mountain West,,Valley Children's Stadium,39005
2022,10,regular,2022-11-06,NC State,Wake Forest,30,21,ACC,ACC,,Carter-Finley Stadium,56919
2022,10,regular,2022-11-06,San José State,Colorado State,28,16,Mountain West,Mountain West,,CEFCU Stadium,16382
2022,10,regular,2022-11-06,USC,California,41,35,Pac-12,Pac-12,,Los Angeles Memorial Coliseum,64916
2022,11,regular,2022-11-09,Akron,Eastern Michigan,28,34,Mid-American,Mid-American,,InfoCision Stadium,12589
2022,11,regular,2022-11-09,Miami (OH),Ohio,21,37,Mid-American,Mid-American,,Yager Stadium,15490
2022,11,regular,2022-11-09,Toledo,Ball State,28,21,Mid-American,Mid-American,,Glass Bowl,14462
2022,11,regular,2022-11-10,Bowling Green,Kent State,6,40,Mid-American,Mid-American,,Doyt L. Perry Stadium,7291
2022,11,regular,2022-11-10,Central Michigan,Buffalo,31,27,Mid-American,Mid-American,,Kelly/Shorts Stadium,9103
2022,11,regular,2022-11-10,Western Michigan,Northern Illinois,21,24,Mid-American,Mid-American,,Waldo Stadium,
2022,11,regular,2022-11-11,Louisiana,Georgia Southern,36,17,Sun Belt,Sun Belt,,Cajun Field,11512
2022,11,regular,2022-11-11,Memphis,Tulsa,26,10,American Athletic,American Athletic,,Simmons Bank Liberty Stadium,23980
2022,11,regular,2022-11-12,Air Force,New Mexico,35,3,Mountain West,Mountain West,,Falcon Stadium,20827
2022,11,regular,2022-11-12,Arkansas,LSU,10,13,SEC,SEC,,Razorback Stadium,73750
2022,11,regular,2022-11-12,Arkansas State,Massachusetts,35,33,Sun Belt,FBS Independents,,Centennial Bank Stadium,14354
2022,11,regular,2022-11-12,Cincinnati,East Carolina,27,25,American Athletic,American Athletic,,Nippert Stadium,38199
2022,11,regular,2022-11-12,Clemson,Louisville,31,16,ACC,ACC,,"Memorial Stadium (Clemson, SC)",80176
2022,11,regular,2022-11-12,Duke,Virginia Tech,24,7,ACC,ACC,,Wallace Wade Stadium,20857
2022,11,regular,2022-11-12,Florida,South Carolina,38,6,SEC,SEC,,Ben Hill Griffin Stadium,89454
2022,11,regular,2022-11-12,Georgia State,UL Monroe,28,31,Sun Belt,Sun Belt,,Center Parc Stadium,12241
2022,11,regular,2022-11-12,Georgia Tech,Miami,14,35,ACC,ACC,,Bobby Dodd Stadium,33857
2022,11,regular,2022-11-12,Houston,Temple,43,36,American Athletic,American Athletic,,TDECU Stadium,21731
2022,11,regular,2022-11-12,Illinois,Purdue,24,31,Big Ten,Big Ten,,"Memorial Stadium (Champaign, IL)",45574
2022,11,regular,2022-11-12,Iowa,Wisconsin,24,10,Big Ten,Big Ten,,Kinnick Stadium,69250
2022,11,regular,2022-11-12,Kentucky,Vanderbilt,21,24,SEC,SEC,,Kroger Field,57474
2022,11,regular,2022-11-12,Marshall,App State,28,21,Sun Belt,Sun Belt,,Joan C. Edwards Stadium,24312
2022,11,regular,2022-11-12,Michigan,Nebraska,34,3,Big Ten,Big Ten,,Michigan Stadium,110192
2022,11,regular,2022-11-12,Michigan State,Rutgers,27,21,Big Ten,Big Ten,,Spartan Stadium,63267
2022,11,regular,2022-11-12,Middle Tennessee,Charlotte,24,14,Conference USA,Conference USA,,"Johnny ""Red"" Floyd Stadium",9806
2022,11,regular,2022-11-12,Minnesota,Northwestern,31,3,Big Ten,Big Ten,,Huntington Bank Stadium,41686
2022,11,regular,2022-11-12,NC State,Boston College,20,21,ACC,ACC,,Carter-Finley Stadium,56919
2022,11,regular,2022-11-12,Navy,Notre Dame,32,35,American Athletic,FBS Independents,1,M&T Bank Stadium,62124
2022,11,regular,2022-11-12,New Mexico State,Lamar,51,14,FBS Independents,Southland,,Aggie Memorial Stadium,8367
2022,11,regular,2022-11-12,Ohio State,Indiana,56,14,Big Ten,Big Ten,,Ohio Stadium,103888
2022,11,regular,2022-11-12,Oklahoma State,Iowa State,20,14,Big 12,Big 12,,Boone Pickens Stadium,55509
2022,11,regular,2022-11-12,Old Dominion,James Madison,3,37,Sun Belt,Sun Belt,,S.B. Ballard Stadium,21934
2022,11,regular,2022-11-12,Ole Miss,Alabama,24,30,SEC,SEC,,Vaught-Hemingway Stadium,65923
2022,11,regular,2022-11-12,Penn State,Maryland,30,0,Big Ten,Big Ten,,Beaver Stadium,108796
2022,11,regular,2022-11-12,South Alabama,Texas State,38,21,Sun Belt,Sun Belt,,Hancock Whitney Stadium,14518
2022,11,regular,2022-11-12,South Florida,SMU,23,41,American Athletic,American Athletic,,Raymond James Stadium,24907
2022,11,regular,2022-11-12,Tennessee,Missouri,66,24,SEC,SEC,,Neyland Stadium,101915
2022,11,regular,2022-11-12,Troy,Army,10,9,Sun Belt,FBS Independents,,Veterans Memorial Stadium (AL),31010
2022,11,regular,2022-11-12,Tulane,UCF,31,38,American Athletic,American Athletic,,Yulman Stadium,27317
2022,11,regular,2022-11-12,UAB,North Texas,41,21,Conference USA,Conference USA,,Protective Stadium,18504
2022,11,regular,2022-11-12,UConn,Liberty,36,33,FBS Independents,FBS Independents,,Pratt & Whitney Stadium,15107
2022,11,regular,2022-11-12,UNLV,Fresno State,30,37,Mountain West,Mountain West,,Allegiant Stadium,23146
2022,11,regular,2022-11-12,USC,Colorado,55,17,Pac-12,Pac-12,,Los Angeles Memorial Coliseum,61206
2022,11,regular,2022-11-12,UTSA,Louisiana Tech,51,7,Conference USA,Conference USA,,Alamodome,25409
2022,11,regular,2022-11-12,Virginia,Pittsburgh,7,37,ACC,ACC,,Scott Stadium,36529
2022,11,regular,2022-11-12,Washington State,Arizona State,28,18,Pac-12,Pac-12,,Gesa Field,24039
2022,11,regular,2022-11-12,West Virginia,Oklahoma,23,20,Big 12,Big 12,,Milan Puskar Stadium,50281
2022,11,regular,2022-11-12,Western Kentucky,Rice,45,10,Conference USA,Conference USA,,Houchens Industries-L.T. Smith Stadium,10127
2022,11,regular,2022-11-13,Auburn,Texas A&M,13,10,SEC,SEC,,Jordan-Hare Stadium,87451
2022,11,regular,2022-11-13,Baylor,Kansas State,3,31,Big 12,Big 12,,McLane Stadium,47686
2022,11,regular,2022-11-13,Coastal Carolina,Southern Miss,26,23,Sun Belt,Sun Belt,,Brooks Stadium (SC),16203
2022,11,regular,2022-11-13,Colorado State,Wyoming,13,14,Mountain West,Mountain West,,Canvas Stadium,30300
2022,11,regular,2022-11-13,Florida International,Florida Atlantic,7,52,Conference USA,Conference USA,,FIU Stadium,
2022,11,regular,2022-11-13,Hawai'i,Utah State,34,41,Mountain West,Mountain West,,Clarence T.C. Ching Athletics Complex,8862
2022,11,regular,2022-11-13,Mississippi State,Georgia,19,45,SEC,SEC,,Davis Wade Stadium,60352
2022,11,regular,2022-11-13,Nevada,Boise State,3,41,Mountain West,Mountain West,,Mackay Stadium,14960
2022,11,regular,2022-11-13,Oregon,Washington,34,37,Pac-12,Pac-12,,Autzen Stadium,58756
2022,11,regular,2022-11-13,Oregon State,California,38,10,Pac-12,Pac-12,,Reser Stadium,28642
2022,11,regular,2022-11-13,San Diego State,San José State,43,27,Mountain West,Mountain West,,Snapdragon Stadium,28406
2022,11,regular,2022-11-13,Syracuse,Florida State,3,38,ACC,ACC,,JMA Wireless Dome,45213
2022,11,regular,2022-11-13,Texas,TCU,10,17,Big 12,Big 12,,DKR-Texas Memorial Stadium,104203
2022,11,regular,2022-11-13,Texas Tech,Kansas,43,28,Big 12,Big 12,,Jones AT&T Stadium,55613
2022,11,regular,2022-11-13,UCLA,Arizona,28,34,Pac-12,Pac-12,,Rose Bowl,44430
2022,11,regular,2022-11-13,Utah,Stanford,42,7,Pac-12,Pac-12,,Rice-Eccles Stadium,51951
2022,11,regular,2022-11-13,Wake Forest,North Carolina,34,36,ACC,ACC,,Allegacy Federal Credit Union Stadium,31346
2022,12,regular,2022-11-16,Ball State,Ohio,18,32,Mid-American,Mid-American,,Scheumann Stadium,6722
2022,12,regular,2022-11-16,Kent State,Eastern Michigan,24,31,Mid-American,Mid-American,,Dix Stadium,3998
2022,12,regular,2022-11-16,Toledo,Bowling Green,35,42,Mid-American,Mid-American,,Glass Bowl,20027
2022,12,regular,2022-11-17,Central Michigan,Western Michigan,10,12,Mid-American,Mid-American,,Kelly/Shorts Stadium,10097
2022,12,regular,2022-11-17,Northern Illinois,Miami (OH),23,29,Mid-American,Mid-American,,Huskie Stadium,5187
2022,12,regular,2022-11-18,Tulane,SMU,59,24,American Athletic,American Athletic,,Yulman Stadium,20894
2022,12,regular,2022-11-19,Alabama,Austin Peay,34,0,SEC,Atlantic Sun,,Bryant-Denny Stadium,99639
2022,12,regular,2022-11-19,App State,Old Dominion,27,14,Sun Belt,Sun Belt,,Kidd Brewer Stadium,32096
2022,12,regular,2022-11-19,Arizona,Washington State,20,31,Pac-12,Pac-12,,Arizona Stadium,40717
2022,12,regular,2022-11-19,Arizona State,Oregon State,7,31,Pac-12,Pac-12,,Mountain America Stadium,39551
2022,12,regular,2022-11-19,Army,UConn,34,17,FBS Independents,FBS Independents,,Michie Stadium,31229
2022,12,regular,2022-11-19,Auburn,Western Kentucky,41,17,SEC,Conference USA,,Jordan-Hare Stadium,81824
2022,12,regular,2022-11-19,BYU,Utah Tech,52,26,FBS Independents,Western Athletic,,LaVell Edwards Stadium,56069
2022,12,regular,2022-11-19,Baylor,TCU,28,29,Big 12,Big 12,,McLane Stadium,44393
2022,12,regular,2022-11-19,California,Stanford,27,20,Pac-12,Pac-12,,California Memorial Stadium,51892
2022,12,regular,2022-11-19,Charlotte,Louisiana Tech,26,21,Conference USA,Conference USA,,Jerry Richardson Stadium,7905
2022,12,regular,2022-11-19,Clemson,Miami,40,10,ACC,ACC,,"Memorial Stadium (Clemson, SC)",81340
2022,12,regular,2022-11-19,East Carolina,Houston,3,42,American Athletic,American Athletic,,Dowdy-Ficklen Stadium,42475
2022,12,regular,2022-11-19,Florida State,Louisiana,49,17,ACC,Sun Belt,,Doak Campbell Stadium,58597
2022,12,regular,2022-11-19,Georgia Southern,Marshall,10,23,Sun Belt,Sun Belt,,Allen E. Paulson Stadium,16153
2022,12,regular,2022-11-19,James Madison,Georgia State,42,40,Sun Belt,Sun Belt,,Bridgeforth Stadium,20055
2022,12,regular,2022-11-19,Kansas,Texas,14,55,Big 12,Big 12,,Memorial Stadium,38246
2022,12,regular,2022-11-19,Kentucky,Georgia,6,16,SEC,SEC,,Kroger Field,61022
2022,12,regular,2022-11-19,Liberty,Virginia Tech,22,23,FBS Independents,ACC,,Williams Stadium (VA),23055
2022,12,regular,2022-11-19,Louisville,NC State,25,10,ACC,ACC,,L&N Federal Credit Union Stadium,38974
2022,12,regular,2022-11-19,Maryland,Ohio State,30,43,Big Ten,Big Ten,,SECU Stadium,41969
2022,12,regular,2022-11-19,Memphis,North Alabama,59,0,American Athletic,Atlantic Sun,,Simmons Bank Liberty Stadium,24154
2022,12,regular,2022-11-19,Michigan,Illinois,19,17,Big Ten,Big Ten,,Michigan Stadium,110433
2022,12,regular,2022-11-19,Michigan State,Indiana,31,39,Big Ten,Big Ten,,Spartan Stadium,56136
2022,12,regular,2022-11-19,Middle Tennessee,Florida Atlantic,49,21,Conference USA,Conference USA,,"Johnny ""Red"" Floyd Stadium",9958
2022,12,regular,2022-11-19,Minnesota,Iowa,10,13,Big Ten,Big Ten,,Huntington Bank Stadium,45816
2022,12,regular,2022-11-19,Mississippi State,East Tennessee State,56,7,SEC,Southern,,Davis Wade Stadium,49117
2022,12,regular,2022-11-19,Nebraska,Wisconsin,14,15,Big Ten,Big Ten,,"Memorial Stadium (Lincoln, NE)",86068
2022,12,regular,2022-11-19,New Mexico,San Diego State,10,34,Mountain West,Mountain West,,University Stadium (NM),14309
2022,12,regular,2022-11-19,North Carolina,Georgia Tech,17,21,ACC,ACC,,Kenan Stadium,44940
2022,12,regular,2022-11-19,Notre Dame,Boston College,44,0,FBS Independents,ACC,,Notre Dame Stadium,73503
2022,12,regular,2022-11-19,Pittsburgh,Duke,28,26,ACC,ACC,,Acrisure Stadium,45362
2022,12,regular,2022-11-19,Purdue,Northwestern,17,9,Big Ten,Big Ten,,Ross-Ade Stadium,54016
2022,12,regular,2022-11-19,Rice,UTSA,7,41,Conference USA,Conference USA,,Rice Stadium,18249
2022,12,regular,2022-11-19,Rutgers,Penn State,10,55,Big Ten,Big Ten,,SHI Stadium,55676
2022,12,regular,2022-11-19,Southern Miss,South Alabama,20,27,Sun Belt,Sun Belt,,M. M. Roberts Stadium,24032
2022,12,regular,2022-11-19,Temple,Cincinnati,3,23,American Athletic,American Athletic,,Lincoln Financial Field,14673
2022,12,regular,2022-11-19,Texas A&M,Massachusetts,20,3,SEC,FBS Independents,,Kyle Field,90177
2022,12,regular,2022-11-19,Texas State,Arkansas State,16,13,Sun Belt,Sun Belt,,Bobcat Stadium (TX),13287
2022,12,regular,2022-11-19,Troy,UL Monroe,34,16,Sun Belt,Sun Belt,,Veterans Memorial Stadium (AL),23864
2022,12,regular,2022-11-19,Tulsa,South Florida,48,42,American Athletic,American Athletic,,Chapman Stadium,13819
2022,12,regular,2022-11-19,UCF,Navy,14,17,American Athletic,American Athletic,,FBC Mortgage Stadium,44813
2022,12,regular,2022-11-19,UTEP,Florida International,40,6,Conference USA,Conference USA,,Sun Bowl,10758
2022,12,regular,2022-11-19,Vanderbilt,Florida,31,24,SEC,SEC,,FirstBank Stadium,30136
2022,12,regular,2022-11-19,West Virginia,Kansas State,31,48,Big 12,Big 12,,Milan Puskar Stadium,37055
2022,12,regular,2022-11-20,Air Force,Colorado State,24,12,Mountain West,Mountain West,,Falcon Stadium,20121
2022,12,regular,2022-11-20,Arkansas,Ole Miss,42,27,SEC,SEC,,Razorback Stadium,71365
2022,12,regular,2022-11-20,Hawai'i,UNLV,31,25,Mountain West,Mountain West,,Clarence T.C. Ching Athletics Complex,9346
2022,12,regular,2022-11-20,Iowa State,Texas Tech,10,14,Big 12,Big 12,,Jack Trice Stadium,52676
2022,12,regular,2022-11-20,LSU,UAB,41,10,SEC,Conference USA,,Tiger Stadium (LA),97367
2022,12,regular,2022-11-20,Missouri,New Mexico State,45,14,SEC,FBS Independents,,Memorial Stadium,45231
2022,12,regular,2022-11-20,Nevada,Fresno State,14,41,Mountain West,Mountain West,,Mackay Stadium,12501
2022,12,regular,2022-11-20,Oklahoma,Oklahoma State,28,13,Big 12,Big 12,,"Memorial Stadium (Norman, OK)",84132
2022,12,regular,2022-11-20,Oregon,Utah,20,17,Pac-12,Pac-12,,Autzen Stadium,57009
2022,12,regular,2022-11-20,South Carolina,Tennessee,63,38,SEC,SEC,,Williams-Brice Stadium,79041
2022,12,regular,2022-11-20,UCLA,USC,45,48,Pac-12,Pac-12,,Rose Bowl,70865
2022,12,regular,2022-11-20,Utah State,San José State,35,31,Mountain West,Mountain West,,Maverik Stadium,13677
2022,12,regular,2022-11-20,Wake Forest,Syracuse,45,35,ACC,ACC,,Allegacy Federal Credit Union Stadium,26164
2022,12,regular,2022-11-20,Washington,Colorado,54,7,Pac-12,Pac-12,,Husky Stadium,67969
2022,12,regular,2022-11-20,Wyoming,Boise State,17,20,Mountain West,Mountain West,,War Memorial Stadium,17345
2022,13,regular,2022-11-23,Miami (OH),Ball State,18,17,Mid-American,Mid-American,,Yager Stadium,14021
2022,13,regular,2022-11-23,Ohio,Bowling Green,38,14,Mid-American,Mid-American,,Peden Stadium,11693
2022,13,regular,2022-11-25,Arizona,Arizona State,38,35,Pac-12,Pac-12,,Arizona Stadium,49865
2022,13,regular,2022-11-25,Boise State,Utah State,42,23,Mountain West,Mountain West,,Albertsons Stadium,31402
2022,13,regular,2022-11-25,California,UCLA,28,35,Pac-12,Pac-12,,California Memorial Stadium,36221
2022,13,regular,2022-11-25,Cincinnati,Tulane,24,27,American Athletic,American Athletic,,Nippert Stadium,37989
2022,13,regular,2022-11-25,Colorado State,New Mexico,17,0,Mountain West,Mountain West,,Canvas Stadium,20107
2022,13,regular,2022-11-25,Eastern Michigan,Central Michigan,38,19,Mid-American,Mid-American,,Rynearson Stadium,14213
2022,13,regular,2022-11-25,Iowa,Nebraska,17,24,Big Ten,Big Ten,,Kinnick Stadium,69250
2022,13,regular,2022-11-25,Missouri,Arkansas,29,27,SEC,SEC,,Memorial Stadium,55710
2022,13,regular,2022-11-25,North Carolina,NC State,27,30,ACC,ACC,,Kenan Stadium,50500
2022,13,regular,2022-11-25,Ole Miss,Mississippi State,22,24,SEC,SEC,,Vaught-Hemingway Stadium,62487
2022,13,regular,2022-11-25,Texas,Baylor,38,27,Big 12,Big 12,,DKR-Texas Memorial Stadium,94076
2022,13,regular,2022-11-25,Western Michigan,Toledo,20,14,Mid-American,Mid-American,,Waldo Stadium,8645
2022,13,regular,2022-11-26,Alabama,Auburn,49,27,SEC,SEC,,Bryant-Denny Stadium,100077
2022,13,regular,2022-11-26,Arkansas State,Troy,19,48,Sun Belt,Sun Belt,,Centennial Bank Stadium,9376
2022,13,regular,2022-11-26,Buffalo,Kent State,27,30,Mid-American,Mid-American,,UB Stadium,12302
2022,13,regular,2022-11-26,Clemson,South Carolina,30,31,ACC,SEC,,"Memorial Stadium (Clemson, SC)",81500
2022,13,regular,2022-11-26,Colorado,Utah,21,63,Pac-12,Pac-12,,Folsom Field,33474
2022,13,regular,2022-11-26,Duke,Wake Forest,34,31,ACC,ACC,,Wallace Wade Stadium,17492
2022,13,regular,2022-11-26,Florida Atlantic,Western Kentucky,31,32,Conference USA,Conference USA,,FAU Stadium,18376
2022,13,regular,2022-11-26,Florida International,Middle Tennessee,28,33,Conference USA,Conference USA,,FIU Stadium,14768
2022,13,regular,2022-11-26,Florida State,Florida,45,38,ACC,SEC,,Doak Campbell Stadium,79560
2022,13,regular,2022-11-26,Fresno State,Wyoming,30,0,Mountain West,Mountain West,,Valley Children's Stadium,40214
2022,13,regular,2022-11-26,Georgia,Georgia Tech,37,14,SEC,ACC,,Sanford Stadium,92746
2022,13,regular,2022-11-26,Georgia Southern,App State,51,48,Sun Belt,Sun Belt,,Allen E. Paulson Stadium,18683
2022,13,regular,2022-11-26,Indiana,Purdue,16,30,Big Ten,Big Ten,,"Memorial Stadium (Bloomington, IN)",51148
2022,13,regular,2022-11-26,James Madison,Coastal Carolina,47,7,Sun Belt,Sun Belt,,Bridgeforth Stadium,19393
2022,13,regular,2022-11-26,Kentucky,Louisville,26,13,SEC,ACC,,Kroger Field,58727
2022,13,regular,2022-11-26,Liberty,New Mexico State,14,49,FBS Independents,FBS Independents,,Williams Stadium (VA),18837
2022,13,regular,2022-11-26,Louisiana Tech,UAB,27,37,Conference USA,Conference USA,,Joe Aillet Stadium,10342
2022,13,regular,2022-11-26,Marshall,Georgia State,28,23,Sun Belt,Sun Belt,,Joan C. Edwards Stadium,17427
2022,13,regular,2022-11-26,Maryland,Rutgers,37,0,Big Ten,Big Ten,,SECU Stadium,21974
2022,13,regular,2022-11-26,Massachusetts,Army,7,44,FBS Independents,FBS Independents,,Warren McGuirk Alumni Stadium,10119
2022,13,regular,2022-11-26,North Texas,Rice,21,17,Conference USA,Conference USA,,DATCU Stadium,15688
2022,13,regular,2022-11-26,Northern Illinois,Akron,12,44,Mid-American,Mid-American,,Huskie Stadium,6288
2022,13,regular,2022-11-26,Northwestern,Illinois,3,41,Big Ten,Big Ten,,Ryan Field,25744
2022,13,regular,2022-11-26,Ohio State,Michigan,23,45,Big Ten,Big Ten,,Ohio Stadium,106787
2022,13,regular,2022-11-26,Oklahoma State,West Virginia,19,24,Big 12,Big 12,,Boone Pickens Stadium,52353
2022,13,regular,2022-11-26,Oregon State,Oregon,38,34,Pac-12,Pac-12,,Reser Stadium,28840
2022,13,regular,2022-11-26,Penn State,Michigan State,35,16,Big Ten,Big Ten,,Beaver Stadium,105154
2022,13,regular,2022-11-26,SMU,Memphis,34,31,American Athletic,American Athletic,,Gerald J. Ford Stadium,15759
2022,13,regular,2022-11-26,San José State,Hawai'i,27,14,Mountain West,Mountain West,,CEFCU Stadium,15012
2022,13,regular,2022-11-26,South Alabama,Old Dominion,27,20,Sun Belt,Sun Belt,,Hancock Whitney Stadium,11407
2022,13,regular,2022-11-26,TCU,Iowa State,62,14,Big 12,Big 12,,Amon G. Carter Stadium,44846
2022,13,regular,2022-11-26,Temple,East Carolina,46,49,American Athletic,American Athletic,,Lincoln Financial Field,13037
2022,13,regular,2022-11-26,Texas State,Louisiana,13,41,Sun Belt,Sun Belt,,Bobcat Stadium (TX),
2022,13,regular,2022-11-26,UL Monroe,Southern Miss,10,20,Sun Belt,Sun Belt,,Malone Stadium,4465
2022,13,regular,2022-11-26,UNLV,Nevada,27,22,Mountain West,Mountain West,,Allegiant Stadium,24873
2022,13,regular,2022-11-26,UTSA,UTEP,34,31,Conference USA,Conference USA,,Alamodome,26061
2022,13,regular,2022-11-26,Wisconsin,Minnesota,16,23,Big Ten,Big Ten,,Camp Randall Stadium,75728
2022,13,regular,2022-11-27,Boston College,Syracuse,23,32,ACC,ACC,,"Alumni Stadium (Chestnut Hill, MA)",30113
2022,13,regular,2022-11-27,Houston,Tulsa,30,37,American Athletic,American Athletic,,TDECU Stadium,21785
2022,13,regular,2022-11-27,Kansas State,Kansas,47,27,Big 12,Big 12,,Bill Snyder Family Stadium,51861
2022,13,regular,2022-11-27,Miami,Pittsburgh,16,42,ACC,ACC,,Hard Rock Stadium,46428
2022,13,regular,2022-11-27,San Diego State,Air Force,3,13,Mountain West,Mountain West,,Snapdragon Stadium,25223
2022,13,regular,2022-11-27,South Florida,UCF,39,46,American Athletic,American Athletic,,Raymond James Stadium,32217
2022,13,regular,2022-11-27,Stanford,BYU,26,35,Pac-12,FBS Independents,,Stanford Stadium,25094
2022,13,regular,2022-11-27,Texas A&M,LSU,38,23,SEC,SEC,,Kyle Field,93578
2022,13,regular,2022-11-27,Texas Tech,Oklahoma,51,48,Big 12,Big 12,,Jones AT&T Stadium,51126
2022,13,regular,2022-11-27,USC,Notre Dame,38,27,Pac-12,FBS Independents,,Los Angeles Memorial Coliseum,72613
2022,13,regular,2022-11-27,Vanderbilt,Tennessee,0,56,SEC,SEC,,FirstBank Stadium,40350
2022,13,regular,2022-11-27,Washington State,Washington,33,51,Pac-12,Pac-12,,Gesa Field,33152
2022,14,regular,2022-12-02,Buffalo,Akron,23,22,Mid-American,Mid-American,,UB Stadium,12247
2022,14,regular,2022-12-03,Boise State,Fresno State,16,28,Mountain West,Mountain West,,Albertsons Stadium,24037
2022,14,regular,2022-12-03,Georgia,LSU,50,30,SEC,SEC,1,Mercedes-Benz Stadium,74810
2022,14,regular,2022-12-03,New Mexico State,Valparaiso,65,3,FBS Independents,Pioneer,,Aggie Memorial Stadium,14784
2022,14,regular,2022-12-03,Ohio,Toledo,7,17,Mid-American,Mid-American,1,Ford Field,15550
2022,14,regular,2022-12-03,TCU,Kansas State,28,31,Big 12,Big 12,1,AT&T Stadium,69335
2022,14,regular,2022-12-03,Troy,Coastal Carolina,45,26,Sun Belt,Sun Belt,,Veterans Memorial Stadium (AL),21554
2022,14,regular,2022-12-03,Tulane,UCF,45,28,American Athletic,American Athletic,,Yulman Stadium,30118
2022,14,regular,2022-12-03,USC,Utah,24,47,Pac-12,Pac-12,1,Allegiant Stadium,61195
2022,14,regular,2022-12-03,UTSA,North Texas,48,27,Conference USA,Conference USA,,Alamodome,41412
2022,14,regular,2022-12-04,Michigan,Purdue,43,22,Big Ten,Big Ten,1,Lucas Oil Stadium,67107
2022,14,regular,2022-12-04,North Carolina,Clemson,10,39,ACC,ACC,1,Bank of America Stadium,64115
2022,15,regular,2022-12-10,Army,Navy,20,17,FBS Independents,American Athletic,1,Lincoln Financial Field,69117
2022,1,postseason,2022-12-16,Troy,UTSA,18,12,Sun Belt,Conference USA,1,Orlando City Stadium,
2022,1,postseason,2022-12-16,UAB,Miami (OH),24,20,Conference USA,Mid-American,1,Thomas A. Robinson National Stadium,12172
2022,1,postseason,2022-12-17,Fresno State,Washington State,29,6,Mountain West,Pac-12,1,SoFi Stadium,32405
2022,1,postseason,2022-12-17,Louisville,Cincinnati,24,7,ACC,American Athletic,1,Fenway Park,
2022,1,postseason,2022-12-17,Oregon State,Florida,30,3,Pac-12,SEC,1,Allegiant Stadium,29750
2022,1,postseason,2022-12-17,Southern Miss,Rice,38,24,Sun Belt,Conference USA,1,Hancock Whitney Stadium,20512
2022,1,postseason,2022-12-18,BYU,SMU,24,23,FBS Independents,American Athletic,1,University Stadium (NM),22209
2022,1,postseason,2022-12-18,Boise State,North Texas,35,32,Mountain West,Conference USA,1,Toyota Stadium,12211
2022,1,postseason,2022-12-19,UConn,Marshall,14,28,FBS Independents,Sun Belt,1,Brooks Stadium (SC),12023
2022,1,postseason,2022-12-20,San José State,Eastern Michigan,27,41,Mountain West,Mid-American,1,Albertsons Stadium,10122
2022,1,postseason,2022-12-21,Toledo,Liberty,21,19,Mid-American,FBS Independents,1,FAU Stadium,20622
2022,1,postseason,2022-12-22,South Alabama,Western Kentucky,23,44,Sun Belt,Conference USA,1,Caesars Superdome,13456
2022,1,postseason,2022-12-23,Air Force,Baylor,30,15,Mountain West,Big 12,1,Amon G. Carter Stadium,
2022,1,postseason,2022-12-23,Houston,Louisiana,23,16,American Athletic,Sun Belt,1,Independence Stadium,23410
2022,1,postseason,2022-12-23,Missouri,Wake Forest,17,27,SEC,ACC,1,Raymond James Stadium,34370
2022,1,postseason,2022-12-25,San Diego State,Middle Tennessee,23,25,Mountain West,Conference USA,1,Clarence T.C. Ching Athletics Complex,6605
2022,1,postseason,2022-12-26,Bowling Green,New Mexico State,19,24,Mid-American,FBS Independents,1,Ford Field,22987
2022,1,postseason,2022-12-27,Buffalo,Georgia Southern,23,21,Mid-American,Sun Belt,1,Cramton Bowl,15322
2022,1,postseason,2022-12-27,East Carolina,Coastal Carolina,53,29,American Athletic,Sun Belt,1,Protective Stadium,
2022,1,postseason,2022-12-27,Utah State,Memphis,10,38,Mountain West,American Athletic,1,Gerald J. Ford Stadium,
2022,1,postseason,2022-12-28,Arkansas,Kansas,55,53,SEC,Big 12,1,Simmons Bank Liberty Stadium,52847
2022,1,postseason,2022-12-28,Duke,UCF,30,13,ACC,American Athletic,1,Navy-Marine Corps Memorial Stadium,17974
2022,1,postseason,2022-12-28,Oklahoma State,Wisconsin,17,24,Big 12,Big Ten,1,Chase Field,23187
2022,1,postseason,2022-12-29,Florida State,Oklahoma,35,32,ACC,Big 12,1,Camping World Stadium,61520
2022,1,postseason,2022-12-29,Minnesota,Syracuse,28,20,Big Ten,ACC,1,Yankee Stadium,31131
2022,1,postseason,2022-12-29,North Carolina,Oregon,27,28,ACC,Pac-12,1,Petco Park,36242
2022,1,postseason,2022-12-29,Ole Miss,Texas Tech,25,42,SEC,Big 12,1,NRG Stadium,53251
2022,1,postseason,2022-12-30,NC State,Maryland,12,16,ACC,Big Ten,1,Bank of America Stadium,37228
2022,1,postseason,2022-12-30,South Carolina,Notre Dame,38,45,SEC,FBS Independents,1,EverBank Stadium,67383
2022,1,postseason,2022-12-30,UCLA,Pittsburgh,35,37,Pac-12,ACC,1,Sun Bowl,41104
2022,1,postseason,2022-12-30,Washington,Texas,27,20,Pac-12,Big 12,1,Alamodome,62730
2022,1,postseason,2022-12-30,Wyoming,Ohio,27,30,Mountain West,Mid-American,1,Arizona Stadium,27691
2022,1,postseason,2022-12-31,Clemson,Tennessee,14,31,ACC,SEC,1,Hard Rock Stadium,63912
2022,1,postseason,2022-12-31,Kansas State,Alabama,20,45,Big 12,SEC,1,Caesars Superdome,60437
2022,1,postseason,2022-12-31,Kentucky,Iowa,0,21,SEC,Big Ten,1,Nissan Stadium,
2022,1,postseason,2022-12-31,Michigan,TCU,45,51,Big Ten,Big 12,1,State Farm Stadium,71723
2022,1,postseason,2023-01-01,Georgia,Ohio State,42,41,SEC,Big Ten,1,Mercedes-Benz Stadium,79330
2022,1,postseason,2023-01-02,Illinois,Mississippi State,10,19,Big Ten,SEC,1,Raymond James Stadium,35797
2022,1,postseason,2023-01-02,Purdue,LSU,7,63,Big Ten,SEC,1,Camping World Stadium,42791
2022,1,postseason,2023-01-02,USC,Tulane,45,46,Pac-12,American Athletic,1,AT&T Stadium,55329
2022,1,postseason,2023-01-02,Utah,Penn State,21,35,Pac-12,Big Ten,1,Rose Bowl,94873
2022,1,postseason,2023-01-10,Georgia,TCU,65,7,SEC,Big 12,1,SoFi Stadium,72628
2023,1,regular,2023-08-26,Jacksonville State,UTEP,17,14,Conference USA,Conference USA,,AmFirst Stadium,17982
2023,1,regular,2023-08-26,New Mexico State,Massachusetts,30,41,Conference USA,FBS Independents,,Aggie Memorial Stadium,15356
2023,1,regular,2023-08-26,Notre Dame,Navy,42,3,FBS Independents,American Athletic,1,Aviva Stadium,49000
2023,1,regular,2023-08-26,San Diego State,Ohio,20,13,Mountain West,Mid-American,,Snapdragon Stadium,23867
2023,1,regular,2023-08-26,Vanderbilt,Hawai'i,35,28,SEC,Mountain West,,FirstBank Stadium,21407
2023,1,regular,2023-08-27,Louisiana Tech,Florida International,22,17,Conference USA,Conference USA,,Joe Aillet Stadium,16299
2023,1,regular,2023-08-27,USC,San José State,56,28,Pac-12,Mountain West,,Los Angeles Memorial Coliseum,63411
2023,1,regular,2023-08-31,Georgia State,Rhode Island,42,35,Sun Belt,Coastal Athletic,,Center Parc Stadium,15546
2023,1,regular,2023-08-31,UCF,Kent State,56,6,Big 12,Mid-American,,FBC Mortgage Stadium,44088
2023,1,regular,2023-08-31,UConn,NC State,14,24,FBS Independents,ACC,,Pratt & Whitney Stadium,36526
2023,1,regular,2023-08-31,Wake Forest,Elon,37,17,ACC,Coastal Athletic,,Allegacy Federal Credit Union Stadium,30028
2023,1,regular,2023-08-31,Western Michigan,Saint Francis,35,17,Mid-American,NEC,,Waldo Stadium,19432
2023,1,regular,2023-09-01,Arizona State,Southern Utah,24,21,Pac-12,UAC,,Mountain America Stadium,47773
2023,1,regular,2023-09-01,Eastern Michigan,Howard,33,23,Mid-American,MEAC,,Rynearson Stadium,18065
2023,1,regular,2023-09-01,Georgia Tech,Louisville,34,39,ACC,ACC,1,Mercedes-Benz Stadium,
2023,1,regular,2023-09-01,Miami,Miami (OH),38,3,ACC,Mid-American,,Hard Rock Stadium,49024
2023,1,regular,2023-09-01,Michigan State,Central Michigan,31,7,Big Ten,Mid-American,,Spartan Stadium,
2023,1,regular,2023-09-01,Minnesota,Nebraska,13,10,Big Ten,Big Ten,,Huntington Bank Stadium,53629
2023,1,regular,2023-09-01,Missouri,South Dakota,35,10,SEC,MVFC,,Memorial Stadium,50434
2023,1,regular,2023-09-01,Tulsa,Arkansas-Pine Bluff,42,7,American Athletic,SWAC,,Chapman Stadium,17529
2023,1,regular,2023-09-01,UAB,North Carolina A&T,35,6,American Athletic,Coastal Athletic,,Protective Stadium,25363
2023,1,regular,2023-09-01,Utah,Florida,24,11,Pac-12,SEC,,Rice-Eccles Stadium,53644
2023,1,regular,2023-09-02,Air Force,Robert Morris,42,7,Mountain West,Big South,,Falcon Stadium,30142
2023,1,regular,2023-09-02,Alabama,Middle Tennessee,56,7,SEC,Conference USA,,Bryant-Denny Stadium,100077
2023,1,regular,2023-09-02,App State,Gardner-Webb,45,24,Sun Belt,Big South-OVC,,Kidd Brewer Stadium,36075
2023,1,regular,2023-09-02,Arkansas,Western Carolina,56,13,SEC,Southern,1,War Memorial Stadium (AR),44397
2023,1,regular,2023-09-02,Auburn,Massachusetts,59,14,SEC,FBS Independents,,Jordan-Hare Stadium,88043
2023,1,regular,2023-09-02,Baylor,Texas State,31,42,Big 12,Sun Belt,,McLane Stadium,44945
2023,1,regular,2023-09-02,Boston College,Northern Illinois,24,27,ACC,Mid-American,,"Alumni Stadium (Chestnut Hill, MA)",30122
2023,1,regular,2023-09-02,Charlotte,South Carolina State,24,3,American Athletic,MEAC,,Jerry Richardson Stadium,15622
2023,1,regular,2023-09-02,Cincinnati,Eastern Kentucky,66,13,Big 12,UAC,,Nippert Stadium,38193
2023,1,regular,2023-09-02,Colorado State,Washington State,24,50,Mountain West,Pac-12,,Canvas Stadium,31497
2023,1,regular,2023-09-02,Florida Atlantic,Monmouth,42,20,American Athletic,Coastal Athletic,,FAU Stadium,20893
2023,1,regular,2023-09-02,Florida International,Maine,14,12,Conference USA,Coastal Athletic,,FIU Stadium,16878
2023,1,regular,2023-09-02,Georgia,UT Martin,48,7,SEC,Big South-OVC,,Sanford Stadium,92746
2023,1,regular,2023-09-02,Georgia Southern,The Citadel,34,0,Sun Belt,Southern,,Allen E. Paulson Stadium,17803
2023,1,regular,2023-09-02,Hawai'i,Stanford,24,37,Mountain West,Pac-12,,Clarence T.C. Ching Athletics Complex,13739
2023,1,regular,2023-09-02,Houston,UTSA,17,14,Big 12,American Athletic,,TDECU Stadium,37862
2023,1,regular,2023-09-02,Illinois,Toledo,30,28,Big Ten,Mid-American,,"Memorial Stadium (Champaign, IL)",48898
2023,1,regular,2023-09-02,Indiana,Ohio State,3,23,Big Ten,Big Ten,,"Memorial Stadium (Bloomington, IN)",50050
2023,1,regular,2023-09-02,Iowa,Utah State,24,14,Big Ten,Mountain West,,Kinnick Stadium,69250
2023,1,regular,2023-09-02,Iowa State,Northern Iowa,30,9,Big 12,MVFC,,Jack Trice Stadium,58248
2023,1,regular,2023-09-02,Jacksonville State,East Tennessee State,49,3,Conference USA,Southern,,AmFirst Stadium,21276
2023,1,regular,2023-09-02,James Madison,Bucknell,38,3,Sun Belt,Patriot,,Bridgeforth Stadium,23756
2023,1,regular,2023-09-02,Kansas,Missouri State,48,17,Big 12,MVFC,,Memorial Stadium,41091
2023,1,regular,2023-09-02,Kansas State,Southeast Missouri State,45,0,Big 12,Big South-OVC,,Bill Snyder Family Stadium,52066
2023,1,regular,2023-09-02,Kentucky,Ball State,44,14,SEC,Mid-American,,Kroger Field,58286
2023,1,regular,2023-09-02,Liberty,Bowling Green,34,24,Conference USA,Mid-American,,Williams Stadium (VA),18811
2023,1,regular,2023-09-02,Louisiana,Northwestern State,38,13,Sun Belt,Southland,,Cajun Field,18186
2023,1,regular,2023-09-02,Marshall,UAlbany,21,17,Sun Belt,Coastal Athletic,,Joan C. Edwards Stadium,25101
2023,1,regular,2023-09-02,Maryland,Towson,38,6,Big Ten,Coastal Athletic,,SECU Stadium,37241
2023,1,regular,2023-09-02,Memphis,Bethune-Cookman,56,14,American Athletic,SWAC,,Simmons Bank Liberty Stadium,26632
2023,1,regular,2023-09-02,Michigan,East Carolina,30,3,Big Ten,American Athletic,,Michigan Stadium,109480
2023,1,regular,2023-09-02,Mississippi State,SE Louisiana,48,7,SEC,Southland,,Davis Wade Stadium,50041
2023,1,regular,2023-09-02,North Carolina,South Carolina,31,17,ACC,SEC,1,Bank of America Stadium,68723
2023,1,regular,2023-09-02,North Texas,California,21,58,American Athletic,Pac-12,,DATCU Stadium,21350
2023,1,regular,2023-09-02,Notre Dame,Tennessee State,56,3,FBS Independents,Big South-OVC,,Notre Dame Stadium,77622
2023,1,regular,2023-09-02,Ohio,Long Island University,27,10,Mid-American,NEC,,Peden Stadium,18453
2023,1,regular,2023-09-02,Oklahoma,Arkansas State,73,0,Big 12,Sun Belt,,"Memorial Stadium (Norman, OK)",83221
2023,1,regular,2023-09-02,Oklahoma State,Central Arkansas,27,13,Big 12,UAC,,Boone Pickens Stadium,53855
2023,1,regular,2023-09-02,Ole Miss,Mercer,73,7,SEC,Southern,,Vaught-Hemingway Stadium,60097
2023,1,regular,2023-09-02,Oregon,Portland State,81,7,Pac-12,Big Sky,,Autzen Stadium,45723
2023,1,regular,2023-09-02,Penn State,West Virginia,38,15,Big Ten,Big 12,,Beaver Stadium,110747
2023,1,regular,2023-09-02,Pittsburgh,Wofford,45,7,ACC,Southern,,Acrisure Stadium,45096
2023,1,regular,2023-09-02,Purdue,Fresno State,35,39,Big Ten,Mountain West,,Ross-Ade Stadium,54898
2023,1,regular,2023-09-02,SMU,Louisiana Tech,38,14,American Athletic,Conference USA,,Gerald J. Ford Stadium,21490
2023,1,regular,2023-09-02,Southern Miss,Alcorn State,40,14,Sun Belt,SWAC,,M. M. Roberts Stadium,30335
2023,1,regular,2023-09-02,Syracuse,Colgate,65,0,ACC,Patriot,,JMA Wireless Dome,32465
2023,1,regular,2023-09-02,TCU,Colorado,42,45,Big 12,Pac-12,,Amon G. Carter Stadium,53294
2023,1,regular,2023-09-02,Temple,Akron,24,21,American Athletic,Mid-American,,Lincoln Financial Field,12456
2023,1,regular,2023-09-02,Tennessee,Virginia,49,13,SEC,ACC,1,Nissan Stadium,69507
2023,1,regular,2023-09-02,Texas,Rice,37,10,Big 12,American Athletic,,DKR-Texas Memorial Stadium,98017
2023,1,regular,2023-09-02,Texas A&M,New Mexico,52,10,SEC,Mountain West,,Kyle Field,97560
2023,1,regular,2023-09-02,Troy,Stephen F. Austin,48,30,Sun Belt,UAC,,Veterans Memorial Stadium (AL),28179
2023,1,regular,2023-09-02,UL Monroe,Army,17,13,Sun Belt,FBS Independents,,Malone Stadium,18914
2023,1,regular,2023-09-02,UNLV,Bryant,44,14,Mountain West,Big South-OVC,,Allegiant Stadium,20347
2023,1,regular,2023-09-02,USC,Nevada,66,14,Pac-12,Mountain West,,Los Angeles Memorial Coliseum,62916
2023,1,regular,2023-09-02,Vanderbilt,Alabama A&M,47,13,SEC,SWAC,,FirstBank Stadium,22035
2023,1,regular,2023-09-02,Washington,Boise State,56,19,Pac-12,Mountain West,,Husky Stadium,67475
2023,1,regular,2023-09-02,Western Kentucky,South Florida,41,24,Conference USA,American Athletic,,Houchens Industries-L.T. Smith Stadium,15438
2023,1,regular,2023-09-02,Wisconsin,Buffalo,38,17,Big Ten,Mid-American,,Camp Randall Stadium,76224
2023,1,regular,2023-09-02,Wyoming,Texas Tech,35,33,Mountain West,Big 12,,War Memorial Stadium,26450
2023,1,regular,2023-09-03,Arizona,Northern Arizona,38,3,Pac-12,Big Sky,,Arizona Stadium,48159
2023,1,regular,2023-09-03,BYU,Sam Houston,14,0,Big 12,Conference USA,,LaVell Edwards Stadium,59006
2023,1,regular,2023-09-03,Florida State,LSU,45,24,ACC,SEC,1,Camping World Stadium,65429
2023,1,regular,2023-09-03,New Mexico State,Western Illinois,58,21,Conference USA,MVFC,,Aggie Memorial Stadium,17943
2023,1,regular,2023-09-03,Rutgers,Northwestern,24,7,Big Ten,Big Ten,,SHI Stadium,53026
2023,1,regular,2023-09-03,San Diego State,Idaho State,36,28,Mountain West,Big Sky,,Snapdragon Stadium,22345
2023,1,regular,2023-09-03,San José State,Oregon State,17,42,Mountain West,Pac-12,,CEFCU Stadium,20337
2023,1,regular,2023-09-03,Tulane,South Alabama,37,17,American Athletic,Sun Belt,,Yulman Stadium,26973
2023,1,regular,2023-09-03,UCLA,Coastal Carolina,27,13,Pac-12,Sun Belt,,Rose Bowl,43705
2023,1,regular,2023-09-03,UTEP,Incarnate Word,28,14,Conference USA,Southland,,Sun Bowl,30738
2023,1,regular,2023-09-03,Virginia Tech,Old Dominion,36,17,ACC,Sun Belt,,Lane Stadium,65632
2023,1,regular,2023-09-05,Duke,Clemson,28,7,ACC,ACC,,Wallace Wade Stadium,31638
2023,2,regular,2023-09-07,Louisville,Murray State,56,0,ACC,MVFC,,L&N Federal Credit Union Stadium,45273
2023,2,regular,2023-09-08,Indiana,Indiana State,41,7,Big Ten,MVFC,,"Memorial Stadium (Bloomington, IN)",42775
2023,2,regular,2023-09-08,Kansas,Illinois,34,23,Big 12,Big Ten,,Memorial Stadium,45809
2023,2,regular,2023-09-09,Akron,Morgan State,24,21,Mid-American,MEAC,,InfoCision Stadium,8213
2023,2,regular,2023-09-09,Alabama,Texas,24,34,SEC,Big 12,,Bryant-Denny Stadium,100077
2023,2,regular,2023-09-09,Arkansas,Kent State,28,6,SEC,Mid-American,,Razorback Stadium,73173
2023,2,regular,2023-09-09,Arkansas State,Memphis,3,37,Sun Belt,American Athletic,,Centennial Bank Stadium,18724
2023,2,regular,2023-09-09,Army,Delaware State,57,0,FBS Independents,MEAC,,Michie Stadium,25153
2023,2,regular,2023-09-09,BYU,Southern Utah,41,16,Big 12,UAC,,LaVell Edwards Stadium,60834
2023,2,regular,2023-09-09,Baylor,Utah,13,20,Big 12,Pac-12,,McLane Stadium,43732
2023,2,regular,2023-09-09,Boise State,UCF,16,18,Mountain West,Big 12,,Albertsons Stadium,36447
2023,2,regular,2023-09-09,Boston College,Holy Cross,31,28,ACC,Patriot,,"Alumni Stadium (Chestnut Hill, MA)",40122
2023,2,regular,2023-09-09,Bowling Green,Eastern Illinois,38,15,Mid-American,Big South-OVC,,Doyt L. Perry Stadium,12312
2023,2,regular,2023-09-09,Buffalo,Fordham,37,40,Mid-American,Patriot,,UB Stadium,15854
2023,2,regular,2023-09-09,Central Michigan,New Hampshire,45,42,Mid-American,Coastal Athletic,,Kelly/Shorts Stadium,17302
2023,2,regular,2023-09-09,Clemson,Charleston Southern,66,17,ACC,Big South-OVC,,"Memorial Stadium (Clemson, SC)",81500
2023,2,regular,2023-09-09,Coastal Carolina,Jacksonville State,30,16,Sun Belt,Conference USA,,Brooks Stadium (SC),16006
2023,2,regular,2023-09-09,Colorado,Nebraska,36,14,Pac-12,Big Ten,,Folsom Field,53241
2023,2,regular,2023-09-09,Duke,Lafayette,42,7,ACC,Patriot,,Wallace Wade Stadium,17481
2023,2,regular,2023-09-09,East Carolina,Marshall,13,31,American Athletic,Sun Belt,,Dowdy-Ficklen Stadium,38211
2023,2,regular,2023-09-09,Florida,McNeese,49,7,SEC,Southland,,Ben Hill Griffin Stadium,88163
2023,2,regular,2023-09-09,Florida Atlantic,Ohio,10,17,American Athletic,Mid-American,,FAU Stadium,17934
2023,2,regular,2023-09-09,Florida International,North Texas,46,39,Conference USA,American Athletic,,FIU Stadium,15754
2023,2,regular,2023-09-09,Georgia,Ball State,45,3,SEC,Mid-American,,Sanford Stadium,92746
2023,2,regular,2023-09-09,Georgia Southern,UAB,49,35,Sun Belt,American Athletic,,Allen E. Paulson Stadium,20103
2023,2,regular,2023-09-09,Georgia State,UConn,35,14,Sun Belt,FBS Independents,,Center Parc Stadium,15186
2023,2,regular,2023-09-09,Georgia Tech,South Carolina State,48,13,ACC,MEAC,,Bobby Dodd Stadium,31452
2023,2,regular,2023-09-09,Iowa State,Iowa,13,20,Big 12,Big Ten,,Jack Trice Stadium,61500
2023,2,regular,2023-09-09,Kansas State,Troy,42,13,Big 12,Sun Belt,,Bill Snyder Family Stadium,51940
2023,2,regular,2023-09-09,Kentucky,Eastern Kentucky,28,17,SEC,UAC,,Kroger Field,61876
2023,2,regular,2023-09-09,LSU,Grambling,72,10,SEC,SWAC,,Tiger Stadium (LA),97735
2023,2,regular,2023-09-09,Liberty,New Mexico State,33,17,Conference USA,Conference USA,,Williams Stadium (VA),20123
2023,2,regular,2023-09-09,Louisiana Tech,Northwestern State,51,21,Conference USA,Southland,,Joe Aillet Stadium,19152
2023,2,regular,2023-09-09,Maryland,Charlotte,38,20,Big Ten,American Athletic,,SECU Stadium,32804
2023,2,regular,2023-09-09,Massachusetts,Miami (OH),28,41,FBS Independents,Mid-American,,Warren McGuirk Alumni Stadium,9207
2023,2,regular,2023-09-09,Miami,Texas A&M,48,33,ACC,SEC,,Hard Rock Stadium,48792
2023,2,regular,2023-09-09,Michigan,UNLV,35,7,Big Ten,Mountain West,,Michigan Stadium,109482
2023,2,regular,2023-09-09,Michigan State,Richmond,45,14,Big Ten,Coastal Athletic,,Spartan Stadium,
2023,2,regular,2023-09-09,Minnesota,Eastern Michigan,25,6,Big Ten,Mid-American,,Huntington Bank Stadium,48101
2023,2,regular,2023-09-09,Mississippi State,Arizona,31,24,SEC,Pac-12,,Davis Wade Stadium,51648
2023,2,regular,2023-09-09,Missouri,Middle Tennessee,23,19,SEC,Conference USA,,Memorial Stadium,57645
2023,2,regular,2023-09-09,NC State,Notre Dame,24,45,ACC,FBS Independents,,Carter-Finley Stadium,56919
2023,2,regular,2023-09-09,Navy,Wagner,24,0,American Athletic,NEC,,Navy-Marine Corps Memorial Stadium,29789
2023,2,regular,2023-09-09,Nevada,Idaho,6,33,Mountain West,Big Sky,,Mackay Stadium,19852
2023,2,regular,2023-09-09,North Carolina,App State,40,34,ACC,Sun Belt,,Kenan Stadium,50500
2023,2,regular,2023-09-09,Northern Illinois,Southern Illinois,11,14,Mid-American,MVFC,,Huskie Stadium,13114
2023,2,regular,2023-09-09,Northwestern,UTEP,38,7,Big Ten,Conference USA,,Ryan Field,14851
2023,2,regular,2023-09-09,Ohio State,Youngstown State,35,7,Big Ten,MVFC,,Ohio Stadium,102897
2023,2,regular,2023-09-09,Oklahoma,SMU,28,11,Big 12,American Athletic,,"Memorial Stadium (Norman, OK)",84186
2023,2,regular,2023-09-09,Old Dominion,Louisiana,38,31,Sun Belt,Sun Belt,,S.B. Ballard Stadium,18154
2023,2,regular,2023-09-09,Penn State,Delaware,63,7,Big Ten,CAA,,Beaver Stadium,108575
2023,2,regular,2023-09-09,Pittsburgh,Cincinnati,21,27,ACC,Big 12,,Acrisure Stadium,49398
2023,2,regular,2023-09-09,Rice,Houston,43,41,American Athletic,Big 12,,Rice Stadium,23425
2023,2,regular,2023-09-09,Rutgers,Temple,36,7,Big Ten,American Athletic,,SHI Stadium,45317
2023,2,regular,2023-09-09,San Diego State,UCLA,10,35,Mountain West,Pac-12,,Snapdragon Stadium,32017
2023,2,regular,2023-09-09,San José State,Cal Poly,59,3,Mountain West,Big Sky,,CEFCU Stadium,14224
2023,2,regular,2023-09-09,South Alabama,SE Louisiana,35,17,Sun Belt,Southland,,Hancock Whitney Stadium,15237
2023,2,regular,2023-09-09,South Carolina,Furman,47,21,SEC,Southern,,Williams-Brice Stadium,78281
2023,2,regular,2023-09-09,South Florida,Florida A&M,38,24,American Athletic,SWAC,,Raymond James Stadium,36495
2023,2,regular,2023-09-09,Syracuse,Western Michigan,48,7,ACC,Mid-American,,JMA Wireless Dome,32637
2023,2,regular,2023-09-09,Tennessee,Austin Peay,30,13,SEC,UAC,,Neyland Stadium,101915
2023,2,regular,2023-09-09,Texas Tech,Oregon,30,38,Big 12,Pac-12,,Jones AT&T Stadium,56200
2023,2,regular,2023-09-09,Toledo,Texas Southern,71,3,Mid-American,SWAC,,Glass Bowl,22742
2023,2,regular,2023-09-09,Tulane,Ole Miss,20,37,American Athletic,SEC,,Yulman Stadium,30000
2023,2,regular,2023-09-09,UTSA,Texas State,20,13,American Athletic,Sun Belt,,Alamodome,49342
2023,2,regular,2023-09-09,Virginia,James Madison,35,36,ACC,Sun Belt,,Scott Stadium,56508
2023,2,regular,2023-09-09,Virginia Tech,Purdue,17,24,ACC,Big Ten,,Lane Stadium,65632
2023,2,regular,2023-09-09,Wake Forest,Vanderbilt,36,20,ACC,SEC,,Allegacy Federal Credit Union Stadium,28363
2023,2,regular,2023-09-09,Washington,Tulsa,43,10,Pac-12,American Athletic,,Husky Stadium,63128
2023,2,regular,2023-09-09,Washington State,Wisconsin,31,22,Pac-12,Big Ten,,Gesa Field,33024
2023,2,regular,2023-09-09,West Virginia,Duquesne,56,17,Big 12,NEC,,Milan Puskar Stadium,50037
2023,2,regular,2023-09-09,Western Kentucky,Houston Christian,52,22,Conference USA,Southland,,Houchens Industries-L.T. Smith Stadium,20712
2023,2,regular,2023-09-09,Wyoming,Portland State,31,17,Mountain West,Big Sky,,War Memorial Stadium,22121
2023,2,regular,2023-09-10,Arizona State,Oklahoma State,15,27,Pac-12,Big 12,,Mountain America Stadium,42569
2023,2,regular,2023-09-10,California,Auburn,10,14,Pac-12,SEC,,California Memorial Stadium,44141
2023,2,regular,2023-09-10,Florida State,Southern Miss,66,13,ACC,Sun Belt,,Doak Campbell Stadium,74467
2023,2,regular,2023-09-10,Fresno State,Eastern Washington,34,31,Mountain West,Big Sky,,Valley Children's Stadium,41031
2023,2,regular,2023-09-10,Hawai'i,UAlbany,31,20,Mountain West,Coastal Athletic,,Clarence T.C. Ching Athletics Complex,9485
2023,2,regular,2023-09-10,New Mexico,Tennessee Tech,56,10,Mountain West,Big South-OVC,,University Stadium (NM),17279
2023,2,regular,2023-09-10,Oregon State,UC Davis,55,7,Pac-12,Big Sky,,Reser Stadium,35728
2023,2,regular,2023-09-10,Sam Houston,Air Force,3,13,Conference USA,Mountain West,1,NRG Stadium,25121
2023,2,regular,2023-09-10,TCU,Nicholls,41,6,Big 12,Southland,,Amon G. Carter Stadium,45010
2023,2,regular,2023-09-10,UL Monroe,Lamar,24,14,Sun Belt,Southland,,Malone Stadium,13154
2023,2,regular,2023-09-10,USC,Stanford,56,10,Pac-12,Pac-12,,Los Angeles Memorial Coliseum,67213
2023,2,regular,2023-09-10,Utah State,Idaho State,78,28,Mountain West,Big Sky,,Maverik Stadium,20034
2023,3,regular,2023-09-14,Memphis,Navy,28,24,American Athletic,American Athletic,,Simmons Bank Liberty Stadium,25551
2023,3,regular,2023-09-14,Miami,Bethune-Cookman,48,7,ACC,SWAC,,Hard Rock Stadium,40077
2023,3,regular,2023-09-15,Maryland,Virginia,42,14,Big Ten,ACC,,SECU Stadium,37041
2023,3,regular,2023-09-15,UTSA,Army,29,37,American Athletic,FBS Independents,,Alamodome,27138
2023,3,regular,2023-09-16,Air Force,Utah State,39,21,Mountain West,Mountain West,,Falcon Stadium,18400
2023,3,regular,2023-09-16,App State,East Carolina,43,28,Sun Belt,American Athletic,,Kidd Brewer Stadium,40168
2023,3,regular,2023-09-16,Arkansas,BYU,31,38,SEC,Big 12,,Razorback Stadium,74821
2023,3,regular,2023-09-16,Arkansas State,Stony Brook,31,7,Sun Belt,Coastal Athletic,,Centennial Bank Stadium,14327
2023,3,regular,2023-09-16,Auburn,Samford,45,13,SEC,Southern,,Jordan-Hare Stadium,88043
2023,3,regular,2023-09-16,Ball State,Indiana State,45,7,Mid-American,MVFC,,Scheumann Stadium,15054
2023,3,regular,2023-09-16,Baylor,Long Island University,30,7,Big 12,NEC,,McLane Stadium,43732
2023,3,regular,2023-09-16,Boise State,North Dakota,42,18,Mountain West,MVFC,,Albertsons Stadium,35610
2023,3,regular,2023-09-16,Boston College,Florida State,29,31,ACC,ACC,,"Alumni Stadium (Chestnut Hill, MA)",41383
2023,3,regular,2023-09-16,Buffalo,Liberty,27,55,Mid-American,Conference USA,,UB Stadium,13020
2023,3,regular,2023-09-16,California,Idaho,31,17,Pac-12,Big Sky,,California Memorial Stadium,36810
2023,3,regular,2023-09-16,Charlotte,Georgia State,25,41,American Athletic,Sun Belt,,Jerry Richardson Stadium,14410
2023,3,regular,2023-09-16,Cincinnati,Miami (OH),24,31,Big 12,Mid-American,,Nippert Stadium,38193
2023,3,regular,2023-09-16,Coastal Carolina,Duquesne,66,7,Sun Belt,NEC,,Brooks Stadium (SC),18116
2023,3,regular,2023-09-16,Duke,Northwestern,38,14,ACC,Big Ten,,Wallace Wade Stadium,18141
2023,3,regular,2023-09-16,Eastern Michigan,Massachusetts,19,17,Mid-American,FBS Independents,,Rynearson Stadium,16138
2023,3,regular,2023-09-16,Florida,Tennessee,29,16,SEC,SEC,,Ben Hill Griffin Stadium,90751
2023,3,regular,2023-09-16,Georgia,South Carolina,24,14,SEC,SEC,,Sanford Stadium,92746
2023,3,regular,2023-09-16,Illinois,Penn State,13,30,Big Ten,Big Ten,,"Memorial Stadium (Champaign, IL)",49099
2023,3,regular,2023-09-16,Indiana,Louisville,14,21,Big Ten,ACC,1,Lucas Oil Stadium,
2023,3,regular,2023-09-16,Iowa,Western Michigan,41,10,Big Ten,Mid-American,,Kinnick Stadium,69250
2023,3,regular,2023-09-16,Kent State,Central Connecticut,38,10,Mid-American,NEC,,Dix Stadium,10731
2023,3,regular,2023-09-16,Kentucky,Akron,35,3,SEC,Mid-American,,Kroger Field,59456
2023,3,regular,2023-09-16,Louisiana Tech,North Texas,37,40,Conference USA,American Athletic,,Joe Aillet Stadium,17434
2023,3,regular,2023-09-16,Michigan,Bowling Green,31,6,Big Ten,Mid-American,,Michigan Stadium,109955
2023,3,regular,2023-09-16,Michigan State,Washington,7,41,Big Ten,Pac-12,,Spartan Stadium,70528
2023,3,regular,2023-09-16,Middle Tennessee,Murray State,35,14,Conference USA,MVFC,,"Johnny ""Red"" Floyd Stadium",16605
2023,3,regular,2023-09-16,Mississippi State,LSU,14,41,SEC,SEC,,Davis Wade Stadium,60084
2023,3,regular,2023-09-16,Missouri,Kansas State,30,27,SEC,Big 12,,Memorial Stadium,62621
2023,3,regular,2023-09-16,NC State,VMI,45,7,ACC,Southern,,Carter-Finley Stadium,56919
2023,3,regular,2023-09-16,Nebraska,Northern Illinois,35,11,Big Ten,Mid-American,,"Memorial Stadium (Lincoln, NE)",86875
2023,3,regular,2023-09-16,North Carolina,Minnesota,31,13,ACC,Big Ten,,Kenan Stadium,45151
2023,3,regular,2023-09-16,Notre Dame,Central Michigan,41,17,FBS Independents,Mid-American,,Notre Dame Stadium,77622
2023,3,regular,2023-09-16,Ohio,Iowa State,10,7,Mid-American,Big 12,,Peden Stadium,21991
2023,3,regular,2023-09-16,Ohio State,Western Kentucky,63,10,Big Ten,Conference USA,,Ohio Stadium,100217
2023,3,regular,2023-09-16,Oklahoma State,South Alabama,7,33,Big 12,Sun Belt,,Boone Pickens Stadium,53855
2023,3,regular,2023-09-16,Old Dominion,Wake Forest,24,27,Sun Belt,ACC,,S.B. Ballard Stadium,18276
2023,3,regular,2023-09-16,Ole Miss,Georgia Tech,48,23,SEC,ACC,,Vaught-Hemingway Stadium,64150
2023,3,regular,2023-09-16,Oregon State,San Diego State,26,9,Pac-12,Mountain West,,Reser Stadium,35591
2023,3,regular,2023-09-16,Purdue,Syracuse,20,35,Big Ten,ACC,,Ross-Ade Stadium,61441
2023,3,regular,2023-09-16,Rice,Texas Southern,59,7,American Athletic,SWAC,,Rice Stadium,18103
2023,3,regular,2023-09-16,Rutgers,Virginia Tech,35,16,Big Ten,ACC,,SHI Stadium,52657
2023,3,regular,2023-09-16,SMU,Prairie View A&M,69,0,American Athletic,SWAC,,Gerald J. Ford Stadium,24489
2023,3,regular,2023-09-16,South Florida,Alabama,3,17,American Athletic,SEC,,Raymond James Stadium,65138
2023,3,regular,2023-09-16,Southern Miss,Tulane,3,21,Sun Belt,American Athletic,,M. M. Roberts Stadium,25038
2023,3,regular,2023-09-16,Temple,Norfolk State,41,9,American Athletic,MEAC,,Lincoln Financial Field,10932
2023,3,regular,2023-09-16,Texas A&M,UL Monroe,47,3,SEC,Sun Belt,,Kyle Field,93090
2023,3,regular,2023-09-16,Texas Tech,Tarleton State,41,3,Big 12,UAC,,Jones AT&T Stadium,56200
2023,3,regular,2023-09-16,Toledo,San José State,21,17,Mid-American,Mountain West,,Glass Bowl,20039
2023,3,regular,2023-09-16,Troy,James Madison,14,16,Sun Belt,Sun Belt,,Veterans Memorial Stadium (AL),26634
2023,3,regular,2023-09-16,Tulsa,Oklahoma,17,66,American Athletic,Big 12,,Chapman Stadium,30855
2023,3,regular,2023-09-16,UAB,Louisiana,21,41,American Athletic,Sun Belt,,Protective Stadium,21673
2023,3,regular,2023-09-16,UCF,Villanova,48,14,Big 12,Coastal Athletic,,FBC Mortgage Stadium,44206
2023,3,regular,2023-09-16,UCLA,North Carolina Central,59,7,Pac-12,MEAC,,Rose Bowl,38343
2023,3,regular,2023-09-16,UConn,Florida International,17,24,FBS Independents,Conference USA,,Pratt & Whitney Stadium,20405
2023,3,regular,2023-09-16,UNLV,Vanderbilt,40,37,Mountain West,SEC,,Allegiant Stadium,22582
2023,3,regular,2023-09-16,Utah,Weber State,31,7,Pac-12,Big Sky,,Rice-Eccles Stadium,51532
2023,3,regular,2023-09-16,Washington State,Northern Colorado,64,21,Pac-12,Big Sky,,Gesa Field,23595
2023,3,regular,2023-09-16,West Virginia,Pittsburgh,17,6,Big 12,ACC,,Milan Puskar Stadium,61106
2023,3,regular,2023-09-16,Wisconsin,Georgia Southern,35,14,Big Ten,Sun Belt,,Camp Randall Stadium,75610
2023,3,regular,2023-09-17,Arizona,UTEP,31,10,Pac-12,Conference USA,,Arizona Stadium,44182
2023,3,regular,2023-09-17,Arizona State,Fresno State,0,29,Pac-12,Mountain West,,Mountain America Stadium,46723
2023,3,regular,2023-09-17,Clemson,Florida Atlantic,48,14,ACC,American Athletic,,"Memorial Stadium (Clemson, SC)",81295
2023,3,regular,2023-09-17,Colorado,Colorado State,43,35,Pac-12,Mountain West,,Folsom Field,53141
2023,3,regular,2023-09-17,Houston,TCU,13,36,Big 12,Big 12,,TDECU Stadium,36049
2023,3,regular,2023-09-17,Nevada,Kansas,24,31,Mountain West,Big 12,,Mackay Stadium,44182
2023,3,regular,2023-09-17,New Mexico,New Mexico State,17,27,Mountain West,Conference USA,,University Stadium (NM),27414
2023,3,regular,2023-09-17,Oregon,Hawai'i,55,10,Pac-12,Mountain West,,Autzen Stadium,52779
2023,3,regular,2023-09-17,Stanford,Sacramento State,23,30,Pac-12,Big Sky,,Stanford Stadium,23848
2023,3,regular,2023-09-17,Texas,Wyoming,31,10,Big 12,Mountain West,,DKR-Texas Memorial Stadium,101777
2023,3,regular,2023-09-17,Texas State,Jackson State,77,34,Sun Belt,SWAC,,Bobcat Stadium (TX),24118
2023,4,regular,2023-09-21,Coastal Carolina,Georgia State,17,30,Sun Belt,Sun Belt,,Brooks Stadium (SC),15248
2023,4,regular,2023-09-22,Purdue,Wisconsin,17,38,Big Ten,Big Ten,,Ross-Ade Stadium,55529
2023,4,regular,2023-09-22,Virginia,NC State,21,24,ACC,ACC,,Scott Stadium,42979
2023,4,regular,2023-09-23,Alabama,Ole Miss,24,10,SEC,SEC,,Bryant-Denny Stadium,100077
2023,4,regular,2023-09-23,Arkansas State,Southern Miss,44,37,Sun Belt,Sun Belt,,Centennial Bank Stadium,16601
2023,4,regular,2023-09-23,Ball State,Georgia Southern,3,40,Mid-American,Sun Belt,,Scheumann Stadium,10118
2023,4,regular,2023-09-23,Baylor,Texas,6,38,Big 12,Big 12,,McLane Stadium,49165
2023,4,regular,2023-09-23,Bowling Green,Ohio,7,38,Mid-American,Mid-American,,Doyt L. Perry Stadium,18248
2023,4,regular,2023-09-23,Cincinnati,Oklahoma,6,20,Big 12,Big 12,,Nippert Stadium,38193
2023,4,regular,2023-09-23,Clemson,Florida State,24,31,ACC,ACC,,"Memorial Stadium (Clemson, SC)",81500
2023,4,regular,2023-09-23,East Carolina,Gardner-Webb,44,0,American Athletic,Big South-OVC,,Dowdy-Ficklen Stadium,40589
2023,4,regular,2023-09-23,Florida,Charlotte,22,7,SEC,American Athletic,,Ben Hill Griffin Stadium,89053
2023,4,regular,2023-09-23,Florida International,Liberty,6,38,Conference USA,Conference USA,,FIU Stadium,17437
2023,4,regular,2023-09-23,Georgia,UAB,49,21,SEC,American Athletic,,Sanford Stadium,92746
2023,4,regular,2023-09-23,Houston,Sam Houston,38,7,Big 12,Conference USA,,TDECU Stadium,35044
2023,4,regular,2023-09-23,Illinois,Florida Atlantic,23,17,Big Ten,American Athletic,,"Memorial Stadium (Champaign, IL)",53512
2023,4,regular,2023-09-23,Indiana,Akron,29,27,Big Ten,Mid-American,,"Memorial Stadium (Bloomington, IN)",44968
2023,4,regular,2023-09-23,Iowa State,Oklahoma State,34,27,Big 12,Big 12,,Jack Trice Stadium,59022
2023,4,regular,2023-09-23,Jacksonville State,Eastern Michigan,21,0,Conference USA,Mid-American,,AmFirst Stadium,20966
2023,4,regular,2023-09-23,Kansas,BYU,38,27,Big 12,Big 12,,Memorial Stadium,47233
2023,4,regular,2023-09-23,LSU,Arkansas,34,31,SEC,SEC,,Tiger Stadium (LA),99648
2023,4,regular,2023-09-23,Louisiana,Buffalo,45,38,Sun Belt,Mid-American,,Cajun Field,17674
2023,4,regular,2023-09-23,Louisville,Boston College,56,28,ACC,ACC,,L&N Federal Credit Union Stadium,48294
2023,4,regular,2023-09-23,Marshall,Virginia Tech,24,17,Sun Belt,ACC,,Joan C. Edwards Stadium,31475
2023,4,regular,2023-09-23,Massachusetts,New Mexico,31,34,FBS Independents,Mountain West,,Warren McGuirk Alumni Stadium,8298
2023,4,regular,2023-09-23,Miami (OH),Delaware State,62,20,Mid-American,MEAC,,Yager Stadium,15812
2023,4,regular,2023-09-23,Michigan,Rutgers,31,7,Big Ten,Big Ten,,Michigan Stadium,109756
2023,4,regular,2023-09-23,Michigan State,Maryland,9,31,Big Ten,Big Ten,,Spartan Stadium,70131
2023,4,regular,2023-09-23,Middle Tennessee,Colorado State,23,31,Conference USA,Mountain West,,"Johnny ""Red"" Floyd Stadium",19806
2023,4,regular,2023-09-23,Missouri,Memphis,34,27,SEC,American Athletic,1,The Dome at America's Center,45085
2023,4,regular,2023-09-23,Nebraska,Louisiana Tech,28,14,Big Ten,Conference USA,,"Memorial Stadium (Lincoln, NE)",87115
2023,4,regular,2023-09-23,Northern Illinois,Tulsa,14,22,Mid-American,American Athletic,,Huskie Stadium,10321
2023,4,regular,2023-09-23,Northwestern,Minnesota,37,34,Big Ten,Big Ten,,Ryan Field,20148
2023,4,regular,2023-09-23,Notre Dame,Ohio State,14,17,FBS Independents,Big Ten,,Notre Dame Stadium,77622
2023,4,regular,2023-09-23,Old Dominion,East Texas A&M,10,9,Sun Belt,Southland,,S.B. Ballard Stadium,16938
2023,4,regular,2023-09-23,Oregon,Colorado,42,6,Pac-12,Pac-12,,Autzen Stadium,59889
2023,4,regular,2023-09-23,Penn State,Iowa,31,0,Big Ten,Big Ten,,Beaver Stadium,110830
2023,4,regular,2023-09-23,San Diego State,Boise State,31,34,Mountain West,Mountain West,,Snapdragon Stadium,23374
2023,4,regular,2023-09-23,San José State,Air Force,20,45,Mountain West,Mountain West,,CEFCU Stadium,16124
2023,4,regular,2023-09-23,South Alabama,Central Michigan,30,34,Sun Belt,Mid-American,,Hancock Whitney Stadium,18369
2023,4,regular,2023-09-23,South Carolina,Mississippi State,37,30,SEC,SEC,,Williams-Brice Stadium,78311
2023,4,regular,2023-09-23,South Florida,Rice,42,29,American Athletic,American Athletic,,Raymond James Stadium,29141
2023,4,regular,2023-09-23,Stanford,Arizona,20,21,Pac-12,Pac-12,,Stanford Stadium,38046
2023,4,regular,2023-09-23,Syracuse,Army,29,16,ACC,FBS Independents,,JMA Wireless Dome,37594
2023,4,regular,2023-09-23,TCU,SMU,34,17,Big 12,American Athletic,,Amon G. Carter Stadium,51243
2023,4,regular,2023-09-23,Temple,Miami,7,41,American Athletic,ACC,,Lincoln Financial Field,17234
2023,4,regular,2023-09-23,Tennessee,UTSA,45,14,SEC,American Athletic,,Neyland Stadium,101915
2023,4,regular,2023-09-23,Texas A&M,Auburn,27,10,SEC,SEC,,Kyle Field,102530
2023,4,regular,2023-09-23,Texas State,Nevada,35,24,Sun Belt,Mountain West,,Bobcat Stadium (TX),19257
2023,4,regular,2023-09-23,Toledo,Western Michigan,49,31,Mid-American,Mid-American,,Glass Bowl,19068
2023,4,regular,2023-09-23,Troy,Western Kentucky,27,24,Sun Belt,Conference USA,,Veterans Memorial Stadium (AL),26124
2023,4,regular,2023-09-23,Tulane,Nicholls,36,7,American Athletic,Southland,,Yulman Stadium,22842
2023,4,regular,2023-09-23,UConn,Duke,7,41,FBS Independents,ACC,,Pratt & Whitney Stadium,29033
2023,4,regular,2023-09-23,Utah,UCLA,14,7,Pac-12,Pac-12,,Rice-Eccles Stadium,52919
2023,4,regular,2023-09-23,Vanderbilt,Kentucky,28,45,SEC,SEC,,FirstBank Stadium,26279
2023,4,regular,2023-09-23,Wake Forest,Georgia Tech,16,30,ACC,ACC,,Allegacy Federal Credit Union Stadium,31865
2023,4,regular,2023-09-23,Washington State,Oregon State,38,35,Pac-12,Pac-12,,Gesa Field,33111
2023,4,regular,2023-09-23,West Virginia,Texas Tech,20,13,Big 12,Big 12,,Milan Puskar Stadium,50071
2023,4,regular,2023-09-23,Wyoming,App State,22,19,Mountain West,Sun Belt,,War Memorial Stadium,21169
2023,4,regular,2023-09-24,Arizona State,USC,28,42,Pac-12,Pac-12,,Mountain America Stadium,54166
2023,4,regular,2023-09-24,Fresno State,Kent State,53,10,Mountain West,Mid-American,,Valley Children's Stadium,38728
2023,4,regular,2023-09-24,Hawai'i,New Mexico State,20,17,Mountain West,Conference USA,,Clarence T.C. Ching Athletics Complex,10254
2023,4,regular,2023-09-24,Kansas State,UCF,44,31,Big 12,Big 12,,Bill Snyder Family Stadium,51912
2023,4,regular,2023-09-24,Pittsburgh,North Carolina,24,41,ACC,ACC,,Acrisure Stadium,48544
2023,4,regular,2023-09-24,UTEP,UNLV,28,45,Conference USA,Mountain West,,Sun Bowl,28042
2023,4,regular,2023-09-24,Utah State,James Madison,38,45,Mountain West,Sun Belt,,Maverik Stadium,19994
2023,4,regular,2023-09-24,Washington,California,59,32,Pac-12,Pac-12,,Husky Stadium,69107
2023,5,regular,2023-09-28,Tulsa,Temple,48,26,American Athletic,American Athletic,,Chapman Stadium,17538
2023,5,regular,2023-09-28,Western Kentucky,Middle Tennessee,31,10,Conference USA,Conference USA,,Houchens Industries-L.T. Smith Stadium,14712
2023,5,regular,2023-09-29,NC State,Louisville,10,13,ACC,ACC,,Carter-Finley Stadium,56919
2023,5,regular,2023-09-29,Sam Houston,Jacksonville State,28,35,Conference USA,Conference USA,,Elliott T. Bowers Stadium,14566
2023,5,regular,2023-09-30,Akron,Buffalo,10,13,Mid-American,Mid-American,,InfoCision Stadium,5490
2023,5,regular,2023-09-30,Arkansas,Texas A&M,22,34,SEC,SEC,1,AT&T Stadium,59437
2023,5,regular,2023-09-30,Auburn,Georgia,20,27,SEC,SEC,,Jordan-Hare Stadium,88043
2023,5,regular,2023-09-30,BYU,Cincinnati,35,27,Big 12,Big 12,,LaVell Edwards Stadium,63834
2023,5,regular,2023-09-30,Boston College,Virginia,27,24,ACC,ACC,,"Alumni Stadium (Chestnut Hill, MA)",41868
2023,5,regular,2023-09-30,California,Arizona State,24,21,Pac-12,Pac-12,,California Memorial Stadium,34353
2023,5,regular,2023-09-30,Central Michigan,Eastern Michigan,26,23,Mid-American,Mid-American,,Kelly/Shorts Stadium,28323
2023,5,regular,2023-09-30,Colorado,USC,41,48,Pac-12,Pac-12,,Folsom Field,54032
2023,5,regular,2023-09-30,Colorado State,Utah Tech,41,20,Mountain West,UAC,,Canvas Stadium,27932
2023,5,regular,2023-09-30,Duke,Notre Dame,14,21,ACC,FBS Independents,,Wallace Wade Stadium,40768
2023,5,regular,2023-09-30,Georgia Southern,Coastal Carolina,38,28,Sun Belt,Sun Belt,,Allen E. Paulson Stadium,26483
2023,5,regular,2023-09-30,Georgia State,Troy,7,28,Sun Belt,Sun Belt,,Center Parc Stadium,16536
2023,5,regular,2023-09-30,Georgia Tech,Bowling Green,27,38,ACC,Mid-American,,Bobby Dodd Stadium,30097
2023,5,regular,2023-09-30,Iowa,Michigan State,26,16,Big Ten,Big Ten,,Kinnick Stadium,69250
2023,5,regular,2023-09-30,James Madison,South Alabama,31,23,Sun Belt,Sun Belt,,Bridgeforth Stadium,26064
2023,5,regular,2023-09-30,Kent State,Miami (OH),3,23,Mid-American,Mid-American,,Dix Stadium,13598
2023,5,regular,2023-09-30,Kentucky,Florida,33,14,SEC,SEC,,Kroger Field,61699
2023,5,regular,2023-09-30,Marshall,Old Dominion,41,35,Sun Belt,Sun Belt,,Joan C. Edwards Stadium,22652
2023,5,regular,2023-09-30,Maryland,Indiana,44,17,Big Ten,Big Ten,,SECU Stadium,38181
2023,5,regular,2023-09-30,Massachusetts,Arkansas State,28,52,FBS Independents,Sun Belt,,Warren McGuirk Alumni Stadium,9494
2023,5,regular,2023-09-30,Memphis,Boise State,35,32,American Athletic,Mountain West,,Simmons Bank Liberty Stadium,30364
2023,5,regular,2023-09-30,Minnesota,Louisiana,35,24,Big Ten,Sun Belt,,Huntington Bank Stadium,46843
2023,5,regular,2023-09-30,Navy,South Florida,30,44,American Athletic,American Athletic,,Navy-Marine Corps Memorial Stadium,29789
2023,5,regular,2023-09-30,Nebraska,Michigan,7,45,Big Ten,Big Ten,,"Memorial Stadium (Lincoln, NE)",87134
2023,5,regular,2023-09-30,North Texas,Abilene Christian,45,31,American Athletic,UAC,,DATCU Stadium,21494
2023,5,regular,2023-09-30,Northwestern,Penn State,13,41,Big Ten,Big Ten,,Ryan Field,25064
2023,5,regular,2023-09-30,Oklahoma,Iowa State,50,20,Big 12,Big 12,,"Memorial Stadium (Norman, OK)",84371
2023,5,regular,2023-09-30,Ole Miss,LSU,55,49,SEC,SEC,,Vaught-Hemingway Stadium,66703
2023,5,regular,2023-09-30,Oregon State,Utah,21,7,Pac-12,Pac-12,,Reser Stadium,37372
2023,5,regular,2023-09-30,Purdue,Illinois,44,19,Big Ten,Big Ten,,Ross-Ade Stadium,59510
2023,5,regular,2023-09-30,Rice,East Carolina,24,17,American Athletic,American Athletic,,Rice Stadium,19598
2023,5,regular,2023-09-30,Rutgers,Wagner,52,3,Big Ten,NEC,,SHI Stadium,40165
2023,5,regular,2023-09-30,SMU,Charlotte,34,16,American Athletic,American Athletic,,Gerald J. Ford Stadium,25385
2023,5,regular,2023-09-30,Southern Miss,Texas State,36,50,Sun Belt,Sun Belt,,M. M. Roberts Stadium,21304
2023,5,regular,2023-09-30,Stanford,Oregon,6,42,Pac-12,Pac-12,,Stanford Stadium,32160
2023,5,regular,2023-09-30,Syracuse,Clemson,14,31,ACC,ACC,,JMA Wireless Dome,40974
2023,5,regular,2023-09-30,Tennessee,South Carolina,41,20,SEC,SEC,,Neyland Stadium,101915
2023,5,regular,2023-09-30,Texas,Kansas,40,14,Big 12,Big 12,,DKR-Texas Memorial Stadium,102986
2023,5,regular,2023-09-30,Texas Tech,Houston,49,28,Big 12,Big 12,,Jones AT&T Stadium,53308
2023,5,regular,2023-09-30,Toledo,Northern Illinois,35,33,Mid-American,Mid-American,,Glass Bowl,23417
2023,5,regular,2023-09-30,Tulane,UAB,35,23,American Athletic,American Athletic,,Yulman Stadium,20102
2023,5,regular,2023-09-30,UCF,Baylor,35,36,Big 12,Big 12,,FBC Mortgage Stadium,44005
2023,5,regular,2023-09-30,UConn,Utah State,33,34,FBS Independents,Mountain West,,Pratt & Whitney Stadium,21227
2023,5,regular,2023-09-30,UNLV,Hawai'i,44,20,Mountain West,Mountain West,,Allegiant Stadium,25328
2023,5,regular,2023-09-30,UTEP,Louisiana Tech,10,24,Conference USA,Conference USA,,Sun Bowl,9101
2023,5,regular,2023-09-30,Vanderbilt,Missouri,21,38,SEC,SEC,,FirstBank Stadium,26332
2023,5,regular,2023-09-30,Western Michigan,Ball State,42,24,Mid-American,Mid-American,,Waldo Stadium,21880
2023,5,regular,2023-09-30,Wyoming,New Mexico,35,26,Mountain West,Mountain West,,War Memorial Stadium,25477
2023,5,regular,2023-10-01,Air Force,San Diego State,49,10,Mountain West,Mountain West,,Falcon Stadium,24869
2023,5,regular,2023-10-01,Arizona,Washington,24,31,Pac-12,Pac-12,,Arizona Stadium,50800
2023,5,regular,2023-10-01,Fresno State,Nevada,27,9,Mountain West,Mountain West,,Valley Children's Stadium,39246
2023,5,regular,2023-10-01,Mississippi State,Alabama,17,40,SEC,SEC,,Davis Wade Stadium,60111
2023,5,regular,2023-10-01,TCU,West Virginia,21,24,Big 12,Big 12,,Amon G. Carter Stadium,43736
2023,5,regular,2023-10-01,UL Monroe,App State,40,41,Sun Belt,Sun Belt,,Malone Stadium,19919
2023,5,regular,2023-10-01,Virginia Tech,Pittsburgh,38,21,ACC,ACC,,Lane Stadium,65632
2023,6,regular,2023-10-05,Liberty,Sam Houston,21,16,Conference USA,Conference USA,,Williams Stadium (VA),17100
2023,6,regular,2023-10-05,Middle Tennessee,Jacksonville State,30,45,Conference USA,Conference USA,,"Johnny ""Red"" Floyd Stadium",13066
2023,6,regular,2023-10-05,New Mexico State,Florida International,34,17,Conference USA,Conference USA,,Aggie Memorial Stadium,11540
2023,6,regular,2023-10-06,Louisiana Tech,Western Kentucky,28,35,Conference USA,Conference USA,,Joe Aillet Stadium,13014
2023,6,regular,2023-10-06,Oklahoma State,Kansas State,29,21,Big 12,Big 12,,Boone Pickens Stadium,53855
2023,6,regular,2023-10-07,Akron,Northern Illinois,14,55,Mid-American,Mid-American,,InfoCision Stadium,8216
2023,6,regular,2023-10-07,Arizona State,Colorado,24,27,Pac-12,Pac-12,,Mountain America Stadium,54086
2023,6,regular,2023-10-07,Army,Boston College,24,27,FBS Independents,ACC,,Michie Stadium,34017
2023,6,regular,2023-10-07,Buffalo,Central Michigan,37,13,Mid-American,Mid-American,,UB Stadium,12093
2023,6,regular,2023-10-07,Clemson,Wake Forest,17,12,ACC,ACC,,"Memorial Stadium (Clemson, SC)",80810
2023,6,regular,2023-10-07,Eastern Michigan,Ball State,24,10,Mid-American,Mid-American,,Rynearson Stadium,18696
2023,6,regular,2023-10-07,Florida,Vanderbilt,38,14,SEC,SEC,,Ben Hill Griffin Stadium,89432
2023,6,regular,2023-10-07,Florida Atlantic,Tulsa,20,17,American Athletic,American Athletic,,FAU Stadium,21077
2023,6,regular,2023-10-07,Florida State,Virginia Tech,39,17,ACC,ACC,,Doak Campbell Stadium,79560
2023,6,regular,2023-10-07,Georgia,Kentucky,51,13,SEC,SEC,,Sanford Stadium,92746
2023,6,regular,2023-10-07,Illinois,Nebraska,7,20,Big Ten,Big Ten,,"Memorial Stadium (Champaign, IL)",46703
2023,6,regular,2023-10-07,Iowa,Purdue,20,14,Big Ten,Big Ten,,Kinnick Stadium,69250
2023,6,regular,2023-10-07,Kansas,UCF,51,22,Big 12,Big 12,,Memorial Stadium,46107
2023,6,regular,2023-10-07,Louisiana,Texas State,34,30,Sun Belt,Sun Belt,,Cajun Field,15053
2023,6,regular,2023-10-07,Louisville,Notre Dame,33,20,ACC,FBS Independents,,L&N Federal Credit Union Stadium,59081
2023,6,regular,2023-10-07,Massachusetts,Toledo,24,41,FBS Independents,Mid-American,,Warren McGuirk Alumni Stadium,9623
2023,6,regular,2023-10-07,Miami (OH),Bowling Green,27,0,Mid-American,Mid-American,,Yager Stadium,19047
2023,6,regular,2023-10-07,Minnesota,Michigan,10,52,Big Ten,Big Ten,,Huntington Bank Stadium,52179
2023,6,regular,2023-10-07,Mississippi State,Western Michigan,41,28,SEC,Mid-American,,Davis Wade Stadium,47158
2023,6,regular,2023-10-07,Missouri,LSU,39,49,SEC,SEC,,Memorial Stadium,62621
2023,6,regular,2023-10-07,NC State,Marshall,48,41,ACC,Sun Belt,,Carter-Finley Stadium,56919
2023,6,regular,2023-10-07,Navy,North Texas,27,24,American Athletic,American Athletic,,Navy-Marine Corps Memorial Stadium,28648
2023,6,regular,2023-10-07,North Carolina,Syracuse,40,7,ACC,ACC,,Kenan Stadium,50500
2023,6,regular,2023-10-07,Northwestern,Howard,23,20,Big Ten,MEAC,,Ryan Field,22160
2023,6,regular,2023-10-07,Ohio,Kent State,42,17,Mid-American,Mid-American,,Peden Stadium,22945
2023,6,regular,2023-10-07,Ohio State,Maryland,37,17,Big Ten,Big Ten,,Ohio Stadium,104974
2023,6,regular,2023-10-07,Ole Miss,Arkansas,27,20,SEC,SEC,,Vaught-Hemingway Stadium,65748
2023,6,regular,2023-10-07,Rice,UConn,31,38,American Athletic,FBS Independents,,Rice Stadium,21207
2023,6,regular,2023-10-07,Southern Miss,Old Dominion,13,17,Sun Belt,Sun Belt,,M. M. Roberts Stadium,23011
2023,6,regular,2023-10-07,Temple,UTSA,34,49,American Athletic,American Athletic,,Lincoln Financial Field,18388
2023,6,regular,2023-10-07,Texas,Oklahoma,30,34,Big 12,Big 12,1,Cotton Bowl,
2023,6,regular,2023-10-07,Texas A&M,Alabama,20,26,SEC,SEC,,Kyle Field,108101
2023,6,regular,2023-10-07,Troy,Arkansas State,37,3,Sun Belt,Sun Belt,,Veterans Memorial Stadium (AL),26957
2023,6,regular,2023-10-07,UAB,South Florida,56,35,American Athletic,American Athletic,,Protective Stadium,23792
2023,6,regular,2023-10-07,UCLA,Washington State,25,17,Pac-12,Pac-12,,Rose Bowl,35437
2023,6,regular,2023-10-07,UL Monroe,South Alabama,7,55,Sun Belt,Sun Belt,,Malone Stadium,12099
2023,6,regular,2023-10-07,Virginia,William & Mary,27,13,ACC,Coastal Athletic,,Scott Stadium,38289
2023,6,regular,2023-10-07,Wisconsin,Rutgers,24,13,Big Ten,Big Ten,,Camp Randall Stadium,74885
2023,6,regular,2023-10-08,Baylor,Texas Tech,14,39,Big 12,Big 12,,McLane Stadium,44620
2023,6,regular,2023-10-08,Boise State,San José State,35,27,Mountain West,Mountain West,,Albertsons Stadium,37491
2023,6,regular,2023-10-08,California,Oregon State,40,52,Pac-12,Pac-12,,California Memorial Stadium,34930
2023,6,regular,2023-10-08,Iowa State,TCU,27,14,Big 12,Big 12,,Jack Trice Stadium,60535
2023,6,regular,2023-10-08,Miami,Georgia Tech,20,23,ACC,ACC,,Hard Rock Stadium,58045
2023,6,regular,2023-10-08,USC,Arizona,43,41,Pac-12,Pac-12,,Los Angeles Memorial Coliseum,62916
2023,6,regular,2023-10-08,Utah State,Colorado State,44,24,Mountain West,Mountain West,,Maverik Stadium,22864
2023,6,regular,2023-10-08,Wyoming,Fresno State,24,19,Mountain West,Mountain West,,War Memorial Stadium,20788
2023,7,regular,2023-10-10,App State,Coastal Carolina,24,27,Sun Belt,Sun Belt,,Kidd Brewer Stadium,34252
2023,7,regular,2023-10-10,Jacksonville State,Liberty,13,31,Conference USA,Conference USA,,AmFirst Stadium,21745
2023,7,regular,2023-10-10,Middle Tennessee,Louisiana Tech,31,23,Conference USA,Conference USA,,"Johnny ""Red"" Floyd Stadium",9602
2023,7,regular,2023-10-11,Florida International,UTEP,14,27,Conference USA,Conference USA,,FIU Stadium,14872
2023,7,regular,2023-10-12,East Carolina,SMU,10,31,American Athletic,American Athletic,,Dowdy-Ficklen Stadium,33444
2023,7,regular,2023-10-12,Houston,West Virginia,41,39,Big 12,Big 12,,TDECU Stadium,32152
2023,7,regular,2023-10-12,New Mexico State,Sam Houston,27,13,Conference USA,Conference USA,,Aggie Memorial Stadium,12812
2023,7,regular,2023-10-13,Memphis,Tulane,21,31,American Athletic,American Athletic,,Simmons Bank Liberty Stadium,35609
2023,7,regular,2023-10-14,Air Force,Wyoming,34,27,Mountain West,Mountain West,,Falcon Stadium,28311
2023,7,regular,2023-10-14,Alabama,Arkansas,24,21,SEC,SEC,,Bryant-Denny Stadium,100077
2023,7,regular,2023-10-14,Army,Troy,0,19,FBS Independents,Sun Belt,,Michie Stadium,27829
2023,7,regular,2023-10-14,Ball State,Toledo,6,13,Mid-American,Mid-American,,Scheumann Stadium,7673
2023,7,regular,2023-10-14,Buffalo,Bowling Green,14,24,Mid-American,Mid-American,,UB Stadium,15196
2023,7,regular,2023-10-14,Central Michigan,Akron,17,10,Mid-American,Mid-American,,Kelly/Shorts Stadium,17886
2023,7,regular,2023-10-14,Charlotte,Navy,0,14,American Athletic,American Athletic,,Jerry Richardson Stadium,15659
2023,7,regular,2023-10-14,Cincinnati,Iowa State,10,30,Big 12,Big 12,,Nippert Stadium,38193
2023,7,regular,2023-10-14,Colorado,Stanford,43,46,Pac-12,Pac-12,,Folsom Field,53154
2023,7,regular,2023-10-14,Eastern Michigan,Kent State,28,14,Mid-American,Mid-American,,Rynearson Stadium,18443
2023,7,regular,2023-10-14,Florida State,Syracuse,41,3,ACC,ACC,,Doak Campbell Stadium,79560
2023,7,regular,2023-10-14,Georgia State,Marshall,41,24,Sun Belt,Sun Belt,,Center Parc Stadium,
2023,7,regular,2023-10-14,James Madison,Georgia Southern,41,13,Sun Belt,Sun Belt,,Bridgeforth Stadium,25097
2023,7,regular,2023-10-14,Kentucky,Missouri,21,38,SEC,SEC,,Kroger Field,61654
2023,7,regular,2023-10-14,LSU,Auburn,48,18,SEC,SEC,,Tiger Stadium (LA),102321
2023,7,regular,2023-10-14,Maryland,Illinois,24,27,Big Ten,Big Ten,,SECU Stadium,35580
2023,7,regular,2023-10-14,Michigan,Indiana,52,7,Big Ten,Big Ten,,Michigan Stadium,110264
2023,7,regular,2023-10-14,Nevada,UNLV,27,45,Mountain West,Mountain West,,Mackay Stadium,24578
2023,7,regular,2023-10-14,New Mexico,San José State,24,52,Mountain West,Mountain West,,University Stadium (NM),13027
2023,7,regular,2023-10-14,North Carolina,Miami,41,31,ACC,ACC,,Kenan Stadium,50500
2023,7,regular,2023-10-14,North Texas,Temple,45,14,American Athletic,American Athletic,,DATCU Stadium,13678
2023,7,regular,2023-10-14,Northern Illinois,Ohio,23,13,Mid-American,Mid-American,,Huskie Stadium,11143
2023,7,regular,2023-10-14,Notre Dame,USC,48,20,FBS Independents,Pac-12,,Notre Dame Stadium,77622
2023,7,regular,2023-10-14,Oklahoma State,Kansas,39,32,Big 12,Big 12,,Boone Pickens Stadium,53855
2023,7,regular,2023-10-14,Penn State,Massachusetts,63,0,Big Ten,FBS Independents,,Beaver Stadium,105533
2023,7,regular,2023-10-14,Pittsburgh,Louisville,38,21,ACC,ACC,,Acrisure Stadium,46296
2023,7,regular,2023-10-14,Purdue,Ohio State,7,41,Big Ten,Big Ten,,Ross-Ade Stadium,57319
2023,7,regular,2023-10-14,Rutgers,Michigan State,27,24,Big Ten,Big Ten,,SHI Stadium,52879
2023,7,regular,2023-10-14,South Carolina,Florida,39,41,SEC,SEC,,Williams-Brice Stadium,79247
2023,7,regular,2023-10-14,South Florida,Florida Atlantic,14,56,American Athletic,American Athletic,,Raymond James Stadium,
2023,7,regular,2023-10-14,TCU,BYU,44,11,Big 12,Big 12,,Amon G. Carter Stadium,44599
2023,7,regular,2023-10-14,Tennessee,Texas A&M,20,13,SEC,SEC,,Neyland Stadium,101915
2023,7,regular,2023-10-14,Texas State,UL Monroe,21,20,Sun Belt,Sun Belt,,Bobcat Stadium (TX),27537
2023,7,regular,2023-10-14,Texas Tech,Kansas State,21,38,Big 12,Big 12,,Jones AT&T Stadium,56200
2023,7,regular,2023-10-14,Utah,California,34,14,Pac-12,Pac-12,,Rice-Eccles Stadium,52115
2023,7,regular,2023-10-14,Utah State,Fresno State,32,37,Mountain West,Mountain West,,Maverik Stadium,17220
2023,7,regular,2023-10-14,Vanderbilt,Georgia,20,37,SEC,SEC,,FirstBank Stadium,28500
2023,7,regular,2023-10-14,Virginia Tech,Wake Forest,30,13,ACC,ACC,,Lane Stadium,65632
2023,7,regular,2023-10-14,Washington,Oregon,36,33,Pac-12,Pac-12,,Husky Stadium,71321
2023,7,regular,2023-10-14,Washington State,Arizona,6,44,Pac-12,Pac-12,,Gesa Field,26155
2023,7,regular,2023-10-14,Western Michigan,Miami (OH),21,34,Mid-American,Mid-American,,Waldo Stadium,20039
2023,7,regular,2023-10-14,Wisconsin,Iowa,6,15,Big Ten,Big Ten,,Camp Randall Stadium,76205
2023,7,regular,2023-10-15,Colorado State,Boise State,31,30,Mountain West,Mountain West,,Canvas Stadium,34901
2023,7,regular,2023-10-15,Duke,NC State,24,3,ACC,ACC,,Wallace Wade Stadium,31833
2023,7,regular,2023-10-15,Hawai'i,San Diego State,34,41,Mountain West,Mountain West,,Clarence T.C. Ching Athletics Complex,10039
2023,7,regular,2023-10-15,Oregon State,UCLA,36,24,Pac-12,Pac-12,,Reser Stadium,37600
2023,7,regular,2023-10-15,UTSA,UAB,41,20,American Athletic,American Athletic,,Alamodome,23808
2023,8,regular,2023-10-17,Jacksonville State,Western Kentucky,20,17,Conference USA,Conference USA,,AmFirst Stadium,17977
2023,8,regular,2023-10-17,Liberty,Middle Tennessee,42,35,Conference USA,Conference USA,,Williams Stadium (VA),16354
2023,8,regular,2023-10-17,South Alabama,Southern Miss,55,3,Sun Belt,Sun Belt,,Hancock Whitney Stadium,23478
2023,8,regular,2023-10-18,Sam Houston,Florida International,27,33,Conference USA,Conference USA,,Elliott T. Bowers Stadium,7543
2023,8,regular,2023-10-19,Marshall,James Madison,9,20,Sun Belt,Sun Belt,,Joan C. Edwards Stadium,22109
2023,8,regular,2023-10-19,Tulsa,Rice,10,42,American Athletic,American Athletic,,Chapman Stadium,18527
2023,8,regular,2023-10-19,UTEP,New Mexico State,7,28,Conference USA,Conference USA,,Sun Bowl,19727
2023,8,regular,2023-10-20,Temple,SMU,0,55,American Athletic,American Athletic,,Lincoln Financial Field,11232
2023,8,regular,2023-10-21,Alabama,Tennessee,34,20,SEC,SEC,,Bryant-Denny Stadium,100077
2023,8,regular,2023-10-21,Arkansas,Mississippi State,3,7,SEC,SEC,,Razorback Stadium,71505
2023,8,regular,2023-10-21,Arkansas State,Coastal Carolina,17,27,Sun Belt,Sun Belt,,Centennial Bank Stadium,18228
2023,8,regular,2023-10-21,Auburn,Ole Miss,21,28,SEC,SEC,,Jordan-Hare Stadium,63523
2023,8,regular,2023-10-21,BYU,Texas Tech,27,14,Big 12,Big 12,,LaVell Edwards Stadium,63523
2023,8,regular,2023-10-21,Ball State,Central Michigan,24,17,Mid-American,Mid-American,,Scheumann Stadium,15171
2023,8,regular,2023-10-21,Bowling Green,Akron,41,14,Mid-American,Mid-American,,Doyt L. Perry Stadium,10068
2023,8,regular,2023-10-21,Cincinnati,Baylor,29,32,Big 12,Big 12,,Nippert Stadium,38193
2023,8,regular,2023-10-21,East Carolina,Charlotte,7,10,American Athletic,American Athletic,,Dowdy-Ficklen Stadium,39842
2023,8,regular,2023-10-21,Florida Atlantic,UTSA,10,36,American Athletic,American Athletic,,FAU Stadium,17241
2023,8,regular,2023-10-21,Florida State,Duke,38,20,ACC,ACC,,Doak Campbell Stadium,79560
2023,8,regular,2023-10-21,Georgia Southern,UL Monroe,38,28,Sun Belt,Sun Belt,,Allen E. Paulson Stadium,21068
2023,8,regular,2023-10-21,Georgia Tech,Boston College,23,38,ACC,ACC,,Bobby Dodd Stadium,35656
2023,8,regular,2023-10-21,Houston,Texas,24,31,Big 12,Big 12,,TDECU Stadium,42812
2023,8,regular,2023-10-21,Illinois,Wisconsin,21,25,Big Ten,Big Ten,,"Memorial Stadium (Champaign, IL)",54205
2023,8,regular,2023-10-21,Indiana,Rutgers,14,31,Big Ten,Big Ten,,"Memorial Stadium (Bloomington, IN)",
2023,8,regular,2023-10-21,Iowa,Minnesota,10,12,Big Ten,Big Ten,,Kinnick Stadium,69250
2023,8,regular,2023-10-21,Kansas State,TCU,41,3,Big 12,Big 12,,Bill Snyder Family Stadium,52580
2023,8,regular,2023-10-21,Kent State,Buffalo,6,24,Mid-American,Mid-American,,Dix Stadium,11735
2023,8,regular,2023-10-21,LSU,Army,62,0,SEC,FBS Independents,,Tiger Stadium (LA),101776
2023,8,regular,2023-10-21,Miami (OH),Toledo,17,21,Mid-American,Mid-American,,Yager Stadium,17321
2023,8,regular,2023-10-21,Michigan State,Michigan,0,49,Big Ten,Big Ten,,Spartan Stadium,74206
2023,8,regular,2023-10-21,Missouri,South Carolina,34,12,SEC,SEC,,Memorial Stadium,62621
2023,8,regular,2023-10-21,Navy,Air Force,6,17,American Athletic,Mountain West,,Navy-Marine Corps Memorial Stadium,38803
2023,8,regular,2023-10-21,Nebraska,Northwestern,17,9,Big Ten,Big Ten,,"Memorial Stadium (Lincoln, NE)",86769
2023,8,regular,2023-10-21,New Mexico,Hawai'i,42,21,Mountain West,Mountain West,,University Stadium (NM),13723
2023,8,regular,2023-10-21,North Carolina,Virginia,27,31,ACC,ACC,,Kenan Stadium,50500
2023,8,regular,2023-10-21,Northern Illinois,Eastern Michigan,20,13,Mid-American,Mid-American,,Huskie Stadium,9458
2023,8,regular,2023-10-21,Ohio,Western Michigan,20,17,Mid-American,Mid-American,,Peden Stadium,16048
2023,8,regular,2023-10-21,Ohio State,Penn State,20,12,Big Ten,Big Ten,,Ohio Stadium,105506
2023,8,regular,2023-10-21,Oklahoma,UCF,31,29,Big 12,Big 12,,"Memorial Stadium (Norman, OK)",83476
2023,8,regular,2023-10-21,Old Dominion,App State,28,21,Sun Belt,Sun Belt,,S.B. Ballard Stadium,20017
2023,8,regular,2023-10-21,Oregon,Washington State,38,24,Pac-12,Pac-12,,Autzen Stadium,58886
2023,8,regular,2023-10-21,San José State,Utah State,42,21,Mountain West,Mountain West,,CEFCU Stadium,15028
2023,8,regular,2023-10-21,Tulane,North Texas,35,28,American Athletic,American Athletic,,Yulman Stadium,30000
2023,8,regular,2023-10-21,UAB,Memphis,21,45,American Athletic,American Athletic,,Protective Stadium,20269
2023,8,regular,2023-10-21,UConn,South Florida,21,24,FBS Independents,American Athletic,,Pratt & Whitney Stadium,21704
2023,8,regular,2023-10-21,UNLV,Colorado State,25,23,Mountain West,Mountain West,,Allegiant Stadium,22585
2023,8,regular,2023-10-21,Wake Forest,Pittsburgh,21,17,ACC,ACC,,Allegacy Federal Credit Union Stadium,31855
2023,8,regular,2023-10-21,West Virginia,Oklahoma State,34,48,Big 12,Big 12,,Milan Puskar Stadium,51870
2023,8,regular,2023-10-22,Louisiana,Georgia State,17,20,Sun Belt,Sun Belt,,Cajun Field,20044
2023,8,regular,2023-10-22,Miami,Clemson,28,20,ACC,ACC,,Hard Rock Stadium,48562
2023,8,regular,2023-10-22,San Diego State,Nevada,0,6,Mountain West,Mountain West,,Snapdragon Stadium,27122
2023,8,regular,2023-10-22,Stanford,UCLA,7,42,Pac-12,Pac-12,,Stanford Stadium,
2023,8,regular,2023-10-22,USC,Utah,32,34,Pac-12,Pac-12,,Los Angeles Memorial Coliseum,61551
2023,8,regular,2023-10-22,Washington,Arizona State,15,7,Pac-12,Pac-12,,Husky Stadium,68379
2023,9,regular,2023-10-24,Louisiana Tech,New Mexico State,24,27,Conference USA,Conference USA,,Joe Aillet Stadium,13798
2023,9,regular,2023-10-24,Western Kentucky,Liberty,29,42,Conference USA,Conference USA,,Houchens Industries-L.T. Smith Stadium,16036
2023,9,regular,2023-10-25,Florida International,Jacksonville State,16,41,Conference USA,Conference USA,,FIU Stadium,14074
2023,9,regular,2023-10-26,Georgia Southern,Georgia State,44,27,Sun Belt,Sun Belt,,Allen E. Paulson Stadium,23389
2023,9,regular,2023-10-26,Sam Houston,UTEP,34,37,Conference USA,Conference USA,,Elliott T. Bowers Stadium,6889
2023,9,regular,2023-10-26,Virginia Tech,Syracuse,38,10,ACC,ACC,,Lane Stadium,60236
2023,9,regular,2023-10-27,Charlotte,Florida Atlantic,16,38,American Athletic,American Athletic,,Jerry Richardson Stadium,10857
2023,9,regular,2023-10-28,App State,Southern Miss,48,38,Sun Belt,Sun Belt,,Kidd Brewer Stadium,32601
2023,9,regular,2023-10-28,Army,Massachusetts,14,21,FBS Independents,FBS Independents,,Michie Stadium,29625
2023,9,regular,2023-10-28,Auburn,Mississippi State,27,13,SEC,SEC,,Jordan-Hare Stadium,88043
2023,9,regular,2023-10-28,Baylor,Iowa State,18,30,Big 12,Big 12,,McLane Stadium,43528
2023,9,regular,2023-10-28,Boise State,Wyoming,32,7,Mountain West,Mountain West,,Albertsons Stadium,35189
2023,9,regular,2023-10-28,Boston College,UConn,21,14,ACC,FBS Independents,,"Alumni Stadium (Chestnut Hill, MA)",36902
2023,9,regular,2023-10-28,California,USC,49,50,Pac-12,Pac-12,,California Memorial Stadium,43716
2023,9,regular,2023-10-28,Coastal Carolina,Marshall,34,6,Sun Belt,Sun Belt,,Brooks Stadium (SC),21324
2023,9,regular,2023-10-28,Colorado State,Air Force,13,30,Mountain West,Mountain West,,Canvas Stadium,22570
2023,9,regular,2023-10-28,Eastern Michigan,Western Michigan,21,45,Mid-American,Mid-American,,Rynearson Stadium,16297
2023,9,regular,2023-10-28,Florida,Georgia,20,43,SEC,SEC,1,EverBank Stadium,76251
2023,9,regular,2023-10-28,Kansas,Oklahoma,38,33,Big 12,Big 12,,Memorial Stadium,47233
2023,9,regular,2023-10-28,Kansas State,Houston,41,0,Big 12,Big 12,,Bill Snyder Family Stadium,51928
2023,9,regular,2023-10-28,Kentucky,Tennessee,27,33,SEC,SEC,,Kroger Field,61665
2023,9,regular,2023-10-28,Louisville,Duke,23,0,ACC,ACC,,L&N Federal Credit Union Stadium,52319
2023,9,regular,2023-10-28,Miami,Virginia,29,26,ACC,ACC,,Hard Rock Stadium,58503
2023,9,regular,2023-10-28,Minnesota,Michigan State,27,12,Big Ten,Big Ten,,Huntington Bank Stadium,47392
2023,9,regular,2023-10-28,NC State,Clemson,24,17,ACC,ACC,,Carter-Finley Stadium,56919
2023,9,regular,2023-10-28,Nebraska,Purdue,31,14,Big Ten,Big Ten,,"Memorial Stadium (Lincoln, NE)",86709
2023,9,regular,2023-10-28,North Texas,Memphis,42,45,American Athletic,American Athletic,,DATCU Stadium,18062
2023,9,regular,2023-10-28,Northwestern,Maryland,33,27,Big Ten,Big Ten,,Ryan Field,19286
2023,9,regular,2023-10-28,Notre Dame,Pittsburgh,58,7,FBS Independents,ACC,,Notre Dame Stadium,77622
2023,9,regular,2023-10-28,Ohio,Miami (OH),16,30,Mid-American,Mid-American,,Peden Stadium,19854
2023,9,regular,2023-10-28,Ole Miss,Vanderbilt,33,7,SEC,SEC,,Vaught-Hemingway Stadium,62914
2023,9,regular,2023-10-28,Penn State,Indiana,33,24,Big Ten,Big Ten,,Beaver Stadium,107209
2023,9,regular,2023-10-28,Rice,Tulane,28,30,American Athletic,American Athletic,,Rice Stadium,20436
2023,9,regular,2023-10-28,SMU,Tulsa,69,10,American Athletic,American Athletic,,Gerald J. Ford Stadium,20800
2023,9,regular,2023-10-28,South Alabama,Louisiana,20,33,Sun Belt,Sun Belt,,Hancock Whitney Stadium,16709
2023,9,regular,2023-10-28,Stanford,Washington,33,42,Pac-12,Pac-12,,Stanford Stadium,24381
2023,9,regular,2023-10-28,Texas,BYU,35,6,Big 12,Big 12,,DKR-Texas Memorial Stadium,101670
2023,9,regular,2023-10-28,Texas A&M,South Carolina,30,17,SEC,SEC,,Kyle Field,95297
2023,9,regular,2023-10-28,Texas State,Troy,13,31,Sun Belt,Sun Belt,,Bobcat Stadium (TX),22369
2023,9,regular,2023-10-28,UCF,West Virginia,28,41,Big 12,Big 12,,FBC Mortgage Stadium,44136
2023,9,regular,2023-10-28,UCLA,Colorado,28,16,Pac-12,Pac-12,,Rose Bowl,71343
2023,9,regular,2023-10-28,UL Monroe,Arkansas State,24,34,Sun Belt,Sun Belt,,Malone Stadium,14006
2023,9,regular,2023-10-28,UTSA,East Carolina,41,27,American Athletic,American Athletic,,Alamodome,22629
2023,9,regular,2023-10-28,Utah,Oregon,6,35,Pac-12,Pac-12,,Rice-Eccles Stadium,53586
2023,9,regular,2023-10-28,Wake Forest,Florida State,16,41,ACC,ACC,,Allegacy Federal Credit Union Stadium,31288
2023,9,regular,2023-10-28,Wisconsin,Ohio State,10,24,Big Ten,Big Ten,,Camp Randall Stadium,76453
2023,9,regular,2023-10-29,Arizona,Oregon State,27,24,Pac-12,Pac-12,,Arizona Stadium,45023
2023,9,regular,2023-10-29,Arizona State,Washington State,38,27,Pac-12,Pac-12,,Mountain America Stadium,47284
2023,9,regular,2023-10-29,Fresno State,UNLV,31,24,Mountain West,Mountain West,,Valley Children's Stadium,41031
2023,9,regular,2023-10-29,Georgia Tech,North Carolina,46,42,ACC,ACC,,Bobby Dodd Stadium,35945
2023,9,regular,2023-10-29,Hawai'i,San José State,0,35,Mountain West,Mountain West,,Clarence T.C. Ching Athletics Complex,11486
2023,9,regular,2023-10-29,James Madison,Old Dominion,30,27,Sun Belt,Sun Belt,,Bridgeforth Stadium,26239
2023,9,regular,2023-10-29,Nevada,New Mexico,34,24,Mountain West,Mountain West,,Mackay Stadium,13083
2023,9,regular,2023-10-29,Oklahoma State,Cincinnati,45,13,Big 12,Big 12,,Boone Pickens Stadium,53855
2023,10,regular,2023-10-31,Central Michigan,Northern Illinois,37,31,Mid-American,Mid-American,,Kelly/Shorts Stadium,9625
2023,10,regular,2023-10-31,Toledo,Buffalo,31,13,Mid-American,Mid-American,,Glass Bowl,14939
2023,10,regular,2023-11-01,Akron,Kent State,31,27,Mid-American,Mid-American,,InfoCision Stadium,8113
2023,10,regular,2023-11-01,Bowling Green,Ball State,24,21,Mid-American,Mid-American,,Doyt L. Perry Stadium,6091
2023,10,regular,2023-11-02,Duke,Wake Forest,24,21,ACC,ACC,,Wallace Wade Stadium,18277
2023,10,regular,2023-11-02,Texas Tech,TCU,35,28,Big 12,Big 12,,Jones AT&T Stadium,51185
2023,10,regular,2023-11-02,Troy,South Alabama,28,10,Sun Belt,Sun Belt,,Veterans Memorial Stadium (AL),28212
2023,10,regular,2023-11-03,Syracuse,Boston College,10,17,ACC,ACC,,JMA Wireless Dome,42523
2023,10,regular,2023-11-04,Air Force,Army,3,23,Mountain West,FBS Independents,1,Sports Authority Field at Mile High,52401
2023,10,regular,2023-11-04,Alabama,LSU,42,28,SEC,SEC,,Bryant-Denny Stadium,100077
2023,10,regular,2023-11-04,App State,Marshall,31,9,Sun Belt,Sun Belt,,Kidd Brewer Stadium,34057
2023,10,regular,2023-11-04,Arkansas State,Louisiana,37,17,Sun Belt,Sun Belt,,Centennial Bank Stadium,15881
2023,10,regular,2023-11-04,Baylor,Houston,24,25,Big 12,Big 12,,McLane Stadium,41180
2023,10,regular,2023-11-04,Cincinnati,UCF,26,28,Big 12,Big 12,,Nippert Stadium,38193
2023,10,regular,2023-11-04,Clemson,Notre Dame,31,23,ACC,FBS Independents,,"Memorial Stadium (Clemson, SC)",81500
2023,10,regular,2023-11-04,East Carolina,Tulane,10,13,American Athletic,American Athletic,,Dowdy-Ficklen Stadium,33765
2023,10,regular,2023-11-04,Florida,Arkansas,36,39,SEC,SEC,,Ben Hill Griffin Stadium,89782
2023,10,regular,2023-11-04,Georgia,Missouri,30,21,SEC,SEC,,Sanford Stadium,92746
2023,10,regular,2023-11-04,Georgia State,James Madison,14,42,Sun Belt,Sun Belt,,Center Parc Stadium,15320
2023,10,regular,2023-11-04,Indiana,Wisconsin,20,14,Big Ten,Big Ten,,"Memorial Stadium (Bloomington, IN)",45466
2023,10,regular,2023-11-04,Iowa State,Kansas,21,28,Big 12,Big 12,,Jack Trice Stadium,61500
2023,10,regular,2023-11-04,Liberty,Louisiana Tech,56,30,Conference USA,Conference USA,,Williams Stadium (VA),21647
2023,10,regular,2023-11-04,Louisville,Virginia Tech,34,3,ACC,ACC,,L&N Federal Credit Union Stadium,49945
2023,10,regular,2023-11-04,Maryland,Penn State,15,51,Big Ten,Big Ten,,SECU Stadium,51802
2023,10,regular,2023-11-04,Massachusetts,Merrimack,31,21,FBS Independents,NEC,,Warren McGuirk Alumni Stadium,14672
2023,10,regular,2023-11-04,Memphis,South Florida,59,50,American Athletic,American Athletic,,Simmons Bank Liberty Stadium,30223
2023,10,regular,2023-11-04,Michigan,Purdue,41,13,Big Ten,Big Ten,,Michigan Stadium,110245
2023,10,regular,2023-11-04,Michigan State,Nebraska,20,17,Big Ten,Big Ten,,Spartan Stadium,63134
2023,10,regular,2023-11-04,Minnesota,Illinois,26,27,Big Ten,Big Ten,,Huntington Bank Stadium,42906
2023,10,regular,2023-11-04,Mississippi State,Kentucky,3,24,SEC,SEC,,Davis Wade Stadium,52329
2023,10,regular,2023-11-04,Nevada,Hawai'i,14,27,Mountain West,Mountain West,,Mackay Stadium,15540
2023,10,regular,2023-11-04,New Mexico,UNLV,14,56,Mountain West,Mountain West,,University Stadium (NM),12353
2023,10,regular,2023-11-04,New Mexico State,Middle Tennessee,13,7,Conference USA,Conference USA,,Aggie Memorial Stadium,
2023,10,regular,2023-11-04,North Carolina,Campbell,59,7,ACC,Coastal Athletic,,Kenan Stadium,47667
2023,10,regular,2023-11-04,North Texas,UTSA,29,37,American Athletic,American Athletic,,DATCU Stadium,17354
2023,10,regular,2023-11-04,Northwestern,Iowa,7,10,Big Ten,Big Ten,1,Wrigley Field,
2023,10,regular,2023-11-04,Oklahoma State,Oklahoma,27,24,Big 12,Big 12,,Boone Pickens Stadium,54105
2023,10,regular,2023-11-04,Old Dominion,Coastal Carolina,24,28,Sun Belt,Sun Belt,,S.B. Ballard Stadium,17982
2023,10,regular,2023-11-04,Ole Miss,Texas A&M,38,35,SEC,SEC,,Vaught-Hemingway Stadium,65680
2023,10,regular,2023-11-04,Oregon,California,63,19,Pac-12,Pac-12,,Autzen Stadium,54046
2023,10,regular,2023-11-04,Pittsburgh,Florida State,7,24,ACC,ACC,,Acrisure Stadium,57557
2023,10,regular,2023-11-04,Rice,SMU,31,36,American Athletic,American Athletic,,Rice Stadium,21632
2023,10,regular,2023-11-04,Rutgers,Ohio State,16,35,Big Ten,Big Ten,,SHI Stadium,53703
2023,10,regular,2023-11-04,Sam Houston,Kennesaw State,24,21,Conference USA,FCS Independents,,Elliott T. Bowers Stadium,7143
2023,10,regular,2023-11-04,San Diego State,Utah State,24,32,Mountain West,Mountain West,,Snapdragon Stadium,23096
2023,10,regular,2023-11-04,South Carolina,Jacksonville State,38,28,SEC,Conference USA,,Williams-Brice Stadium,75348
2023,10,regular,2023-11-04,Southern Miss,UL Monroe,24,7,Sun Belt,Sun Belt,,M. M. Roberts Stadium,20193
2023,10,regular,2023-11-04,Temple,Navy,32,18,American Athletic,American Athletic,,Lincoln Financial Field,13049
2023,10,regular,2023-11-04,Tennessee,UConn,59,3,SEC,FBS Independents,,Neyland Stadium,101915
2023,10,regular,2023-11-04,Texas,Kansas State,33,30,Big 12,Big 12,,DKR-Texas Memorial Stadium,102846
2023,10,regular,2023-11-04,Texas State,Georgia Southern,45,24,Sun Belt,Sun Belt,,Bobcat Stadium (TX),18204
2023,10,regular,2023-11-04,Tulsa,Charlotte,26,33,American Athletic,American Athletic,,Chapman Stadium,20151
2023,10,regular,2023-11-04,UAB,Florida Atlantic,45,42,American Athletic,American Athletic,,Protective Stadium,20676
2023,10,regular,2023-11-04,USC,Washington,42,52,Pac-12,Pac-12,,Los Angeles Memorial Coliseum,72243
2023,10,regular,2023-11-04,Utah,Arizona State,55,3,Pac-12,Pac-12,,Rice-Eccles Stadium,52104
2023,10,regular,2023-11-04,Vanderbilt,Auburn,15,31,SEC,SEC,,FirstBank Stadium,28500
2023,10,regular,2023-11-04,Virginia,Georgia Tech,17,45,ACC,ACC,,Scott Stadium,42606
2023,10,regular,2023-11-04,West Virginia,BYU,37,7,Big 12,Big 12,,Milan Puskar Stadium,50266
2023,10,regular,2023-11-04,Wyoming,Colorado State,24,15,Mountain West,Mountain West,,War Memorial Stadium,27905
2023,10,regular,2023-11-05,Arizona,UCLA,27,10,Pac-12,Pac-12,,Arizona Stadium,44956
2023,10,regular,2023-11-05,Colorado,Oregon State,19,26,Pac-12,Pac-12,,Folsom Field,52725
2023,10,regular,2023-11-05,Fresno State,Boise State,37,30,Mountain West,Mountain West,,Valley Children's Stadium,41031
2023,10,regular,2023-11-05,NC State,Miami,20,6,ACC,ACC,,Carter-Finley Stadium,56919
2023,10,regular,2023-11-05,UTEP,Western Kentucky,13,21,Conference USA,Conference USA,,Sun Bowl,11111
2023,10,regular,2023-11-05,Washington State,Stanford,7,10,Pac-12,Pac-12,,Gesa Field,24385
2023,11,regular,2023-11-08,Buffalo,Ohio,10,20,Mid-American,Mid-American,,UB Stadium,11444
2023,11,regular,2023-11-08,Northern Illinois,Ball State,17,20,Mid-American,Mid-American,,Huskie Stadium,6282
2023,11,regular,2023-11-08,Western Michigan,Central Michigan,38,28,Mid-American,Mid-American,,Waldo Stadium,
2023,11,regular,2023-11-09,Kent State,Bowling Green,19,49,Mid-American,Mid-American,,Dix Stadium,6065
2023,11,regular,2023-11-09,Miami (OH),Akron,19,0,Mid-American,Mid-American,,Yager Stadium,7233
2023,11,regular,2023-11-09,Toledo,Eastern Michigan,49,23,Mid-American,Mid-American,,Glass Bowl,17842
2023,11,regular,2023-11-10,Louisiana,Southern Miss,31,34,Sun Belt,Sun Belt,,Cajun Field,15137
2023,11,regular,2023-11-10,Louisville,Virginia,31,24,ACC,ACC,,L&N Federal Credit Union Stadium,44628
2023,11,regular,2023-11-11,Arkansas,Auburn,10,48,SEC,SEC,,Razorback Stadium,72033
2023,11,regular,2023-11-11,Army,Holy Cross,17,14,FBS Independents,Patriot,,Michie Stadium,30602
2023,11,regular,2023-11-11,Boston College,Virginia Tech,22,48,ACC,ACC,,"Alumni Stadium (Chestnut Hill, MA)",33665
2023,11,regular,2023-11-11,California,Washington State,42,39,Pac-12,Pac-12,,California Memorial Stadium,38155
2023,11,regular,2023-11-11,Charlotte,Memphis,38,44,American Athletic,American Athletic,,Jerry Richardson Stadium,8895
2023,11,regular,2023-11-11,Clemson,Georgia Tech,42,21,ACC,ACC,,"Memorial Stadium (Clemson, SC)",81426
2023,11,regular,2023-11-11,Coastal Carolina,Texas State,31,23,Sun Belt,Sun Belt,,Brooks Stadium (SC),15832
2023,11,regular,2023-11-11,Colorado,Arizona,31,34,Pac-12,Pac-12,,Folsom Field,52788
2023,11,regular,2023-11-11,Florida Atlantic,East Carolina,7,22,American Athletic,American Athletic,,FAU Stadium,
2023,11,regular,2023-11-11,Florida State,Miami,27,20,ACC,ACC,,Doak Campbell Stadium,79560
2023,11,regular,2023-11-11,Georgia State,App State,14,42,Sun Belt,Sun Belt,,Center Parc Stadium,14260
2023,11,regular,2023-11-11,Illinois,Indiana,48,45,Big Ten,Big Ten,,"Memorial Stadium (Champaign, IL)",53157
2023,11,regular,2023-11-11,Iowa,Rutgers,22,0,Big Ten,Big Ten,,Kinnick Stadium,69250
2023,11,regular,2023-11-11,James Madison,UConn,44,6,Sun Belt,FBS Independents,,Bridgeforth Stadium,25240
2023,11,regular,2023-11-11,Kansas,Texas Tech,13,16,Big 12,Big 12,,Memorial Stadium,47233
2023,11,regular,2023-11-11,Kansas State,Baylor,59,25,Big 12,Big 12,,Bill Snyder Family Stadium,51790
2023,11,regular,2023-11-11,Kentucky,Alabama,21,49,SEC,SEC,,Kroger Field,61936
2023,11,regular,2023-11-11,Liberty,Old Dominion,38,10,Conference USA,Sun Belt,,Williams Stadium (VA),21481
2023,11,regular,2023-11-11,Louisiana Tech,Sam Houston,27,42,Conference USA,Conference USA,,Joe Aillet Stadium,15080
2023,11,regular,2023-11-11,Middle Tennessee,Florida International,40,6,Conference USA,Conference USA,,"Johnny ""Red"" Floyd Stadium",11111
2023,11,regular,2023-11-11,Missouri,Tennessee,36,7,SEC,SEC,,Memorial Stadium,62621
2023,11,regular,2023-11-11,Navy,UAB,31,6,American Athletic,American Athletic,,Navy-Marine Corps Memorial Stadium,29078
2023,11,regular,2023-11-11,Nebraska,Maryland,10,13,Big Ten,Big Ten,,"Memorial Stadium (Lincoln, NE)",86830
2023,11,regular,2023-11-11,Oregon State,Stanford,62,17,Pac-12,Pac-12,,Reser Stadium,37107
2023,11,regular,2023-11-11,Penn State,Michigan,15,24,Big Ten,Big Ten,,Beaver Stadium,110856
2023,11,regular,2023-11-11,Purdue,Minnesota,49,30,Big Ten,Big Ten,,Ross-Ade Stadium,59049
2023,11,regular,2023-11-11,SMU,North Texas,45,21,American Athletic,American Athletic,,Gerald J. Ford Stadium,22043
2023,11,regular,2023-11-11,South Alabama,Arkansas State,21,14,Sun Belt,Sun Belt,,Hancock Whitney Stadium,15242
2023,11,regular,2023-11-11,South Carolina,Vanderbilt,47,6,SEC,SEC,,Williams-Brice Stadium,75682
2023,11,regular,2023-11-11,South Florida,Temple,27,23,American Athletic,American Athletic,,Raymond James Stadium,30938
2023,11,regular,2023-11-11,Syracuse,Pittsburgh,28,13,ACC,ACC,1,Yankee Stadium,17101
2023,11,regular,2023-11-11,Tulane,Tulsa,24,22,American Athletic,American Athletic,,Yulman Stadium,20126
2023,11,regular,2023-11-11,UCF,Oklahoma State,45,3,Big 12,Big 12,,FBC Mortgage Stadium,44046
2023,11,regular,2023-11-11,UL Monroe,Troy,14,45,Sun Belt,Sun Belt,,Malone Stadium,7683
2023,11,regular,2023-11-11,UNLV,Wyoming,34,14,Mountain West,Mountain West,,Allegiant Stadium,25568
2023,11,regular,2023-11-11,Utah State,Nevada,41,24,Mountain West,Mountain West,,Maverik Stadium,17760
2023,11,regular,2023-11-11,Wake Forest,NC State,6,26,ACC,ACC,,Allegacy Federal Credit Union Stadium,29591
2023,11,regular,2023-11-11,Washington,Utah,35,28,Pac-12,Pac-12,,Husky Stadium,70976
2023,11,regular,2023-11-11,Western Kentucky,New Mexico State,29,38,Conference USA,Conference USA,,Houchens Industries-L.T. Smith Stadium,16319
2023,11,regular,2023-11-11,Wisconsin,Northwestern,10,24,Big Ten,Big Ten,,Camp Randall Stadium,76124
2023,11,regular,2023-11-12,BYU,Iowa State,13,45,Big 12,Big 12,,LaVell Edwards Stadium,60754
2023,11,regular,2023-11-12,Boise State,New Mexico,42,14,Mountain West,Mountain West,,Albertsons Stadium,34076
2023,11,regular,2023-11-12,Colorado State,San Diego State,22,19,Mountain West,Mountain West,,Canvas Stadium,22033
2023,11,regular,2023-11-12,Georgia,Ole Miss,52,17,SEC,SEC,,Sanford Stadium,92746
2023,11,regular,2023-11-12,Hawai'i,Air Force,27,13,Mountain West,Mountain West,,Clarence T.C. Ching Athletics Complex,12742
2023,11,regular,2023-11-12,Houston,Cincinnati,14,24,Big 12,Big 12,,TDECU Stadium,34312
2023,11,regular,2023-11-12,LSU,Florida,52,35,SEC,SEC,,Tiger Stadium (LA),102321
2023,11,regular,2023-11-12,Marshall,Georgia Southern,38,33,Sun Belt,Sun Belt,,Joan C. Edwards Stadium,19175
2023,11,regular,2023-11-12,North Carolina,Duke,47,45,ACC,ACC,,Kenan Stadium,50500
2023,11,regular,2023-11-12,Ohio State,Michigan State,38,3,Big Ten,Big Ten,,Ohio Stadium,105137
2023,11,regular,2023-11-12,Oklahoma,West Virginia,59,20,Big 12,Big 12,,"Memorial Stadium (Norman, OK)",83525
2023,11,regular,2023-11-12,Oregon,USC,36,27,Pac-12,Pac-12,,Autzen Stadium,59957
2023,11,regular,2023-11-12,San José State,Fresno State,42,18,Mountain West,Mountain West,,CEFCU Stadium,18886
2023,11,regular,2023-11-12,TCU,Texas,26,29,Big 12,Big 12,,Amon G. Carter Stadium,50812
2023,11,regular,2023-11-12,Texas A&M,Mississippi State,51,10,SEC,SEC,,Kyle Field,103266
2023,11,regular,2023-11-12,UCLA,Arizona State,7,17,Pac-12,Pac-12,,Rose Bowl,56436
2023,11,regular,2023-11-12,UTSA,Rice,34,14,American Athletic,American Athletic,,Alamodome,28245
2023,12,regular,2023-11-15,Bowling Green,Toledo,31,32,Mid-American,Mid-American,,Doyt L. Perry Stadium,20590
2023,12,regular,2023-11-15,Eastern Michigan,Akron,30,27,Mid-American,Mid-American,,Rynearson Stadium,13664
2023,12,regular,2023-11-15,Northern Illinois,Western Michigan,24,0,Mid-American,Mid-American,,Huskie Stadium,6417
2023,12,regular,2023-11-16,Miami (OH),Buffalo,23,10,Mid-American,Mid-American,,Yager Stadium,7561
2023,12,regular,2023-11-16,Ohio,Central Michigan,34,20,Mid-American,Mid-American,,Peden Stadium,14736
2023,12,regular,2023-11-17,Pittsburgh,Boston College,24,16,ACC,ACC,,Acrisure Stadium,41842
2023,12,regular,2023-11-18,Air Force,UNLV,27,31,Mountain West,Mountain West,,Falcon Stadium,23574
2023,12,regular,2023-11-18,Alabama,Chattanooga,66,10,SEC,Southern,,Bryant-Denny Stadium,100077
2023,12,regular,2023-11-18,Arizona,Utah,42,18,Pac-12,Pac-12,,Arizona Stadium,50800
2023,12,regular,2023-11-18,Arizona State,Oregon,13,49,Pac-12,Pac-12,,Mountain America Stadium,44741
2023,12,regular,2023-11-18,Arkansas State,Texas State,77,31,Sun Belt,Sun Belt,,Centennial Bank Stadium,16721
2023,12,regular,2023-11-18,Army,Coastal Carolina,28,21,FBS Independents,Sun Belt,,Michie Stadium,26867
2023,12,regular,2023-11-18,Auburn,New Mexico State,10,31,SEC,Conference USA,,Jordan-Hare Stadium,88043
2023,12,regular,2023-11-18,BYU,Oklahoma,24,31,Big 12,Big 12,,LaVell Edwards Stadium,63714
2023,12,regular,2023-11-18,Ball State,Kent State,34,3,Mid-American,Mid-American,,Scheumann Stadium,8554
2023,12,regular,2023-11-18,Charlotte,Rice,7,28,American Athletic,American Athletic,,Jerry Richardson Stadium,9385
2023,12,regular,2023-11-18,Clemson,North Carolina,31,20,ACC,ACC,,"Memorial Stadium (Clemson, SC)",81305
2023,12,regular,2023-11-18,Colorado State,Nevada,30,20,Mountain West,Mountain West,,Canvas Stadium,20121
2023,12,regular,2023-11-18,Florida Atlantic,Tulane,8,24,American Athletic,American Athletic,,FAU Stadium,15871
2023,12,regular,2023-11-18,Florida State,North Alabama,58,13,ACC,UAC,,Doak Campbell Stadium,79560
2023,12,regular,2023-11-18,Georgia Southern,Old Dominion,17,20,Sun Belt,Sun Belt,,Allen E. Paulson Stadium,20032
2023,12,regular,2023-11-18,Houston,Oklahoma State,30,43,Big 12,Big 12,,TDECU Stadium,33906
2023,12,regular,2023-11-18,Indiana,Michigan State,21,24,Big Ten,Big Ten,,"Memorial Stadium (Bloomington, IN)",40666
2023,12,regular,2023-11-18,Iowa,Illinois,15,13,Big Ten,Big Ten,,Kinnick Stadium,69250
2023,12,regular,2023-11-18,Jacksonville State,Louisiana Tech,56,17,Conference USA,Conference USA,,AmFirst Stadium,20252
2023,12,regular,2023-11-18,James Madison,App State,23,26,Sun Belt,Sun Belt,,Bridgeforth Stadium,25838
2023,12,regular,2023-11-18,Liberty,Massachusetts,49,25,Conference USA,FBS Independents,,Williams Stadium (VA),16860
2023,12,regular,2023-11-18,Maryland,Michigan,24,31,Big Ten,Big Ten,,SECU Stadium,49546
2023,12,regular,2023-11-18,Memphis,SMU,34,38,American Athletic,American Athletic,,Simmons Bank Liberty Stadium,30313
2023,12,regular,2023-11-18,Miami,Louisville,31,38,ACC,ACC,,Hard Rock Stadium,44996
2023,12,regular,2023-11-18,Middle Tennessee,UTEP,34,30,Conference USA,Conference USA,,"Johnny ""Red"" Floyd Stadium",9122
2023,12,regular,2023-11-18,Mississippi State,Southern Miss,41,20,SEC,Sun Belt,,Davis Wade Stadium,
2023,12,regular,2023-11-18,Navy,East Carolina,10,0,American Athletic,American Athletic,,Navy-Marine Corps Memorial Stadium,28708
2023,12,regular,2023-11-18,Northwestern,Purdue,23,15,Big Ten,Big Ten,,Ryan Field,23291
2023,12,regular,2023-11-18,Notre Dame,Wake Forest,45,7,FBS Independents,ACC,,Notre Dame Stadium,77622
2023,12,regular,2023-11-18,Ohio State,Minnesota,37,3,Big Ten,Big Ten,,Ohio Stadium,104019
2023,12,regular,2023-11-18,Ole Miss,UL Monroe,35,3,SEC,Sun Belt,,Vaught-Hemingway Stadium,60752
2023,12,regular,2023-11-18,Penn State,Rutgers,27,6,Big Ten,Big Ten,,Beaver Stadium,105114
2023,12,regular,2023-11-18,South Alabama,Marshall,28,0,Sun Belt,Sun Belt,,Hancock Whitney Stadium,14105
2023,12,regular,2023-11-18,Stanford,California,15,27,Pac-12,Pac-12,,Stanford Stadium,52971
2023,12,regular,2023-11-18,TCU,Baylor,42,17,Big 12,Big 12,,Amon G. Carter Stadium,42621
2023,12,regular,2023-11-18,Tennessee,Georgia,10,38,SEC,SEC,,Neyland Stadium,101915
2023,12,regular,2023-11-18,Texas A&M,Abilene Christian,38,10,SEC,UAC,,Kyle Field,94794
2023,12,regular,2023-11-18,Texas Tech,UCF,24,23,Big 12,Big 12,,Jones AT&T Stadium,53851
2023,12,regular,2023-11-18,Troy,Louisiana,31,24,Sun Belt,Sun Belt,,Veterans Memorial Stadium (AL),26621
2023,12,regular,2023-11-18,Tulsa,North Texas,28,35,American Athletic,American Athletic,,Chapman Stadium,16520
2023,12,regular,2023-11-18,UAB,Temple,34,24,American Athletic,American Athletic,,Protective Stadium,17486
2023,12,regular,2023-11-18,UConn,Sacred Heart,31,3,FBS Independents,NEC,,Pratt & Whitney Stadium,19053
2023,12,regular,2023-11-18,USC,UCLA,20,38,Pac-12,Pac-12,,Los Angeles Memorial Coliseum,72244
2023,12,regular,2023-11-18,UTSA,South Florida,49,21,American Athletic,American Athletic,,Alamodome,22096
2023,12,regular,2023-11-18,Virginia,Duke,30,27,ACC,ACC,,Scott Stadium,36400
2023,12,regular,2023-11-18,Virginia Tech,NC State,28,35,ACC,ACC,,Lane Stadium,65632
2023,12,regular,2023-11-18,Washington State,Colorado,56,14,Pac-12,Pac-12,,Gesa Field,27869
2023,12,regular,2023-11-18,West Virginia,Cincinnati,42,21,Big 12,Big 12,,Milan Puskar Stadium,43588
2023,12,regular,2023-11-18,Western Kentucky,Sam Houston,28,23,Conference USA,Conference USA,,Houchens Industries-L.T. Smith Stadium,11041
2023,12,regular,2023-11-18,Wyoming,Hawai'i,42,9,Mountain West,Mountain West,,War Memorial Stadium,18233
2023,12,regular,2023-11-19,Arkansas,Florida International,44,20,SEC,Conference USA,,Razorback Stadium,61442
2023,12,regular,2023-11-19,Fresno State,New Mexico,17,25,Mountain West,Mountain West,,Valley Children's Stadium,38569
2023,12,regular,2023-11-19,Georgia Tech,Syracuse,31,22,ACC,ACC,,Bobby Dodd Stadium,33332
2023,12,regular,2023-11-19,Iowa State,Texas,16,26,Big 12,Big 12,,Jack Trice Stadium,61500
2023,12,regular,2023-11-19,Kansas,Kansas State,27,31,Big 12,Big 12,,Memorial Stadium,47233
2023,12,regular,2023-11-19,LSU,Georgia State,56,14,SEC,Sun Belt,,Tiger Stadium (LA),100212
2023,12,regular,2023-11-19,Missouri,Florida,33,31,SEC,SEC,,Memorial Stadium,62621
2023,12,regular,2023-11-19,Oregon State,Washington,20,22,Pac-12,Pac-12,,Reser Stadium,38415
2023,12,regular,2023-11-19,San José State,San Diego State,24,13,Mountain West,Mountain West,,CEFCU Stadium,16224
2023,12,regular,2023-11-19,South Carolina,Kentucky,17,14,SEC,SEC,,Williams-Brice Stadium,77788
2023,12,regular,2023-11-19,Utah State,Boise State,10,45,Mountain West,Mountain West,,Maverik Stadium,17821
2023,12,regular,2023-11-19,Wisconsin,Nebraska,24,17,Big Ten,Big Ten,,Camp Randall Stadium,72237
2023,13,regular,2023-11-22,Buffalo,Eastern Michigan,11,24,Mid-American,Mid-American,,UB Stadium,11243
2023,13,regular,2023-11-22,Western Michigan,Bowling Green,10,34,Mid-American,Mid-American,,Waldo Stadium,8901
2023,13,regular,2023-11-24,Akron,Ohio,14,25,Mid-American,Mid-American,,InfoCision Stadium,6152
2023,13,regular,2023-11-24,Arkansas,Missouri,14,48,SEC,SEC,,Razorback Stadium,59847
2023,13,regular,2023-11-24,Boise State,Air Force,27,19,Mountain West,Mountain West,,Albertsons Stadium,36390
2023,13,regular,2023-11-24,Boston College,Miami,20,45,ACC,ACC,,"Alumni Stadium (Chestnut Hill, MA)",30569
2023,13,regular,2023-11-24,Central Michigan,Toledo,17,32,Mid-American,Mid-American,,Kelly/Shorts Stadium,8612
2023,13,regular,2023-11-24,Mississippi State,Ole Miss,7,17,SEC,SEC,,Davis Wade Stadium,60412
2023,13,regular,2023-11-24,Nebraska,Iowa,10,13,Big Ten,Big Ten,,"Memorial Stadium (Lincoln, NE)",86183
2023,13,regular,2023-11-24,New Mexico,Utah State,41,44,Mountain West,Mountain West,,University Stadium (NM),12094
2023,13,regular,2023-11-24,Oklahoma,TCU,69,45,Big 12,Big 12,,"Memorial Stadium (Norman, OK)",83669
2023,13,regular,2023-11-24,Temple,Memphis,21,45,American Athletic,American Athletic,,Lincoln Financial Field,10830
2023,13,regular,2023-11-24,Tulane,UTSA,29,16,American Athletic,American Athletic,,Yulman Stadium,25103
2023,13,regular,2023-11-25,App State,Georgia Southern,55,27,Sun Belt,Sun Belt,,Kidd Brewer Stadium,31248
2023,13,regular,2023-11-25,Arizona State,Arizona,23,59,Pac-12,Pac-12,,Mountain America Stadium,53414
2023,13,regular,2023-11-25,Auburn,Alabama,24,27,SEC,SEC,,Jordan-Hare Stadium,88043
2023,13,regular,2023-11-25,Ball State,Miami (OH),15,17,Mid-American,Mid-American,,Scheumann Stadium,8054
2023,13,regular,2023-11-25,Coastal Carolina,James Madison,14,56,Sun Belt,Sun Belt,,Brooks Stadium (SC),16196
2023,13,regular,2023-11-25,Duke,Pittsburgh,30,19,ACC,ACC,,Wallace Wade Stadium,17639
2023,13,regular,2023-11-25,East Carolina,Tulsa,27,29,American Athletic,American Athletic,,Dowdy-Ficklen Stadium,29567
2023,13,regular,2023-11-25,Florida International,Western Kentucky,28,41,Conference USA,Conference USA,,FIU Stadium,12724
2023,13,regular,2023-11-25,Illinois,Northwestern,43,45,Big Ten,Big Ten,,"Memorial Stadium (Champaign, IL)",42310
2023,13,regular,2023-11-25,Kent State,Northern Illinois,27,37,Mid-American,Mid-American,,Dix Stadium,
2023,13,regular,2023-11-25,LSU,Texas A&M,42,30,SEC,SEC,,Tiger Stadium (LA),101178
2023,13,regular,2023-11-25,Louisiana,UL Monroe,52,21,Sun Belt,Sun Belt,,Cajun Field,13892
2023,13,regular,2023-11-25,Louisville,Kentucky,31,38,ACC,SEC,,L&N Federal Credit Union Stadium,59225
2023,13,regular,2023-11-25,Marshall,Arkansas State,35,21,Sun Belt,Sun Belt,,Joan C. Edwards Stadium,18673
2023,13,regular,2023-11-25,Massachusetts,UConn,18,31,FBS Independents,FBS Independents,,Warren McGuirk Alumni Stadium,12291
2023,13,regular,2023-11-25,Michigan,Ohio State,30,24,Big Ten,Big Ten,,Michigan Stadium,110615
2023,13,regular,2023-11-25,Michigan State,Penn State,0,42,Big Ten,Big Ten,1,Ford Field,51927
2023,13,regular,2023-11-25,Minnesota,Wisconsin,14,28,Big Ten,Big Ten,,Huntington Bank Stadium,48119
2023,13,regular,2023-11-25,New Mexico State,Jacksonville State,20,17,Conference USA,Conference USA,,Aggie Memorial Stadium,15702
2023,13,regular,2023-11-25,North Texas,UAB,45,42,American Athletic,American Athletic,,DATCU Stadium,14628
2023,13,regular,2023-11-25,Oklahoma State,BYU,40,34,Big 12,Big 12,,Boone Pickens Stadium,53855
2023,13,regular,2023-11-25,Old Dominion,Georgia State,25,24,Sun Belt,Sun Belt,,S.B. Ballard Stadium,15717
2023,13,regular,2023-11-25,Oregon,Oregon State,31,7,Pac-12,Pac-12,,Autzen Stadium,59987
2023,13,regular,2023-11-25,Purdue,Indiana,35,31,Big Ten,Big Ten,,Ross-Ade Stadium,59993
2023,13,regular,2023-11-25,Rice,Florida Atlantic,24,21,American Athletic,American Athletic,,Rice Stadium,19393
2023,13,regular,2023-11-25,Rutgers,Maryland,24,42,Big Ten,Big Ten,,SHI Stadium,
2023,13,regular,2023-11-25,SMU,Navy,59,14,American Athletic,American Athletic,,Gerald J. Ford Stadium,21490
2023,13,regular,2023-11-25,Sam Houston,Middle Tennessee,23,20,Conference USA,Conference USA,,Elliott T. Bowers Stadium,5349
2023,13,regular,2023-11-25,Southern Miss,Troy,17,35,Sun Belt,Sun Belt,,M. M. Roberts Stadium,19766
2023,13,regular,2023-11-25,Syracuse,Wake Forest,35,31,ACC,ACC,,JMA Wireless Dome,35018
2023,13,regular,2023-11-25,Tennessee,Vanderbilt,48,24,SEC,SEC,,Neyland Stadium,101915
2023,13,regular,2023-11-25,Texas,Texas Tech,57,7,Big 12,Big 12,,DKR-Texas Memorial Stadium,102452
2023,13,regular,2023-11-25,UCF,Houston,27,13,Big 12,Big 12,,FBC Mortgage Stadium,43610
2023,13,regular,2023-11-25,UNLV,San José State,31,37,Mountain West,Mountain West,,Allegiant Stadium,25554
2023,13,regular,2023-11-25,UTEP,Liberty,28,42,Conference USA,Conference USA,,Sun Bowl,10240
2023,13,regular,2023-11-25,Utah,Colorado,23,17,Pac-12,Pac-12,,Rice-Eccles Stadium,51595
2023,13,regular,2023-11-25,Virginia,Virginia Tech,17,55,ACC,ACC,,Scott Stadium,42976
2023,13,regular,2023-11-25,Washington,Washington State,24,21,Pac-12,Pac-12,,Husky Stadium,71312
2023,13,regular,2023-11-26,Baylor,West Virginia,31,34,Big 12,Big 12,,McLane Stadium,36200
2023,13,regular,2023-11-26,Cincinnati,Kansas,16,49,Big 12,Big 12,,Nippert Stadium,38193
2023,13,regular,2023-11-26,Florida,Florida State,15,24,SEC,ACC,,Ben Hill Griffin Stadium,90341
2023,13,regular,2023-11-26,Georgia Tech,Georgia,23,31,ACC,SEC,,Bobby Dodd Stadium,51447
2023,13,regular,2023-11-26,Hawai'i,Colorado State,27,24,Mountain West,Mountain West,,Clarence T.C. Ching Athletics Complex,11013
2023,13,regular,2023-11-26,Kansas State,Iowa State,35,42,Big 12,Big 12,,Bill Snyder Family Stadium,51481
2023,13,regular,2023-11-26,NC State,North Carolina,39,20,ACC,ACC,,Carter-Finley Stadium,
2023,13,regular,2023-11-26,Nevada,Wyoming,6,42,Mountain West,Mountain West,,Mackay Stadium,12044
2023,13,regular,2023-11-26,San Diego State,Fresno State,33,18,Mountain West,Mountain West,,Snapdragon Stadium,22000
2023,13,regular,2023-11-26,South Carolina,Clemson,7,16,SEC,ACC,,Williams-Brice Stadium,80172
2023,13,regular,2023-11-26,South Florida,Charlotte,48,14,American Athletic,American Athletic,,Raymond James Stadium,29279
2023,13,regular,2023-11-26,Stanford,Notre Dame,23,56,Pac-12,FBS Independents,,Stanford Stadium,30901
2023,13,regular,2023-11-26,Texas State,South Alabama,52,44,Sun Belt,Sun Belt,,Bobcat Stadium (TX),15617
2023,13,regular,2023-11-26,UCLA,California,7,33,Pac-12,Pac-12,,Rose Bowl,42439
2023,14,regular,2023-12-02,Alabama,Georgia,27,24,SEC,SEC,1,Mercedes-Benz Stadium,78320
2023,14,regular,2023-12-02,Liberty,New Mexico State,49,35,Conference USA,Conference USA,,Williams Stadium (VA),20077
2023,14,regular,2023-12-02,Texas,Oklahoma State,49,21,Big 12,Big 12,1,AT&T Stadium,84523
2023,14,regular,2023-12-02,Toledo,Miami (OH),14,23,Mid-American,Mid-American,1,Ford Field,20200
2023,14,regular,2023-12-02,Troy,App State,49,23,Sun Belt,Sun Belt,,Veterans Memorial Stadium (AL),20183
2023,14,regular,2023-12-02,Tulane,SMU,14,26,American Athletic,American Athletic,,Yulman Stadium,25206
2023,14,regular,2023-12-02,UNLV,Boise State,20,44,Mountain West,Mountain West,,Allegiant Stadium,31473
2023,14,regular,2023-12-02,Washington,Oregon,34,31,Pac-12,Pac-12,1,Allegiant Stadium,61195
2023,14,regular,2023-12-03,Florida State,Louisville,16,6,ACC,ACC,1,Bank of America Stadium,62314
2023,14,regular,2023-12-03,Iowa,Michigan,0,26,Big Ten,Big Ten,1,Lucas Oil Stadium,67842
2023,15,regular,2023-12-09,Army,Navy,17,11,FBS Independents,American Athletic,1,Gillette Stadium,65878
2023,1,postseason,2023-12-16,App State,Miami (OH),13,9,Sun Belt,Mid-American,1,FBC Mortgage Stadium,11121
2023,1,postseason,2023-12-16,Fresno State,New Mexico State,37,10,Mountain West,Conference USA,1,University Stadium (NM),30822
2023,1,postseason,2023-12-16,Louisiana,Jacksonville State,31,34,Sun Belt,Conference USA,1,Caesars Superdome,14485
2023,1,postseason,2023-12-16,Ohio,Georgia Southern,41,21,Mid-American,Sun Belt,1,Brooks Stadium (SC),8059
2023,1,postseason,2023-12-17,Boise State,UCLA,22,35,Mountain West,Pac-12,1,SoFi Stadium,32780
2023,1,postseason,2023-12-17,Texas Tech,California,34,14,Big 12,Pac-12,1,Independence Stadium,33071
2023,1,postseason,2023-12-18,Old Dominion,Western Kentucky,35,38,Sun Belt,Conference USA,1,Jerry Richardson Stadium,5632
2023,1,postseason,2023-12-20,Marshall,UTSA,17,35,Sun Belt,American Athletic,1,Toyota Stadium,11215
2023,1,postseason,2023-12-22,Syracuse,South Florida,0,45,ACC,American Athletic,1,FAU Stadium,20711
2023,1,postseason,2023-12-22,UCF,Georgia Tech,17,30,Big 12,ACC,1,Raymond James Stadium,30281
2023,1,postseason,2023-12-23,Air Force,James Madison,31,21,Mountain West,Sun Belt,1,Amon G. Carter Stadium,30828
2023,1,postseason,2023-12-23,Duke,Troy,17,10,ACC,Sun Belt,1,Protective Stadium,20023
2023,1,postseason,2023-12-23,Northern Illinois,Arkansas State,21,19,Mid-American,Sun Belt,1,Cramton Bowl,11310
2023,1,postseason,2023-12-23,Utah State,Georgia State,22,45,Mountain West,Sun Belt,1,Albertsons Stadium,12168
2023,1,postseason,2023-12-24,Eastern Michigan,South Alabama,10,59,Mid-American,Sun Belt,,Hancock Whitney Stadium,20926
2023,1,postseason,2023-12-24,Northwestern,Utah,14,7,Big Ten,Pac-12,1,Allegiant Stadium,20897
2023,1,postseason,2023-12-24,San José State,Coastal Carolina,14,24,Mountain West,Sun Belt,1,Clarence T.C. Ching Athletics Complex,7089
2023,1,postseason,2023-12-26,Minnesota,Bowling Green,30,24,Big Ten,Mid-American,1,Ford Field,28521
2023,1,postseason,2023-12-26,Rice,Texas State,21,45,American Athletic,Sun Belt,1,Gerald J. Ford Stadium,26542
2023,1,postseason,2023-12-27,Tulane,Virginia Tech,20,41,American Athletic,ACC,1,Navy-Marine Corps Memorial Stadium,35849
2023,1,postseason,2023-12-27,UNLV,Kansas,36,49,Mountain West,Big 12,1,Chase Field,26478
2023,1,postseason,2023-12-27,West Virginia,North Carolina,30,10,Big 12,ACC,1,Bank of America Stadium,42925
2023,1,postseason,2023-12-28,Boston College,SMU,23,14,ACC,American Athletic,1,Fenway Park,16238
2023,1,postseason,2023-12-28,Kansas State,NC State,28,19,Big 12,ACC,1,Camping World Stadium,31111
2023,1,postseason,2023-12-28,Miami,Rutgers,24,31,ACC,Big Ten,1,Yankee Stadium,35314
2023,1,postseason,2023-12-28,Oklahoma State,Texas A&M,31,23,Big 12,SEC,1,NRG Stadium,55212
2023,1,postseason,2023-12-28,USC,Louisville,42,28,Pac-12,ACC,1,Petco Park,35317
2023,1,postseason,2023-12-29,Iowa State,Memphis,26,36,Big 12,American Athletic,,Simmons Bank Liberty Stadium,48789
2023,1,postseason,2023-12-29,Kentucky,Clemson,35,38,SEC,ACC,1,EverBank Stadium,40132
2023,1,postseason,2023-12-29,Notre Dame,Oregon State,40,8,FBS Independents,Pac-12,1,Sun Bowl,48223
2023,1,postseason,2023-12-29,Oklahoma,Arizona,24,38,Big 12,Pac-12,1,Alamodome,55883
2023,1,postseason,2023-12-30,Florida State,Georgia,3,63,ACC,SEC,1,Hard Rock Stadium,63324
2023,1,postseason,2023-12-30,Maryland,Auburn,31,13,Big Ten,SEC,1,Nissan Stadium,50088
2023,1,postseason,2023-12-30,Ohio State,Missouri,3,14,Big Ten,SEC,1,AT&T Stadium,70114
2023,1,postseason,2023-12-30,Penn State,Ole Miss,25,38,Big Ten,SEC,1,Mercedes-Benz Stadium,71230
2023,1,postseason,2023-12-30,Wyoming,Toledo,16,15,Mountain West,Mid-American,1,Arizona Stadium,30428
2023,1,postseason,2024-01-01,LSU,Wisconsin,35,31,SEC,Big Ten,1,Raymond James Stadium,31424
2023,1,postseason,2024-01-01,Michigan,Alabama,27,20,Big Ten,SEC,1,Rose Bowl,96371
2023,1,postseason,2024-01-01,Oregon,Liberty,45,6,Pac-12,Conference USA,1,State Farm Stadium,47769
2023,1,postseason,2024-01-01,Tennessee,Iowa,35,0,SEC,Big Ten,1,Camping World Stadium,43861
2023,1,postseason,2024-01-02,Washington,Texas,37,31,Pac-12,Big 12,1,Caesars Superdome,68791
2023,1,postseason,2024-01-09,Michigan,Washington,34,13,Big Ten,Pac-12,1,NRG Stadium,72808
2024,1,regular,2024-08-24,Georgia Tech,Florida State,24,21,ACC,ACC,1,Aviva Stadium,47998
2024,1,regular,2024-08-24,New Mexico,Montana State,31,35,Mountain West,Big Sky,,University Stadium (NM),17314
2024,1,regular,2024-08-25,Hawai'i,Delaware State,35,14,Mountain West,MEAC,,Clarence T.C. Ching Athletics Complex,12206
2024,1,regular,2024-08-25,Nevada,SMU,24,29,Mountain West,ACC,,Mackay Stadium,20263
2024,1,regular,2024-08-29,Arkansas,Arkansas-Pine Bluff,70,0,SEC,SWAC,1,War Memorial Stadium (AR),40127
2024,1,regular,2024-08-29,Bowling Green,Fordham,41,17,Mid-American,Patriot,,Doyt L. Perry Stadium,12786
2024,1,regular,2024-08-29,Buffalo,Lafayette,30,13,Mid-American,Patriot,,UB Stadium,16400
2024,1,regular,2024-08-29,Central Michigan,Central Connecticut,66,10,Mid-American,NEC,,Kelly/Shorts Stadium,18055
2024,1,regular,2024-08-29,NC State,Western Carolina,38,21,ACC,Southern,,Carter-Finley Stadium,56919
2024,1,regular,2024-08-29,Rutgers,Howard,44,7,Big Ten,MEAC,,SHI Stadium,47803
2024,1,regular,2024-08-29,Toledo,Duquesne,49,10,Mid-American,NEC,,Glass Bowl,23515
2024,1,regular,2024-08-29,UCF,New Hampshire,57,3,Big 12,Coastal Athletic,,FBC Mortgage Stadium,44206
2024,1,regular,2024-08-29,UL Monroe,Jackson State,30,14,Sun Belt,SWAC,,Malone Stadium,11145
2024,1,regular,2024-08-29,Wake Forest,North Carolina A&T,45,13,ACC,Coastal Athletic,,Allegacy Federal Credit Union Stadium,29450
2024,1,regular,2024-08-30,Army,Lehigh,42,7,American Athletic,Patriot,,Michie Stadium,23760
2024,1,regular,2024-08-30,Colorado,North Dakota State,31,26,Big 12,MVFC,,Folsom Field,49438
2024,1,regular,2024-08-30,Duke,Elon,26,3,ACC,Coastal Athletic,,Wallace Wade Stadium,18466
2024,1,regular,2024-08-30,Illinois,Eastern Illinois,45,0,Big Ten,Big South-OVC,,"Memorial Stadium (Champaign, IL)",43849
2024,1,regular,2024-08-30,Jacksonville State,Coastal Carolina,27,55,Conference USA,Sun Belt,,AmFirst Stadium,18977
2024,1,regular,2024-08-30,Kansas,Lindenwood,48,3,Big 12,Big South-OVC,1,Children's Mercy Park,20829
2024,1,regular,2024-08-30,Michigan State,Florida Atlantic,16,10,Big Ten,American Athletic,,Spartan Stadium,70271
2024,1,regular,2024-08-30,Minnesota,North Carolina,17,19,Big Ten,ACC,,Huntington Bank Stadium,50805
2024,1,regular,2024-08-30,Missouri,Murray State,51,0,SEC,MVFC,,Memorial Stadium,62621
2024,1,regular,2024-08-30,Oklahoma,Temple,51,3,SEC,American Athletic,,"Memorial Stadium (Norman, OK)",83329
2024,1,regular,2024-08-30,San José State,Sacramento State,42,24,Mountain West,Big Sky,,CEFCU Stadium,13811
2024,1,regular,2024-08-30,Tulane,SE Louisiana,52,0,American Athletic,Southland,,Yulman Stadium,20143
2024,1,regular,2024-08-30,Tulsa,Northwestern State,62,28,American Athletic,Southland,,Chapman Stadium,16483
2024,1,regular,2024-08-30,UAB,Alcorn State,41,3,American Athletic,SWAC,,Protective Stadium,21267
2024,1,regular,2024-08-30,Utah,Southern Utah,49,0,Big 12,UAC,,Rice-Eccles Stadium,52210
2024,1,regular,2024-08-31,Air Force,Merrimack,21,6,Mountain West,FCS Independents,,Falcon Stadium,31658
2024,1,regular,2024-08-31,Alabama,Western Kentucky,63,0,SEC,Conference USA,,Bryant-Denny Stadium,100077
2024,1,regular,2024-08-31,App State,East Tennessee State,38,10,Sun Belt,Southern,,Kidd Brewer Stadium,36232
2024,1,regular,2024-08-31,Arkansas State,Central Arkansas,34,31,Sun Belt,UAC,,Centennial Bank Stadium,21708
2024,1,regular,2024-08-31,Auburn,Alabama A&M,73,3,SEC,SWAC,,Jordan-Hare Stadium,88043
2024,1,regular,2024-08-31,Baylor,Tarleton State,45,3,Big 12,UAC,,McLane Stadium,42272
2024,1,regular,2024-08-31,California,UC Davis,31,13,ACC,Big Sky,,California Memorial Stadium,32275
2024,1,regular,2024-08-31,Cincinnati,Towson,38,20,Big 12,Coastal Athletic,,Nippert Stadium,37654
2024,1,regular,2024-08-31,East Carolina,Norfolk State,42,3,American Athletic,MEAC,,Dowdy-Ficklen Stadium,36467
2024,1,regular,2024-08-31,Florida,Miami,17,41,SEC,ACC,,Ben Hill Griffin Stadium,90544
2024,1,regular,2024-08-31,Georgia,Clemson,34,3,SEC,ACC,1,Mercedes-Benz Stadium,78827
2024,1,regular,2024-08-31,Georgia Southern,Boise State,45,56,Sun Belt,Mountain West,,Allen E. Paulson Stadium,24134
2024,1,regular,2024-08-31,Hawai'i,UCLA,13,16,Mountain West,Big Ten,,Clarence T.C. Ching Athletics Complex,15194
2024,1,regular,2024-08-31,Houston,UNLV,7,27,Big 12,Mountain West,,TDECU Stadium,25750
2024,1,regular,2024-08-31,Indiana,Florida International,31,7,Big Ten,Conference USA,,"Memorial Stadium (Bloomington, IN)",44150
2024,1,regular,2024-08-31,Iowa,Illinois State,40,0,Big Ten,MVFC,,Kinnick Stadium,69250
2024,1,regular,2024-08-31,Iowa State,North Dakota,21,3,Big 12,MVFC,,Jack Trice Stadium,56148
2024,1,regular,2024-08-31,Kansas State,UT Martin,41,6,Big 12,Big South-OVC,,Bill Snyder Family Stadium,51240
2024,1,regular,2024-08-31,Kentucky,Southern Miss,31,0,SEC,Sun Belt,,Kroger Field,61627
2024,1,regular,2024-08-31,Liberty,Campbell,41,24,Conference USA,Coastal Athletic,,Williams Stadium (VA),21573
2024,1,regular,2024-08-31,Louisville,Austin Peay,62,0,ACC,UAC,,L&N Federal Credit Union Stadium,47067
2024,1,regular,2024-08-31,Marshall,Stony Brook,45,3,Sun Belt,Coastal Athletic,,Joan C. Edwards Stadium,25032
2024,1,regular,2024-08-31,Maryland,UConn,50,7,Big Ten,FBS Independents,,SECU Stadium,35421
2024,1,regular,2024-08-31,Massachusetts,Eastern Michigan,14,28,FBS Independents,Mid-American,,Warren McGuirk Alumni Stadium,12810
2024,1,regular,2024-08-31,Memphis,North Alabama,40,0,American Athletic,UAC,,Simmons Bank Liberty Stadium,25849
2024,1,regular,2024-08-31,Michigan,Fresno State,30,10,Big Ten,Mountain West,,Michigan Stadium,110665
2024,1,regular,2024-08-31,Middle Tennessee,Tennessee Tech,32,25,Conference USA,Big South-OVC,,"Johnny ""Red"" Floyd Stadium",16000
2024,1,regular,2024-08-31,Mississippi State,Eastern Kentucky,56,7,SEC,UAC,,Davis Wade Stadium,48724
2024,1,regular,2024-08-31,Navy,Bucknell,49,21,American Athletic,Patriot,,Navy-Marine Corps Memorial Stadium,28763
2024,1,regular,2024-08-31,Nebraska,UTEP,40,7,Big Ten,Conference USA,,"Memorial Stadium (Lincoln, NE)",86072
2024,1,regular,2024-08-31,Northern Illinois,Western Illinois,54,15,Mid-American,Big South-OVC,,Huskie Stadium,10828
2024,1,regular,2024-08-31,Northwestern,Miami (OH),13,6,Big Ten,Mid-American,1,Lanny and Sharon Martin Stadium,12023
2024,1,regular,2024-08-31,Ohio State,Akron,52,6,Big Ten,Mid-American,,Ohio Stadium,102011
2024,1,regular,2024-08-31,Oklahoma State,South Dakota State,44,20,Big 12,MVFC,,Boone Pickens Stadium,52202
2024,1,regular,2024-08-31,Ole Miss,Furman,76,0,SEC,Southern,,Vaught-Hemingway Stadium,66105
2024,1,regular,2024-08-31,Oregon,Idaho,24,14,Big Ten,Big Sky,,Autzen Stadium,57435
2024,1,regular,2024-08-31,Oregon State,Idaho State,38,15,Pac-12,Big Sky,,Reser Stadium,31013
2024,1,regular,2024-08-31,Pittsburgh,Kent State,55,24,ACC,Mid-American,,Acrisure Stadium,44616
2024,1,regular,2024-08-31,Purdue,Indiana State,49,0,Big Ten,MVFC,,Ross-Ade Stadium,59488
2024,1,regular,2024-08-31,Rice,Sam Houston,14,34,American Athletic,Conference USA,,Rice Stadium,17298
2024,1,regular,2024-08-31,South Alabama,North Texas,38,52,Sun Belt,American Athletic,,Hancock Whitney Stadium,15559
2024,1,regular,2024-08-31,South Carolina,Old Dominion,23,19,SEC,Sun Belt,,Williams-Brice Stadium,78496
2024,1,regular,2024-08-31,South Florida,Bethune-Cookman,48,3,American Athletic,SWAC,,Raymond James Stadium,
2024,1,regular,2024-08-31,Stanford,TCU,27,34,ACC,Big 12,,Stanford Stadium,36026
2024,1,regular,2024-08-31,Syracuse,Ohio,38,22,ACC,Mid-American,,JMA Wireless Dome,37225
2024,1,regular,2024-08-31,Tennessee,Chattanooga,69,3,SEC,Southern,,Neyland Stadium,101915
2024,1,regular,2024-08-31,Texas,Colorado State,52,0,SEC,Mountain West,,DKR-Texas Memorial Stadium,99171
2024,1,regular,2024-08-31,Texas A&M,Notre Dame,13,23,SEC,FBS Independents,,Kyle Field,
2024,1,regular,2024-08-31,Texas Tech,Abilene Christian,52,51,Big 12,UAC,,Jones AT&T Stadium,
2024,1,regular,2024-08-31,Troy,Nevada,26,28,Sun Belt,Mountain West,,Veterans Memorial Stadium (AL),27412
2024,1,regular,2024-08-31,UTSA,Kennesaw State,28,16,American Athletic,Conference USA,,Alamodome,25911
2024,1,regular,2024-08-31,Utah State,Robert Morris,36,14,Mountain West,NEC,,Maverik Stadium,17037
2024,1,regular,2024-08-31,Vanderbilt,Virginia Tech,34,27,SEC,ACC,,FirstBank Stadium,
2024,1,regular,2024-08-31,Virginia,Richmond,34,13,ACC,Coastal Athletic,,Scott Stadium,40811
2024,1,regular,2024-08-31,Washington State,Portland State,70,30,Pac-12,Big Sky,,Gesa Field,20089
2024,1,regular,2024-08-31,West Virginia,Penn State,12,34,Big 12,Big Ten,,Milan Puskar Stadium,62084
2024,1,regular,2024-08-31,Wisconsin,Western Michigan,28,14,Big Ten,Mid-American,,Camp Randall Stadium,75158
2024,1,regular,2024-09-01,Arizona,New Mexico,61,39,Big 12,Mountain West,,Arizona Stadium,44748
2024,1,regular,2024-09-01,Arizona State,Wyoming,48,7,Big 12,Mountain West,,Mountain America Stadium,48108
2024,1,regular,2024-09-01,BYU,Southern Illinois,41,13,Big 12,MVFC,,LaVell Edwards Stadium,63712
2024,1,regular,2024-09-01,Charlotte,James Madison,7,30,American Athletic,Sun Belt,,Jerry Richardson Stadium,15614
2024,1,regular,2024-09-01,Georgia Tech,Georgia State,35,12,ACC,Sun Belt,,Bobby Dodd Stadium,40113
2024,1,regular,2024-09-01,LSU,USC,20,27,SEC,Big Ten,1,Allegiant Stadium,63969
2024,1,regular,2024-09-01,Louisiana,Grambling,40,10,Sun Belt,SWAC,,Cajun Field,23107
2024,1,regular,2024-09-01,Louisiana Tech,Nicholls,25,17,Conference USA,Southland,,Joe Aillet Stadium,16570
2024,1,regular,2024-09-01,New Mexico State,Southeast Missouri State,23,16,Conference USA,Big South-OVC,,Aggie Memorial Stadium,10738
2024,1,regular,2024-09-01,SMU,Houston Christian,59,7,ACC,Southland,,Gerald J. Ford Stadium,27080
2024,1,regular,2024-09-01,San Diego State,East Texas A&M,45,14,Mountain West,Southland,,Snapdragon Stadium,25180
2024,1,regular,2024-09-01,Texas State,Lamar,34,27,Sun Belt,Southland,,Bobcat Stadium (TX),19637
2024,1,regular,2024-09-01,Washington,Weber State,35,3,Big Ten,Big Sky,,Husky Stadium,66984
2024,1,regular,2024-09-02,Florida State,Boston College,13,28,ACC,ACC,,Doak Campbell Stadium,51719
2024,2,regular,2024-09-06,Indiana,Western Illinois,77,3,Big Ten,Big South-OVC,,"Memorial Stadium (Bloomington, IN)",39082
2024,2,regular,2024-09-06,SMU,BYU,15,18,ACC,Big 12,,Gerald J. Ford Stadium,31172
2024,2,regular,2024-09-07,Air Force,San José State,7,17,Mountain West,Mountain West,,Falcon Stadium,22478
2024,2,regular,2024-09-07,Alabama,South Florida,42,16,SEC,American Athletic,,Bryant-Denny Stadium,100077
2024,2,regular,2024-09-07,Arkansas State,Tulsa,28,24,Sun Belt,American Athletic,,Centennial Bank Stadium,19316
2024,2,regular,2024-09-07,Auburn,California,14,21,SEC,ACC,,Jordan-Hare Stadium,88043
2024,2,regular,2024-09-07,Ball State,Missouri State,42,34,Mid-American,MVFC,,Scheumann Stadium,10018
2024,2,regular,2024-09-07,Boston College,Duquesne,56,0,ACC,NEC,,"Alumni Stadium (Chestnut Hill, MA)",38441
2024,2,regular,2024-09-07,Cincinnati,Pittsburgh,27,28,Big 12,ACC,,Nippert Stadium,37992
2024,2,regular,2024-09-07,Coastal Carolina,William & Mary,40,21,Sun Belt,Coastal Athletic,,Brooks Stadium (SC),19294
2024,2,regular,2024-09-07,Colorado State,Northern Colorado,38,17,Mountain West,Big Sky,,Canvas Stadium,36573
2024,2,regular,2024-09-07,Florida,Samford,45,7,SEC,Southern,,Ben Hill Griffin Stadium,89295
2024,2,regular,2024-09-07,Florida Atlantic,Army,7,24,American Athletic,American Athletic,,FAU Stadium,21810
2024,2,regular,2024-09-07,Florida International,Central Michigan,52,16,Conference USA,Mid-American,1,Pitbull Stadium,17852
2024,2,regular,2024-09-07,Georgia,Tennessee Tech,48,3,SEC,Big South-OVC,,Sanford Stadium,93033
2024,2,regular,2024-09-07,Georgia State,Chattanooga,24,21,Sun Belt,Southern,,Center Parc Stadium,
2024,2,regular,2024-09-07,Illinois,Kansas,23,17,Big Ten,Big 12,,"Memorial Stadium (Champaign, IL)",60670
2024,2,regular,2024-09-07,Iowa,Iowa State,19,20,Big Ten,Big 12,,Kinnick Stadium,69250
2024,2,regular,2024-09-07,James Madison,Gardner-Webb,13,6,Sun Belt,Big South-OVC,,Bridgeforth Stadium,24570
2024,2,regular,2024-09-07,Kennesaw State,Louisiana,10,34,Conference USA,Sun Belt,,Fifth Third Stadium,11040
2024,2,regular,2024-09-07,Kent State,Saint Francis,17,23,Mid-American,NEC,,Dix Stadium,11585
2024,2,regular,2024-09-07,Kentucky,South Carolina,6,31,SEC,SEC,,Kroger Field,61349
2024,2,regular,2024-09-07,LSU,Nicholls,44,21,SEC,Southland,,Tiger Stadium (LA),100242
2024,2,regular,2024-09-07,Louisville,Jacksonville State,49,14,ACC,Conference USA,,L&N Federal Credit Union Stadium,48575
2024,2,regular,2024-09-07,Maryland,Michigan State,24,27,Big Ten,Big Ten,,SECU Stadium,34819
2024,2,regular,2024-09-07,Memphis,Troy,38,17,American Athletic,Sun Belt,,Simmons Bank Liberty Stadium,23246
2024,2,regular,2024-09-07,Miami,Florida A&M,56,9,ACC,SWAC,,Hard Rock Stadium,57886
2024,2,regular,2024-09-07,Michigan,Texas,12,31,Big Ten,SEC,,Michigan Stadium,111170
2024,2,regular,2024-09-07,Minnesota,Rhode Island,48,0,Big Ten,Coastal Athletic,,Huntington Bank Stadium,41006
2024,2,regular,2024-09-07,Missouri,Buffalo,38,0,SEC,Mid-American,,Memorial Stadium,62621
2024,2,regular,2024-09-07,NC State,Tennessee,10,51,ACC,SEC,1,Bank of America Stadium,72730
2024,2,regular,2024-09-07,Navy,Temple,38,11,American Athletic,American Athletic,,Navy-Marine Corps Memorial Stadium,28889
2024,2,regular,2024-09-07,Nebraska,Colorado,28,10,Big Ten,Big 12,,"Memorial Stadium (Lincoln, NE)",86906
2024,2,regular,2024-09-07,Nevada,Georgia Southern,17,20,Mountain West,Sun Belt,,Mackay Stadium,16245
2024,2,regular,2024-09-07,North Carolina,Charlotte,38,20,ACC,American Athletic,,Kenan Stadium,48431
2024,2,regular,2024-09-07,North Texas,Stephen F. Austin,35,20,American Athletic,Southland,,DATCU Stadium,23510
2024,2,regular,2024-09-07,Northwestern,Duke,20,26,Big Ten,ACC,1,Lanny and Sharon Martin Stadium,11062
2024,2,regular,2024-09-07,Notre Dame,Northern Illinois,14,16,FBS Independents,Mid-American,,Notre Dame Stadium,77622
2024,2,regular,2024-09-07,Ohio,South Alabama,27,20,Mid-American,Sun Belt,,Peden Stadium,22158
2024,2,regular,2024-09-07,Ohio State,Western Michigan,56,0,Big Ten,Mid-American,,Ohio Stadium,102665
2024,2,regular,2024-09-07,Oklahoma,Houston,16,12,SEC,Big 12,,"Memorial Stadium (Norman, OK)",83653
2024,2,regular,2024-09-07,Oklahoma State,Arkansas,39,31,Big 12,SEC,,Boone Pickens Stadium,52202
2024,2,regular,2024-09-07,Old Dominion,East Carolina,14,20,Sun Belt,American Athletic,,S.B. Ballard Stadium,21944
2024,2,regular,2024-09-07,Ole Miss,Middle Tennessee,52,3,SEC,Conference USA,,Vaught-Hemingway Stadium,66427
2024,2,regular,2024-09-07,Penn State,Bowling Green,34,27,Big Ten,Mid-American,,Beaver Stadium,103861
2024,2,regular,2024-09-07,Rice,Texas Southern,69,7,American Athletic,SWAC,,Rice Stadium,17760
2024,2,regular,2024-09-07,Rutgers,Akron,49,17,Big Ten,Mid-American,,SHI Stadium,41021
2024,2,regular,2024-09-07,Southern Miss,SE Louisiana,35,10,Sun Belt,Southland,,M. M. Roberts Stadium,22044
2024,2,regular,2024-09-07,Stanford,Cal Poly,41,7,ACC,Big Sky,,Stanford Stadium,22634
2024,2,regular,2024-09-07,Syracuse,Georgia Tech,31,28,ACC,ACC,,JMA Wireless Dome,39550
2024,2,regular,2024-09-07,Texas A&M,McNeese,52,10,SEC,Southland,,Kyle Field,92345
2024,2,regular,2024-09-07,Texas State,UTSA,49,10,Sun Belt,American Athletic,,Bobcat Stadium (TX),28000
2024,2,regular,2024-09-07,Toledo,Massachusetts,38,23,Mid-American,FBS Independents,,Glass Bowl,21668
2024,2,regular,2024-09-07,Tulane,Kansas State,27,34,American Athletic,Big 12,,Yulman Stadium,25034
2024,2,regular,2024-09-07,UCF,Sam Houston,45,14,Big 12,Conference USA,,FBC Mortgage Stadium,43807
2024,2,regular,2024-09-07,UConn,Merrimack,63,17,FBS Independents,FCS Independents,,Pratt & Whitney Stadium,32351
2024,2,regular,2024-09-07,UL Monroe,UAB,32,6,Sun Belt,American Athletic,,Malone Stadium,12327
2024,2,regular,2024-09-07,UNLV,Utah Tech,72,14,Mountain West,UAC,,Allegiant Stadium,24512
2024,2,regular,2024-09-07,Utah,Baylor,23,12,Big 12,Big 12,,Rice-Eccles Stadium,52827
2024,2,regular,2024-09-07,Vanderbilt,Alcorn State,55,0,SEC,SWAC,,FirstBank Stadium,24080
2024,2,regular,2024-09-07,Virginia Tech,Marshall,31,14,ACC,Sun Belt,,Lane Stadium,65632
2024,2,regular,2024-09-07,Wake Forest,Virginia,30,31,ACC,ACC,,Allegacy Federal Credit Union Stadium,30012
2024,2,regular,2024-09-07,Washington,Eastern Michigan,30,9,Big Ten,Mid-American,,Husky Stadium,64222
2024,2,regular,2024-09-07,West Virginia,UAlbany,49,14,Big 12,Coastal Athletic,,Milan Puskar Stadium,50073
2024,2,regular,2024-09-07,Western Kentucky,Eastern Kentucky,31,0,Conference USA,UAC,,Houchens Industries-L.T. Smith Stadium,16712
2024,2,regular,2024-09-07,Wisconsin,South Dakota,27,13,Big Ten,MVFC,,Camp Randall Stadium,76069
2024,2,regular,2024-09-07,Wyoming,Idaho,13,17,Mountain West,Big Sky,,War Memorial Stadium,25070
2024,2,regular,2024-09-08,Arizona,Northern Arizona,22,10,Big 12,Big Sky,,Arizona Stadium,47746
2024,2,regular,2024-09-08,Arizona State,Mississippi State,30,23,Big 12,SEC,,Mountain America Stadium,45504
2024,2,regular,2024-09-08,Clemson,App State,66,20,ACC,Sun Belt,,"Memorial Stadium (Clemson, SC)",81500
2024,2,regular,2024-09-08,Fresno State,Sacramento State,46,30,Mountain West,Big Sky,,Valley Children's Stadium,41031
2024,2,regular,2024-09-08,New Mexico State,Liberty,24,30,Conference USA,Conference USA,,Aggie Memorial Stadium,16562
2024,2,regular,2024-09-08,Oregon,Boise State,37,34,Big Ten,Mountain West,,Autzen Stadium,58134
2024,2,regular,2024-09-08,San Diego State,Oregon State,0,21,Mountain West,Pac-12,,Snapdragon Stadium,25318
2024,2,regular,2024-09-08,TCU,Long Island University,45,0,Big 12,NEC,,Amon G. Carter Stadium,44063
2024,2,regular,2024-09-08,USC,Utah State,48,0,Big Ten,Mountain West,,Los Angeles Memorial Coliseum,68110
2024,2,regular,2024-09-08,UTEP,Southern Utah,24,27,Conference USA,UAC,,Sun Bowl,41609
2024,2,regular,2024-09-08,Washington State,Texas Tech,37,16,Pac-12,Big 12,,Gesa Field,27372
2024,3,regular,2024-09-12,South Alabama,Northwestern State,87,10,Sun Belt,Southland,,Hancock Whitney Stadium,
2024,3,regular,2024-09-12,Texas State,Arizona State,28,31,Sun Belt,Big 12,,Bobcat Stadium (TX),25187
2024,3,regular,2024-09-13,Kansas,UNLV,20,23,Big 12,Mountain West,1,Children's Mercy Park,21493
2024,3,regular,2024-09-14,Akron,Colgate,31,20,Mid-American,Patriot,,InfoCision Stadium,8932
2024,3,regular,2024-09-14,Arkansas,UAB,37,27,SEC,American Athletic,,Razorback Stadium,75021
2024,3,regular,2024-09-14,Auburn,New Mexico,45,19,SEC,Mountain West,,Jordan-Hare Stadium,88043
2024,3,regular,2024-09-14,Baylor,Air Force,31,3,Big 12,Mountain West,,McLane Stadium,46212
2024,3,regular,2024-09-14,Buffalo,Massachusetts,34,3,Mid-American,FBS Independents,,UB Stadium,15204
2024,3,regular,2024-09-14,Charlotte,Gardner-Webb,27,26,American Athletic,Big South-OVC,,Jerry Richardson Stadium,
2024,3,regular,2024-09-14,Colorado State,Colorado,9,28,Mountain West,Big 12,,Canvas Stadium,40099
2024,3,regular,2024-09-14,Duke,UConn,26,21,ACC,FBS Independents,,Wallace Wade Stadium,20174
2024,3,regular,2024-09-14,East Carolina,App State,19,21,American Athletic,Sun Belt,,Dowdy-Ficklen Stadium,46117
2024,3,regular,2024-09-14,Eastern Michigan,Jacksonville State,37,34,Mid-American,Conference USA,,Rynearson Stadium,17501
2024,3,regular,2024-09-14,Florida,Texas A&M,20,33,SEC,SEC,,Ben Hill Griffin Stadium,89993
2024,3,regular,2024-09-14,Florida Atlantic,Florida International,38,20,American Athletic,Conference USA,,FAU Stadium,24283
2024,3,regular,2024-09-14,Florida State,Memphis,12,20,ACC,American Athletic,,Doak Campbell Stadium,55107
2024,3,regular,2024-09-14,Georgia Southern,South Carolina State,42,14,Sun Belt,MEAC,,Allen E. Paulson Stadium,21617
2024,3,regular,2024-09-14,Georgia State,Vanderbilt,36,32,Sun Belt,SEC,,Center Parc Stadium,14413
2024,3,regular,2024-09-14,Georgia Tech,VMI,59,7,ACC,Southern,,Bobby Dodd Stadium,31729
2024,3,regular,2024-09-14,Illinois,Central Michigan,30,9,Big Ten,Mid-American,,"Memorial Stadium (Champaign, IL)",
2024,3,regular,2024-09-14,Iowa,Troy,38,21,Big Ten,Sun Belt,,Kinnick Stadium,69250
2024,3,regular,2024-09-14,Kansas State,Arizona,31,7,Big 12,Big 12,,Bill Snyder Family Stadium,51290
2024,3,regular,2024-09-14,Kentucky,Georgia,12,13,SEC,SEC,,Kroger Field,61663
2024,3,regular,2024-09-14,Liberty,UTEP,28,10,Conference USA,Conference USA,,Williams Stadium (VA),21805
2024,3,regular,2024-09-14,Miami,Ball State,62,0,ACC,Mid-American,,Hard Rock Stadium,51564
2024,3,regular,2024-09-14,Miami (OH),Cincinnati,16,27,Mid-American,Big 12,,Yager Stadium,24717
2024,3,regular,2024-09-14,Michigan,Arkansas State,28,18,Big Ten,Sun Belt,,Michigan Stadium,110250
2024,3,regular,2024-09-14,Michigan State,Prairie View A&M,40,0,Big Ten,SWAC,,Spartan Stadium,70066
2024,3,regular,2024-09-14,Middle Tennessee,Western Kentucky,21,49,Conference USA,Conference USA,,"Johnny ""Red"" Floyd Stadium",12227
2024,3,regular,2024-09-14,Minnesota,Nevada,27,0,Big Ten,Mountain West,,Huntington Bank Stadium,44534
2024,3,regular,2024-09-14,Mississippi State,Toledo,17,41,SEC,Mid-American,,Davis Wade Stadium,47412
2024,3,regular,2024-09-14,Missouri,Boston College,27,21,SEC,ACC,,Memorial Stadium,62621
2024,3,regular,2024-09-14,NC State,Louisiana Tech,30,20,ACC,Conference USA,,Carter-Finley Stadium,56919
2024,3,regular,2024-09-14,Nebraska,Northern Iowa,34,3,Big Ten,MVFC,,"Memorial Stadium (Lincoln, NE)",86546
2024,3,regular,2024-09-14,North Carolina,North Carolina Central,45,10,ACC,MEAC,,Kenan Stadium,45491
2024,3,regular,2024-09-14,Northwestern,Eastern Illinois,31,7,Big Ten,Big South-OVC,1,Lanny and Sharon Martin Stadium,10631
2024,3,regular,2024-09-14,Ohio,Morgan State,21,6,Mid-American,MEAC,,Peden Stadium,20438
2024,3,regular,2024-09-14,Oklahoma,Tulane,34,19,SEC,American Athletic,,"Memorial Stadium (Norman, OK)",83325
2024,3,regular,2024-09-14,Old Dominion,Virginia Tech,17,37,Sun Belt,ACC,,S.B. Ballard Stadium,22208
2024,3,regular,2024-09-14,Oregon State,Oregon,14,49,Pac-12,Big Ten,,Reser Stadium,38419
2024,3,regular,2024-09-14,Pittsburgh,West Virginia,38,34,ACC,Big 12,,Acrisure Stadium,66087
2024,3,regular,2024-09-14,Purdue,Notre Dame,7,66,Big Ten,FBS Independents,,Ross-Ade Stadium,61441
2024,3,regular,2024-09-14,Sam Houston,Hawai'i,31,13,Conference USA,Mountain West,,Elliott T. Bowers Stadium,15134
2024,3,regular,2024-09-14,San José State,Kennesaw State,31,10,Mountain West,Conference USA,,CEFCU Stadium,11090
2024,3,regular,2024-09-14,South Carolina,LSU,33,36,SEC,SEC,,Williams-Brice Stadium,79531
2024,3,regular,2024-09-14,Southern Miss,South Florida,24,49,Sun Belt,American Athletic,,M. M. Roberts Stadium,23537
2024,3,regular,2024-09-14,TCU,UCF,34,35,Big 12,Big 12,,Amon G. Carter Stadium,48889
2024,3,regular,2024-09-14,Temple,Coastal Carolina,20,28,American Athletic,Sun Belt,,Lincoln Financial Field,13945
2024,3,regular,2024-09-14,Tennessee,Kent State,71,0,SEC,Mid-American,,Neyland Stadium,101915
2024,3,regular,2024-09-14,Texas,UTSA,56,7,SEC,American Athletic,,DKR-Texas Memorial Stadium,101892
2024,3,regular,2024-09-14,Texas Tech,North Texas,66,21,Big 12,American Athletic,,Jones AT&T Stadium,57865
2024,3,regular,2024-09-14,Tulsa,Oklahoma State,10,45,American Athletic,Big 12,,Chapman Stadium,30915
2024,3,regular,2024-09-14,UCLA,Indiana,13,42,Big Ten,Big Ten,,Rose Bowl,47811
2024,3,regular,2024-09-14,Utah State,Utah,21,38,Mountain West,Big 12,,Maverik Stadium,
2024,3,regular,2024-09-14,Wake Forest,Ole Miss,6,40,ACC,SEC,,Allegacy Federal Credit Union Stadium,32849
2024,3,regular,2024-09-14,Washington,Washington State,19,24,Big Ten,Pac-12,1,Lumen Field,57567
2024,3,regular,2024-09-14,Western Michigan,Bethune-Cookman,59,31,Mid-American,SWAC,,Waldo Stadium,23476
2024,3,regular,2024-09-14,Wisconsin,Alabama,10,42,Big Ten,SEC,,Camp Randall Stadium,76323
2024,3,regular,2024-09-15,California,San Diego State,31,10,ACC,Mountain West,,California Memorial Stadium,35197
2024,3,regular,2024-09-15,Fresno State,New Mexico State,48,0,Mountain West,Conference USA,,Valley Children's Stadium,39079
2024,3,regular,2024-09-15,Houston,Rice,33,7,Big 12,American Athletic,,TDECU Stadium,28146
2024,3,regular,2024-09-15,Virginia,Maryland,13,27,ACC,Big Ten,,Scott Stadium,
2024,3,regular,2024-09-15,Wyoming,BYU,14,34,Mountain West,Big 12,,War Memorial Stadium,24513
2024,4,regular,2024-09-19,App State,South Alabama,14,48,Sun Belt,Sun Belt,,Kidd Brewer Stadium,34133
2024,4,regular,2024-09-20,Syracuse,Stanford,24,26,ACC,ACC,,JMA Wireless Dome,39290
2024,4,regular,2024-09-21,Army,Rice,37,14,American Athletic,American Athletic,,Michie Stadium,26654
2024,4,regular,2024-09-21,Auburn,Arkansas,14,24,SEC,SEC,,Jordan-Hare Stadium,88043
2024,4,regular,2024-09-21,Central Michigan,Ball State,37,34,Mid-American,Mid-American,,Kelly/Shorts Stadium,18011
2024,4,regular,2024-09-21,Cincinnati,Houston,34,0,Big 12,Big 12,,Nippert Stadium,38007
2024,4,regular,2024-09-21,Clemson,NC State,59,35,ACC,ACC,,"Memorial Stadium (Clemson, SC)",81500
2024,4,regular,2024-09-21,Coastal Carolina,Virginia,24,43,Sun Belt,ACC,,Brooks Stadium (SC),22104
2024,4,regular,2024-09-21,Colorado State,UTEP,27,17,Mountain West,Conference USA,,Canvas Stadium,29151
2024,4,regular,2024-09-21,Eastern Michigan,Saint Francis,36,0,Mid-American,NEC,,Rynearson Stadium,15509
2024,4,regular,2024-09-21,Florida International,Monmouth,42,45,Conference USA,Coastal Athletic,1,Pitbull Stadium,17922
2024,4,regular,2024-09-21,Florida State,California,14,9,ACC,ACC,,Doak Campbell Stadium,55107
2024,4,regular,2024-09-21,Indiana,Charlotte,52,14,Big Ten,American Athletic,,"Memorial Stadium (Bloomington, IN)",43109
2024,4,regular,2024-09-21,Iowa State,Arkansas State,52,7,Big 12,Sun Belt,,Jack Trice Stadium,55428
2024,4,regular,2024-09-21,Jacksonville State,Southern Miss,44,7,Conference USA,Sun Belt,,AmFirst Stadium,21788
2024,4,regular,2024-09-21,Kentucky,Ohio,41,6,SEC,Mid-American,,Kroger Field,61783
2024,4,regular,2024-09-21,LSU,UCLA,34,17,SEC,Big Ten,,Tiger Stadium (LA),100315
2024,4,regular,2024-09-21,Liberty,East Carolina,35,24,Conference USA,American Athletic,,Williams Stadium (VA),24076
2024,4,regular,2024-09-21,Louisiana,Tulane,33,41,Sun Belt,American Athletic,,Cajun Field,22534
2024,4,regular,2024-09-21,Louisiana Tech,Tulsa,20,23,Conference USA,American Athletic,,Joe Aillet Stadium,18152
2024,4,regular,2024-09-21,Louisville,Georgia Tech,31,19,ACC,ACC,,L&N Federal Credit Union Stadium,50727
2024,4,regular,2024-09-21,Maryland,Villanova,38,20,Big Ten,Coastal Athletic,,SECU Stadium,38006
2024,4,regular,2024-09-21,Massachusetts,Central Connecticut,35,31,FBS Independents,NEC,,Warren McGuirk Alumni Stadium,10847
2024,4,regular,2024-09-21,Michigan,USC,27,24,Big Ten,Big Ten,,Michigan Stadium,110702
2024,4,regular,2024-09-21,Middle Tennessee,Duke,17,45,Conference USA,ACC,,"Johnny ""Red"" Floyd Stadium",15209
2024,4,regular,2024-09-21,Minnesota,Iowa,14,31,Big Ten,Big Ten,,Huntington Bank Stadium,52048
2024,4,regular,2024-09-21,Mississippi State,Florida,28,45,SEC,SEC,,Davis Wade Stadium,49655
2024,4,regular,2024-09-21,Missouri,Vanderbilt,30,27,SEC,SEC,,Memorial Stadium,62621
2024,4,regular,2024-09-21,Navy,Memphis,56,44,American Athletic,American Athletic,,Navy-Marine Corps Memorial Stadium,31268
2024,4,regular,2024-09-21,Nebraska,Illinois,24,31,Big Ten,Big Ten,,"Memorial Stadium (Lincoln, NE)",86936
2024,4,regular,2024-09-21,Nevada,Eastern Washington,49,16,Mountain West,Big Sky,,Mackay Stadium,16399
2024,4,regular,2024-09-21,North Carolina,James Madison,50,70,ACC,Sun Belt,,Kenan Stadium,50500
2024,4,regular,2024-09-21,North Texas,Wyoming,44,17,American Athletic,Mountain West,,DATCU Stadium,27049
2024,4,regular,2024-09-21,Northern Illinois,Buffalo,20,23,Mid-American,Mid-American,,Huskie Stadium,18688
2024,4,regular,2024-09-21,Notre Dame,Miami (OH),28,3,FBS Independents,Mid-American,,Notre Dame Stadium,77622
2024,4,regular,2024-09-21,Ohio State,Marshall,49,14,Big Ten,Sun Belt,,Ohio Stadium,103871
2024,4,regular,2024-09-21,Oklahoma,Tennessee,15,25,SEC,SEC,,"Memorial Stadium (Norman, OK)",84701
2024,4,regular,2024-09-21,Oklahoma State,Utah,19,22,Big 12,Big 12,,Boone Pickens Stadium,52202
2024,4,regular,2024-09-21,Ole Miss,Georgia Southern,52,13,SEC,Sun Belt,,Vaught-Hemingway Stadium,67505
2024,4,regular,2024-09-21,Penn State,Kent State,56,0,Big Ten,Mid-American,,Beaver Stadium,109526
2024,4,regular,2024-09-21,Pittsburgh,Youngstown State,73,17,ACC,MVFC,,Acrisure Stadium,48437
2024,4,regular,2024-09-21,SMU,TCU,66,42,ACC,Big 12,,Gerald J. Ford Stadium,33168
2024,4,regular,2024-09-21,Sam Houston,New Mexico State,31,11,Conference USA,Conference USA,,Elliott T. Bowers Stadium,
2024,4,regular,2024-09-21,South Carolina,Akron,50,7,SEC,Mid-American,,Williams-Brice Stadium,78704
2024,4,regular,2024-09-21,South Florida,Miami,15,50,American Athletic,ACC,,Raymond James Stadium,58616
2024,4,regular,2024-09-21,Temple,Utah State,45,29,American Athletic,Mountain West,,Lincoln Financial Field,11384
2024,4,regular,2024-09-21,Texas A&M,Bowling Green,26,20,SEC,Mid-American,,Kyle Field,99523
2024,4,regular,2024-09-21,Texas Tech,Arizona State,30,22,Big 12,Big 12,,Jones AT&T Stadium,58795
2024,4,regular,2024-09-21,Troy,Florida A&M,34,12,Sun Belt,SWAC,,Veterans Memorial Stadium (AL),29024
2024,4,regular,2024-09-21,UConn,Florida Atlantic,48,14,FBS Independents,American Athletic,,Pratt & Whitney Stadium,20144
2024,4,regular,2024-09-21,UTSA,Houston Christian,45,7,American Athletic,Southland,,Alamodome,20973
2024,4,regular,2024-09-21,Virginia Tech,Rutgers,23,26,ACC,Big Ten,,Lane Stadium,65632
2024,4,regular,2024-09-21,Washington,Northwestern,24,5,Big Ten,Big Ten,,Husky Stadium,69788
2024,4,regular,2024-09-21,Washington State,San José State,54,52,Pac-12,Mountain West,,Gesa Field,24808
2024,4,regular,2024-09-21,West Virginia,Kansas,32,28,Big 12,Big 12,,Milan Puskar Stadium,52428
2024,4,regular,2024-09-21,Western Kentucky,Toledo,26,21,Conference USA,Mid-American,,Houchens Industries-L.T. Smith Stadium,19127
2024,4,regular,2024-09-22,BYU,Kansas State,38,9,Big 12,Big 12,,LaVell Edwards Stadium,64201
2024,4,regular,2024-09-22,Boise State,Portland State,56,14,Mountain West,Big Sky,,Albertsons Stadium,36972
2024,4,regular,2024-09-22,Boston College,Michigan State,23,19,ACC,Big Ten,,"Alumni Stadium (Chestnut Hill, MA)",44500
2024,4,regular,2024-09-22,Colorado,Baylor,38,31,Big 12,Big 12,,Folsom Field,52794
2024,4,regular,2024-09-22,Hawai'i,Northern Iowa,36,7,Mountain West,MVFC,,Clarence T.C. Ching Athletics Complex,11402
2024,4,regular,2024-09-22,New Mexico,Fresno State,21,38,Mountain West,Mountain West,,University Stadium (NM),18019
2024,4,regular,2024-09-22,Oregon State,Purdue,38,21,Pac-12,Big Ten,,Reser Stadium,34340
2024,4,regular,2024-09-22,Texas,UL Monroe,51,3,SEC,Sun Belt,,DKR-Texas Memorial Stadium,102850
2024,5,regular,2024-09-26,Temple,Army,14,42,American Athletic,American Athletic,,Lincoln Financial Field,13255
2024,5,regular,2024-09-27,Miami,Virginia Tech,38,34,ACC,ACC,,Hard Rock Stadium,59539
2024,5,regular,2024-09-28,Alabama,Georgia,41,34,SEC,SEC,,Bryant-Denny Stadium,100077
2024,5,regular,2024-09-28,App State,Liberty,,,Sun Belt,Conference USA,,Kidd Brewer Stadium,
2024,5,regular,2024-09-28,Auburn,Oklahoma,21,27,SEC,SEC,,Jordan-Hare Stadium,88043
2024,5,regular,2024-09-28,Baylor,BYU,28,34,Big 12,Big 12,,McLane Stadium,39583
2024,5,regular,2024-09-28,Boston College,Western Kentucky,21,20,ACC,Conference USA,,"Alumni Stadium (Chestnut Hill, MA)",41403
2024,5,regular,2024-09-28,Bowling Green,Old Dominion,27,30,Mid-American,Sun Belt,,Doyt L. Perry Stadium,19140
2024,5,regular,2024-09-28,Central Michigan,San Diego State,22,21,Mid-American,Mountain West,,Kelly/Shorts Stadium,27072
2024,5,regular,2024-09-28,Clemson,Stanford,40,14,ACC,ACC,,"Memorial Stadium (Clemson, SC)",80295
2024,5,regular,2024-09-28,Duke,North Carolina,21,20,ACC,ACC,,Wallace Wade Stadium,35018
2024,5,regular,2024-09-28,East Carolina,UTSA,30,20,American Athletic,American Athletic,,Dowdy-Ficklen Stadium,41851
2024,5,regular,2024-09-28,Florida Atlantic,Wagner,41,10,American Athletic,NEC,,FAU Stadium,21151
2024,5,regular,2024-09-28,Florida International,Louisiana Tech,17,10,Conference USA,Conference USA,1,Pitbull Stadium,12425
2024,5,regular,2024-09-28,Georgia State,Georgia Southern,21,38,Sun Belt,Sun Belt,,Center Parc Stadium,18808
2024,5,regular,2024-09-28,Houston,Iowa State,0,20,Big 12,Big 12,,TDECU Stadium,25138
2024,5,regular,2024-09-28,Indiana,Maryland,42,28,Big Ten,Big Ten,,"Memorial Stadium (Bloomington, IN)",48323
2024,5,regular,2024-09-28,James Madison,Ball State,63,7,Sun Belt,Mid-American,,Bridgeforth Stadium,25786
2024,5,regular,2024-09-28,Kansas,TCU,27,38,Big 12,Big 12,1,GEHA Field at Arrowhead Stadium,47928
2024,5,regular,2024-09-28,Kansas State,Oklahoma State,42,20,Big 12,Big 12,,Bill Snyder Family Stadium,
2024,5,regular,2024-09-28,Kennesaw State,UT Martin,13,24,Conference USA,Big South-OVC,,Fifth Third Stadium,
2024,5,regular,2024-09-28,Kent State,Eastern Michigan,33,52,Mid-American,Mid-American,,Dix Stadium,10899
2024,5,regular,2024-09-28,LSU,South Alabama,42,10,SEC,Sun Belt,,Tiger Stadium (LA),102143
2024,5,regular,2024-09-28,Marshall,Western Michigan,27,20,Sun Belt,Mid-American,,Joan C. Edwards Stadium,18723
2024,5,regular,2024-09-28,Memphis,Middle Tennessee,24,7,American Athletic,Conference USA,,Simmons Bank Liberty Stadium,25266
2024,5,regular,2024-09-28,Miami (OH),Massachusetts,23,20,Mid-American,FBS Independents,,Yager Stadium,9542
2024,5,regular,2024-09-28,Michigan,Minnesota,27,24,Big Ten,Big Ten,,Michigan Stadium,110340
2024,5,regular,2024-09-28,Michigan State,Ohio State,7,38,Big Ten,Big Ten,,Spartan Stadium,71114
2024,5,regular,2024-09-28,NC State,Northern Illinois,24,17,ACC,Mid-American,,Carter-Finley Stadium,56919
2024,5,regular,2024-09-28,North Texas,Tulsa,52,20,American Athletic,American Athletic,,DATCU Stadium,18529
2024,5,regular,2024-09-28,Notre Dame,Louisville,31,24,FBS Independents,ACC,,Notre Dame Stadium,77622
2024,5,regular,2024-09-28,Ohio,Akron,30,10,Mid-American,Mid-American,,Peden Stadium,21265
2024,5,regular,2024-09-28,Ole Miss,Kentucky,17,20,SEC,SEC,,Vaught-Hemingway Stadium,
2024,5,regular,2024-09-28,Penn State,Illinois,21,7,Big Ten,Big Ten,,Beaver Stadium,109911
2024,5,regular,2024-09-28,Purdue,Nebraska,10,28,Big Ten,Big Ten,,Ross-Ade Stadium,61441
2024,5,regular,2024-09-28,Rice,Charlotte,20,21,American Athletic,American Athletic,,Rice Stadium,17455
2024,5,regular,2024-09-28,Rutgers,Washington,21,18,Big Ten,Big Ten,,SHI Stadium,54079
2024,5,regular,2024-09-28,Sam Houston,Texas State,40,39,Conference USA,Sun Belt,1,NRG Stadium,27225
2024,5,regular,2024-09-28,Syracuse,Holy Cross,42,14,ACC,Patriot,,JMA Wireless Dome,43455
2024,5,regular,2024-09-28,Texas,Mississippi State,35,13,SEC,SEC,,DKR-Texas Memorial Stadium,101388
2024,5,regular,2024-09-28,Texas A&M,Arkansas,21,17,SEC,SEC,1,AT&T Stadium,60928
2024,5,regular,2024-09-28,Troy,UL Monroe,9,13,Sun Belt,Sun Belt,,Veterans Memorial Stadium (AL),21253
2024,5,regular,2024-09-28,Tulane,South Florida,45,10,American Athletic,American Athletic,,Yulman Stadium,20783
2024,5,regular,2024-09-28,UAB,Navy,18,41,American Athletic,American Athletic,,Protective Stadium,21536
2024,5,regular,2024-09-28,UCF,Colorado,21,48,Big 12,Big 12,,FBC Mortgage Stadium,45702
2024,5,regular,2024-09-28,UConn,Buffalo,47,3,FBS Independents,Mid-American,,Pratt & Whitney Stadium,20347
2024,5,regular,2024-09-28,UNLV,Fresno State,59,14,Mountain West,Mountain West,,Allegiant Stadium,24638
2024,5,regular,2024-09-28,USC,Wisconsin,38,21,Big Ten,Big Ten,,Los Angeles Memorial Coliseum,74118
2024,5,regular,2024-09-28,Wake Forest,Louisiana,38,41,ACC,Sun Belt,,Allegacy Federal Credit Union Stadium,31061
2024,5,regular,2024-09-29,Boise State,Washington State,45,24,Mountain West,Pac-12,,Albertsons Stadium,37711
2024,5,regular,2024-09-29,New Mexico State,New Mexico,40,50,Conference USA,Mountain West,,Aggie Memorial Stadium,21062
2024,5,regular,2024-09-29,SMU,Florida State,42,16,ACC,ACC,,Gerald J. Ford Stadium,34879
2024,5,regular,2024-09-29,Texas Tech,Cincinnati,44,41,Big 12,Big 12,,Jones AT&T Stadium,60229
2024,5,regular,2024-09-29,UCLA,Oregon,13,34,Big Ten,Big Ten,,Rose Bowl,43051
2024,5,regular,2024-09-29,Utah,Arizona,10,23,Big 12,Big 12,,Rice-Eccles Stadium,52898
2024,5,regular,2024-09-29,Wyoming,Air Force,31,19,Mountain West,Mountain West,,War Memorial Stadium,23068
2024,6,regular,2024-10-03,Troy,Texas State,17,38,Sun Belt,Sun Belt,,Veterans Memorial Stadium (AL),20349
2024,6,regular,2024-10-04,Kennesaw State,Jacksonville State,24,63,Conference USA,Conference USA,,Fifth Third Stadium,10029
2024,6,regular,2024-10-04,TCU,Houston,19,30,Big 12,Big 12,,Amon G. Carter Stadium,44211
2024,6,regular,2024-10-04,UTEP,Sam Houston,21,41,Conference USA,Conference USA,,Sun Bowl,14454
2024,6,regular,2024-10-05,Air Force,Navy,7,34,Mountain West,American Athletic,,Falcon Stadium,39441
2024,6,regular,2024-10-05,Akron,Bowling Green,20,27,Mid-American,Mid-American,,InfoCision Stadium,9337
2024,6,regular,2024-10-05,Arkansas,Tennessee,19,14,SEC,SEC,,Razorback Stadium,75573
2024,6,regular,2024-10-05,Arkansas State,South Alabama,18,16,Sun Belt,Sun Belt,,Centennial Bank Stadium,21427
2024,6,regular,2024-10-05,Ball State,Western Michigan,42,45,Mid-American,Mid-American,,Scheumann Stadium,10342
2024,6,regular,2024-10-05,Boise State,Utah State,62,30,Mountain West,Mountain West,,Albertsons Stadium,37210
2024,6,regular,2024-10-05,Charlotte,East Carolina,55,24,American Athletic,American Athletic,,Jerry Richardson Stadium,17102
2024,6,regular,2024-10-05,Coastal Carolina,Old Dominion,45,37,Sun Belt,Sun Belt,,Brooks Stadium (SC),18552
2024,6,regular,2024-10-05,Florida,UCF,24,13,SEC,Big 12,,Ben Hill Griffin Stadium,90369
2024,6,regular,2024-10-05,Florida State,Clemson,13,29,ACC,ACC,,Doak Campbell Stadium,55107
2024,6,regular,2024-10-05,Georgia,Auburn,31,13,SEC,SEC,,Sanford Stadium,93033
2024,6,regular,2024-10-05,Iowa State,Baylor,43,21,Big 12,Big 12,,Jack Trice Stadium,61500
2024,6,regular,2024-10-05,Louisville,SMU,27,34,ACC,ACC,,L&N Federal Credit Union Stadium,50254
2024,6,regular,2024-10-05,Marshall,App State,52,37,Sun Belt,Sun Belt,,Joan C. Edwards Stadium,28023
2024,6,regular,2024-10-05,Minnesota,USC,24,17,Big Ten,Big Ten,,Huntington Bank Stadium,50913
2024,6,regular,2024-10-05,NC State,Wake Forest,30,34,ACC,ACC,,Carter-Finley Stadium,56919
2024,6,regular,2024-10-05,Nebraska,Rutgers,14,7,Big Ten,Big Ten,,"Memorial Stadium (Lincoln, NE)",87464
2024,6,regular,2024-10-05,North Carolina,Pittsburgh,24,34,ACC,ACC,,Kenan Stadium,46033
2024,6,regular,2024-10-05,Northern Illinois,Massachusetts,34,20,Mid-American,FBS Independents,,Huskie Stadium,12466
2024,6,regular,2024-10-05,Northwestern,Indiana,24,41,Big Ten,Big Ten,1,Lanny and Sharon Martin Stadium,12023
2024,6,regular,2024-10-05,Ohio State,Iowa,35,7,Big Ten,Big Ten,,Ohio Stadium,105135
2024,6,regular,2024-10-05,Oklahoma State,West Virginia,14,38,Big 12,Big 12,,Boone Pickens Stadium,52202
2024,6,regular,2024-10-05,Oregon,Michigan State,31,10,Big Ten,Big Ten,,Autzen Stadium,59802
2024,6,regular,2024-10-05,Oregon State,Colorado State,39,31,Pac-12,Mountain West,,Reser Stadium,46433
2024,6,regular,2024-10-05,Penn State,UCLA,27,11,Big Ten,Big Ten,,Beaver Stadium,110047
2024,6,regular,2024-10-05,San José State,Nevada,35,31,Mountain West,Mountain West,,CEFCU Stadium,17099
2024,6,regular,2024-10-05,South Carolina,Ole Miss,3,27,SEC,SEC,,Williams-Brice Stadium,79837
2024,6,regular,2024-10-05,Southern Miss,Louisiana,13,23,Sun Belt,Sun Belt,,M. M. Roberts Stadium,24041
2024,6,regular,2024-10-05,Stanford,Virginia Tech,7,31,ACC,ACC,,Stanford Stadium,36277
2024,6,regular,2024-10-05,Texas A&M,Missouri,41,10,SEC,SEC,,Kyle Field,97049
2024,6,regular,2024-10-05,Toledo,Miami (OH),30,20,Mid-American,Mid-American,,Glass Bowl,25027
2024,6,regular,2024-10-05,Tulsa,Army,7,49,American Athletic,American Athletic,,Chapman Stadium,
2024,6,regular,2024-10-05,UAB,Tulane,20,71,American Athletic,American Athletic,,Protective Stadium,19724
2024,6,regular,2024-10-05,UConn,Temple,29,20,FBS Independents,American Athletic,,Pratt & Whitney Stadium,28921
2024,6,regular,2024-10-05,UL Monroe,James Madison,21,19,Sun Belt,Sun Belt,,Malone Stadium,19976
2024,6,regular,2024-10-05,UNLV,Syracuse,41,44,Mountain West,ACC,,Allegiant Stadium,31329
2024,6,regular,2024-10-05,Vanderbilt,Alabama,40,35,SEC,SEC,,FirstBank Stadium,28934
2024,6,regular,2024-10-05,Virginia,Boston College,24,14,ACC,ACC,,Scott Stadium,38285
2024,6,regular,2024-10-05,Washington,Michigan,27,17,Big Ten,Big Ten,,Husky Stadium,72132
2024,6,regular,2024-10-05,Wisconsin,Purdue,52,6,Big Ten,Big Ten,,Camp Randall Stadium,76091
2024,6,regular,2024-10-06,Arizona,Texas Tech,22,28,Big 12,Big 12,,Arizona Stadium,45773
2024,6,regular,2024-10-06,Arizona State,Kansas,35,31,Big 12,Big 12,,Mountain America Stadium,54639
2024,6,regular,2024-10-06,California,Miami,38,39,ACC,ACC,,California Memorial Stadium,52428
2024,6,regular,2024-10-06,Georgia Tech,Duke,24,14,ACC,ACC,,Bobby Dodd Stadium,37287
2024,6,regular,2024-10-06,San Diego State,Hawai'i,27,24,Mountain West,Mountain West,,Snapdragon Stadium,31307
2024,7,regular,2024-10-08,Liberty,Florida International,31,24,Conference USA,Conference USA,,Williams Stadium (VA),16343
2024,7,regular,2024-10-09,Jacksonville State,New Mexico State,54,13,Conference USA,Conference USA,,AmFirst Stadium,16555
2024,7,regular,2024-10-10,James Madison,Coastal Carolina,39,7,Sun Belt,Sun Belt,,Bridgeforth Stadium,25622
2024,7,regular,2024-10-11,Louisiana Tech,Middle Tennessee,48,21,Conference USA,Conference USA,,Joe Aillet Stadium,15072
2024,7,regular,2024-10-11,Western Kentucky,UTEP,44,17,Conference USA,Conference USA,,Houchens Industries-L.T. Smith Stadium,12723
2024,7,regular,2024-10-12,Alabama,South Carolina,27,25,SEC,SEC,,Bryant-Denny Stadium,100077
2024,7,regular,2024-10-12,Arizona State,Utah,27,19,Big 12,Big 12,,Mountain America Stadium,45310
2024,7,regular,2024-10-12,Army,UAB,44,10,American Athletic,American Athletic,,Michie Stadium,29002
2024,7,regular,2024-10-12,BYU,Arizona,41,19,Big 12,Big 12,,LaVell Edwards Stadium,64420
2024,7,regular,2024-10-12,Bowling Green,Northern Illinois,7,17,Mid-American,Mid-American,,Doyt L. Perry Stadium,9559
2024,7,regular,2024-10-12,Buffalo,Toledo,30,15,Mid-American,Mid-American,,UB Stadium,13996
2024,7,regular,2024-10-12,Central Michigan,Ohio,25,27,Mid-American,Mid-American,,Kelly/Shorts Stadium,22437
2024,7,regular,2024-10-12,Colorado State,San José State,31,24,Mountain West,Mountain West,,Canvas Stadium,27280
2024,7,regular,2024-10-12,Eastern Michigan,Miami (OH),14,38,Mid-American,Mid-American,,Rynearson Stadium,16903
2024,7,regular,2024-10-12,Florida Atlantic,North Texas,37,41,American Athletic,American Athletic,,FAU Stadium,14576
2024,7,regular,2024-10-12,Fresno State,Washington State,17,25,Mountain West,Pac-12,,Valley Children's Stadium,41031
2024,7,regular,2024-10-12,Georgia,Mississippi State,41,31,SEC,SEC,,Sanford Stadium,93033
2024,7,regular,2024-10-12,Georgia State,Old Dominion,14,21,Sun Belt,Sun Belt,,Center Parc Stadium,12280
2024,7,regular,2024-10-12,Illinois,Purdue,50,49,Big Ten,Big Ten,,"Memorial Stadium (Champaign, IL)",55815
2024,7,regular,2024-10-12,Iowa,Washington,40,16,Big Ten,Big Ten,,Kinnick Stadium,69250
2024,7,regular,2024-10-12,Kent State,Ball State,35,37,Mid-American,Mid-American,,Dix Stadium,7322
2024,7,regular,2024-10-12,Kentucky,Vanderbilt,13,20,SEC,SEC,,Kroger Field,62120
2024,7,regular,2024-10-12,LSU,Ole Miss,29,26,SEC,SEC,,Tiger Stadium (LA),102212
2024,7,regular,2024-10-12,Louisiana,App State,34,24,Sun Belt,Sun Belt,,Cajun Field,14058
2024,7,regular,2024-10-12,Maryland,Northwestern,10,37,Big Ten,Big Ten,,SECU Stadium,39371
2024,7,regular,2024-10-12,Massachusetts,Missouri,3,45,FBS Independents,SEC,,Warren McGuirk Alumni Stadium,16102
2024,7,regular,2024-10-12,Nevada,Oregon State,42,37,Mountain West,Pac-12,,Mackay Stadium,21541
2024,7,regular,2024-10-12,New Mexico,Air Force,52,37,Mountain West,Mountain West,,University Stadium (NM),15561
2024,7,regular,2024-10-12,North Carolina,Georgia Tech,34,41,ACC,ACC,,Kenan Stadium,44482
2024,7,regular,2024-10-12,Notre Dame,Stanford,49,7,FBS Independents,ACC,,Notre Dame Stadium,77622
2024,7,regular,2024-10-12,Oklahoma,Texas,3,34,SEC,SEC,1,Cotton Bowl,92100
2024,7,regular,2024-10-12,Oregon,Ohio State,32,31,Big Ten,Big Ten,,Autzen Stadium,60129
2024,7,regular,2024-10-12,Pittsburgh,California,17,15,ACC,ACC,,Acrisure Stadium,49773
2024,7,regular,2024-10-12,Rice,UTSA,29,27,American Athletic,American Athletic,,Rice Stadium,18660
2024,7,regular,2024-10-12,Rutgers,Wisconsin,7,42,Big Ten,Big Ten,,SHI Stadium,50111
2024,7,regular,2024-10-12,South Florida,Memphis,3,21,American Athletic,American Athletic,1,Camping World Stadium,3365
2024,7,regular,2024-10-12,Tennessee,Florida,23,17,SEC,SEC,,Neyland Stadium,101915
2024,7,regular,2024-10-12,Texas State,Arkansas State,41,9,Sun Belt,Sun Belt,,Bobcat Stadium (TX),28000
2024,7,regular,2024-10-12,UCF,Cincinnati,13,19,Big 12,Big 12,,FBC Mortgage Stadium,42611
2024,7,regular,2024-10-12,UL Monroe,Southern Miss,38,21,Sun Belt,Sun Belt,,Malone Stadium,22645
2024,7,regular,2024-10-12,USC,Penn State,30,33,Big Ten,Big Ten,,Los Angeles Memorial Coliseum,75250
2024,7,regular,2024-10-12,Utah State,UNLV,34,50,Mountain West,Mountain West,,Maverik Stadium,20295
2024,7,regular,2024-10-12,Virginia,Louisville,20,24,ACC,ACC,,Scott Stadium,32688
2024,7,regular,2024-10-12,Wake Forest,Clemson,14,49,ACC,ACC,,Allegacy Federal Credit Union Stadium,31553
2024,7,regular,2024-10-12,Western Michigan,Akron,34,24,Mid-American,Mid-American,,Waldo Stadium,19507
2024,7,regular,2024-10-12,Wyoming,San Diego State,24,27,Mountain West,Mountain West,,War Memorial Stadium,23155
2024,7,regular,2024-10-13,Colorado,Kansas State,28,31,Big 12,Big 12,,Folsom Field,53972
2024,7,regular,2024-10-13,Georgia Southern,Marshall,24,23,Sun Belt,Sun Belt,,Allen E. Paulson Stadium,24048
2024,7,regular,2024-10-13,Hawai'i,Boise State,7,28,Mountain West,Mountain West,,Clarence T.C. Ching Athletics Complex,15194
2024,7,regular,2024-10-13,NC State,Syracuse,17,24,ACC,ACC,,Carter-Finley Stadium,56919
2024,7,regular,2024-10-13,UCLA,Minnesota,17,21,Big Ten,Big Ten,,Rose Bowl,42012
2024,7,regular,2024-10-13,West Virginia,Iowa State,16,28,Big 12,Big 12,,Milan Puskar Stadium,55202
2024,8,regular,2024-10-15,South Alabama,Troy,25,9,Sun Belt,Sun Belt,,Hancock Whitney Stadium,25450
2024,8,regular,2024-10-16,Middle Tennessee,Kennesaw State,14,5,Conference USA,Conference USA,,"Johnny ""Red"" Floyd Stadium",10200
2024,8,regular,2024-10-16,New Mexico State,Louisiana Tech,33,30,Conference USA,Conference USA,,Aggie Memorial Stadium,9671
2024,8,regular,2024-10-16,Sam Houston,Western Kentucky,14,31,Conference USA,Conference USA,,Elliott T. Bowers Stadium,8914
2024,8,regular,2024-10-17,Marshall,Georgia State,35,20,Sun Belt,Sun Belt,,Joan C. Edwards Stadium,20703
2024,8,regular,2024-10-17,UTEP,Florida International,30,21,Conference USA,Conference USA,,Sun Bowl,11373
2024,8,regular,2024-10-17,Virginia Tech,Boston College,42,21,ACC,ACC,,Lane Stadium,65632
2024,8,regular,2024-10-18,Duke,Florida State,23,16,ACC,ACC,,Wallace Wade Stadium,30735
2024,8,regular,2024-10-19,Arizona,Colorado,7,34,Big 12,Big 12,,Arizona Stadium,50724
2024,8,regular,2024-10-19,Arkansas,LSU,10,34,SEC,SEC,,Razorback Stadium,75893
2024,8,regular,2024-10-19,Army,East Carolina,45,28,American Athletic,American Athletic,,Michie Stadium,23044
2024,8,regular,2024-10-19,BYU,Oklahoma State,38,35,Big 12,Big 12,,LaVell Edwards Stadium,62841
2024,8,regular,2024-10-19,Bowling Green,Kent State,27,6,Mid-American,Mid-American,,Doyt L. Perry Stadium,20858
2024,8,regular,2024-10-19,Buffalo,Western Michigan,41,48,Mid-American,Mid-American,,UB Stadium,18487
2024,8,regular,2024-10-19,California,NC State,23,24,ACC,ACC,,California Memorial Stadium,35303
2024,8,regular,2024-10-19,Cincinnati,Arizona State,24,14,Big 12,Big 12,,Nippert Stadium,38007
2024,8,regular,2024-10-19,Clemson,Virginia,48,31,ACC,ACC,,"Memorial Stadium (Clemson, SC)",80100
2024,8,regular,2024-10-19,Coastal Carolina,Louisiana,24,34,Sun Belt,Sun Belt,,Brooks Stadium (SC),17812
2024,8,regular,2024-10-19,Eastern Michigan,Central Michigan,38,34,Mid-American,Mid-American,,Rynearson Stadium,17974
2024,8,regular,2024-10-19,Florida,Kentucky,48,20,SEC,SEC,,Ben Hill Griffin Stadium,
2024,8,regular,2024-10-19,Georgia Southern,James Madison,28,14,Sun Belt,Sun Belt,,Allen E. Paulson Stadium,20153
2024,8,regular,2024-10-19,Georgia Tech,Notre Dame,13,31,ACC,FBS Independents,1,Mercedes-Benz Stadium,59021
2024,8,regular,2024-10-19,Illinois,Michigan,21,7,Big Ten,Big Ten,,"Memorial Stadium (Champaign, IL)",60670
2024,8,regular,2024-10-19,Indiana,Nebraska,56,7,Big Ten,Big Ten,,"Memorial Stadium (Bloomington, IN)",53082
2024,8,regular,2024-10-19,Iowa State,UCF,38,35,Big 12,Big 12,,Jack Trice Stadium,61500
2024,8,regular,2024-10-19,Kansas,Houston,42,14,Big 12,Big 12,1,GEHA Field at Arrowhead Stadium,38619
2024,8,regular,2024-10-19,Louisville,Miami,45,52,ACC,ACC,,L&N Federal Credit Union Stadium,59115
2024,8,regular,2024-10-19,Maryland,USC,29,28,Big Ten,Big Ten,,SECU Stadium,43013
2024,8,regular,2024-10-19,Memphis,North Texas,52,44,American Athletic,American Athletic,,Simmons Bank Liberty Stadium,24110
2024,8,regular,2024-10-19,Miami (OH),Ohio,30,20,Mid-American,Mid-American,,Yager Stadium,17021
2024,8,regular,2024-10-19,Michigan State,Iowa,32,20,Big Ten,Big Ten,,Spartan Stadium,69682
2024,8,regular,2024-10-19,Mississippi State,Texas A&M,24,34,SEC,SEC,,Davis Wade Stadium,50127
2024,8,regular,2024-10-19,Missouri,Auburn,21,17,SEC,SEC,,Memorial Stadium,62621
2024,8,regular,2024-10-19,Navy,Charlotte,51,17,American Athletic,American Athletic,,Navy-Marine Corps Memorial Stadium,35094
2024,8,regular,2024-10-19,Nevada,Fresno State,21,24,Mountain West,Mountain West,,Mackay Stadium,18319
2024,8,regular,2024-10-19,Northern Illinois,Toledo,6,13,Mid-American,Mid-American,,Huskie Stadium,18350
2024,8,regular,2024-10-19,Northwestern,Wisconsin,3,23,Big Ten,Big Ten,1,Lanny and Sharon Martin Stadium,12023
2024,8,regular,2024-10-19,Oklahoma,South Carolina,9,35,SEC,SEC,,"Memorial Stadium (Norman, OK)",83331
2024,8,regular,2024-10-19,Old Dominion,Texas State,24,14,Sun Belt,Sun Belt,,S.B. Ballard Stadium,19129
2024,8,regular,2024-10-19,Purdue,Oregon,0,35,Big Ten,Big Ten,,Ross-Ade Stadium,57463
2024,8,regular,2024-10-19,Rutgers,UCLA,32,35,Big Ten,Big Ten,,SHI Stadium,53726
2024,8,regular,2024-10-19,San José State,Wyoming,24,14,Mountain West,Mountain West,,CEFCU Stadium,17101
2024,8,regular,2024-10-19,South Florida,UAB,35,25,American Athletic,American Athletic,,Raymond James Stadium,28154
2024,8,regular,2024-10-19,Southern Miss,Arkansas State,28,44,Sun Belt,Sun Belt,,M. M. Roberts Stadium,24542
2024,8,regular,2024-10-19,Temple,Tulsa,20,10,American Athletic,American Athletic,,Lincoln Financial Field,18721
2024,8,regular,2024-10-19,Tennessee,Alabama,24,17,SEC,SEC,,Neyland Stadium,101915
2024,8,regular,2024-10-19,Texas,Georgia,15,30,SEC,SEC,,DKR-Texas Memorial Stadium,105215
2024,8,regular,2024-10-19,Texas Tech,Baylor,35,59,Big 12,Big 12,,Jones AT&T Stadium,60229
2024,8,regular,2024-10-19,Tulane,Rice,24,10,American Athletic,American Athletic,,Yulman Stadium,22897
2024,8,regular,2024-10-19,UConn,Wake Forest,20,23,FBS Independents,ACC,,Pratt & Whitney Stadium,30122
2024,8,regular,2024-10-19,UTSA,Florida Atlantic,38,24,American Athletic,American Athletic,,Alamodome,20802
2024,8,regular,2024-10-19,Utah State,New Mexico,45,50,Mountain West,Mountain West,,Maverik Stadium,14584
2024,8,regular,2024-10-19,Vanderbilt,Ball State,24,14,SEC,Mid-American,,FirstBank Stadium,27884
2024,8,regular,2024-10-19,Washington State,Hawai'i,42,10,Pac-12,Mountain West,,Gesa Field,25112
2024,8,regular,2024-10-19,West Virginia,Kansas State,18,45,Big 12,Big 12,,Milan Puskar Stadium,54327
2024,8,regular,2024-10-20,Air Force,Colorado State,13,21,Mountain West,Mountain West,,Falcon Stadium,27598
2024,8,regular,2024-10-20,Oregon State,UNLV,25,33,Pac-12,Mountain West,,Reser Stadium,35195
2024,8,regular,2024-10-20,Stanford,SMU,10,40,ACC,ACC,,Stanford Stadium,19117
2024,8,regular,2024-10-20,Utah,TCU,7,13,Big 12,Big 12,,Rice-Eccles Stadium,53299
2024,9,regular,2024-10-22,Florida International,Sam Houston,7,10,Conference USA,Conference USA,1,Pitbull Stadium,10625
2024,9,regular,2024-10-23,Jacksonville State,Middle Tennessee,42,20,Conference USA,Conference USA,,AmFirst Stadium,17988
2024,9,regular,2024-10-23,Kennesaw State,Liberty,27,24,Conference USA,Conference USA,,Fifth Third Stadium,8209
2024,9,regular,2024-10-23,Louisiana Tech,UTEP,14,10,Conference USA,Conference USA,,Joe Aillet Stadium,15168
2024,9,regular,2024-10-24,Old Dominion,Georgia Southern,47,19,Sun Belt,Sun Belt,,S.B. Ballard Stadium,18281
2024,9,regular,2024-10-24,Pittsburgh,Syracuse,41,13,ACC,ACC,,Acrisure Stadium,47266
2024,9,regular,2024-10-25,Boston College,Louisville,27,31,ACC,ACC,,"Alumni Stadium (Chestnut Hill, MA)",42887
2024,9,regular,2024-10-26,Akron,Eastern Michigan,25,21,Mid-American,Mid-American,,InfoCision Stadium,4277
2024,9,regular,2024-10-26,Alabama,Missouri,34,0,SEC,SEC,,Bryant-Denny Stadium,100077
2024,9,regular,2024-10-26,App State,Georgia State,33,26,Sun Belt,Sun Belt,,Kidd Brewer Stadium,33783
2024,9,regular,2024-10-26,Arizona,West Virginia,26,31,Big 12,Big 12,,Arizona Stadium,49888
2024,9,regular,2024-10-26,Arkansas State,Troy,34,31,Sun Belt,Sun Belt,,Centennial Bank Stadium,17162
2024,9,regular,2024-10-26,Ball State,Northern Illinois,25,23,Mid-American,Mid-American,,Scheumann Stadium,15318
2024,9,regular,2024-10-26,Baylor,Oklahoma State,38,28,Big 12,Big 12,,McLane Stadium,44987
2024,9,regular,2024-10-26,California,Oregon State,44,7,ACC,Pac-12,,California Memorial Stadium,33090
2024,9,regular,2024-10-26,Colorado State,New Mexico,17,6,Mountain West,Mountain West,,Canvas Stadium,36980
2024,9,regular,2024-10-26,East Carolina,Temple,56,34,American Athletic,American Athletic,,Dowdy-Ficklen Stadium,33744
2024,9,regular,2024-10-26,Houston,Utah,17,14,Big 12,Big 12,,TDECU Stadium,28251
2024,9,regular,2024-10-26,Indiana,Washington,31,17,Big Ten,Big Ten,,"Memorial Stadium (Bloomington, IN)",53082
2024,9,regular,2024-10-26,Iowa,Northwestern,40,14,Big Ten,Big Ten,,Kinnick Stadium,69250
2024,9,regular,2024-10-26,James Madison,Southern Miss,32,15,Sun Belt,Sun Belt,,Bridgeforth Stadium,25399
2024,9,regular,2024-10-26,Kentucky,Auburn,10,24,SEC,SEC,,Kroger Field,60605
2024,9,regular,2024-10-26,Massachusetts,Wagner,35,7,FBS Independents,NEC,,Warren McGuirk Alumni Stadium,14374
2024,9,regular,2024-10-26,Memphis,Charlotte,33,28,American Athletic,American Athletic,,Simmons Bank Liberty Stadium,25478
2024,9,regular,2024-10-26,Miami,Florida State,36,14,ACC,ACC,,Hard Rock Stadium,66200
2024,9,regular,2024-10-26,Miami (OH),Central Michigan,46,7,Mid-American,Mid-American,,Yager Stadium,10661
2024,9,regular,2024-10-26,Michigan,Michigan State,24,17,Big Ten,Big Ten,,Michigan Stadium,110849
2024,9,regular,2024-10-26,Minnesota,Maryland,48,23,Big Ten,Big Ten,,Huntington Bank Stadium,48696
2024,9,regular,2024-10-26,Mississippi State,Arkansas,25,58,SEC,SEC,,Davis Wade Stadium,49303
2024,9,regular,2024-10-26,Navy,Notre Dame,14,51,American Athletic,FBS Independents,1,MetLife Stadium,76112
2024,9,regular,2024-10-26,North Texas,Tulane,37,45,American Athletic,American Athletic,,DATCU Stadium,23138
2024,9,regular,2024-10-26,Ohio,Buffalo,47,16,Mid-American,Mid-American,,Peden Stadium,16048
2024,9,regular,2024-10-26,Ohio State,Nebraska,21,17,Big Ten,Big Ten,,Ohio Stadium,104830
2024,9,regular,2024-10-26,Ole Miss,Oklahoma,26,14,SEC,SEC,,Vaught-Hemingway Stadium,67926
2024,9,regular,2024-10-26,Oregon,Illinois,38,9,Big Ten,Big Ten,,Autzen Stadium,59830
2024,9,regular,2024-10-26,South Alabama,UL Monroe,46,17,Sun Belt,Sun Belt,,Hancock Whitney Stadium,16746
2024,9,regular,2024-10-26,Stanford,Wake Forest,24,27,ACC,ACC,,Stanford Stadium,23471
2024,9,regular,2024-10-26,TCU,Texas Tech,35,34,Big 12,Big 12,,Amon G. Carter Stadium,42144
2024,9,regular,2024-10-26,Texas A&M,LSU,38,23,SEC,SEC,,Kyle Field,108852
2024,9,regular,2024-10-26,Toledo,Bowling Green,26,41,Mid-American,Mid-American,,Glass Bowl,29697
2024,9,regular,2024-10-26,Tulsa,UTSA,46,45,American Athletic,American Athletic,,Chapman Stadium,17439
2024,9,regular,2024-10-26,UCF,BYU,24,37,Big 12,Big 12,,FBC Mortgage Stadium,42144
2024,9,regular,2024-10-26,UConn,Rice,17,10,FBS Independents,American Athletic,,Pratt & Whitney Stadium,23711
2024,9,regular,2024-10-26,UNLV,Boise State,24,29,Mountain West,Mountain West,,Allegiant Stadium,42228
2024,9,regular,2024-10-26,USC,Rutgers,42,20,Big Ten,Big Ten,,Los Angeles Memorial Coliseum,63404
2024,9,regular,2024-10-26,Vanderbilt,Texas,24,27,SEC,SEC,,FirstBank Stadium,28934
2024,9,regular,2024-10-26,Virginia,North Carolina,14,41,ACC,ACC,,Scott Stadium,44550
2024,9,regular,2024-10-26,Virginia Tech,Georgia Tech,21,6,ACC,ACC,,Lane Stadium,65633
2024,9,regular,2024-10-26,Western Michigan,Kent State,52,21,Mid-American,Mid-American,,Waldo Stadium,23537
2024,9,regular,2024-10-26,Wisconsin,Penn State,13,28,Big Ten,Big Ten,,Camp Randall Stadium,76403
2024,9,regular,2024-10-26,Wyoming,Utah State,25,27,Mountain West,Mountain West,,War Memorial Stadium,17724
2024,9,regular,2024-10-27,Colorado,Cincinnati,34,23,Big 12,Big 12,,Folsom Field,53202
2024,9,regular,2024-10-27,Duke,SMU,27,28,ACC,ACC,,Wallace Wade Stadium,30241
2024,9,regular,2024-10-27,Fresno State,San José State,33,10,Mountain West,Mountain West,,Valley Children's Stadium,41343
2024,9,regular,2024-10-27,Hawai'i,Nevada,34,13,Mountain West,Mountain West,,Clarence T.C. Ching Athletics Complex,12006
2024,9,regular,2024-10-27,Kansas State,Kansas,29,27,Big 12,Big 12,,Bill Snyder Family Stadium,52074
2024,9,regular,2024-10-27,San Diego State,Washington State,26,29,Mountain West,Pac-12,,Snapdragon Stadium,26937
2024,10,regular,2024-10-29,Florida International,New Mexico State,34,13,Conference USA,Conference USA,1,Pitbull Stadium,9103
2024,10,regular,2024-10-29,Texas State,Louisiana,17,23,Sun Belt,Sun Belt,,Bobcat Stadium (TX),16831
2024,10,regular,2024-10-30,Liberty,Jacksonville State,21,31,Conference USA,Conference USA,,Williams Stadium (VA),18069
2024,10,regular,2024-10-30,Sam Houston,Louisiana Tech,9,3,Conference USA,Conference USA,,Elliott T. Bowers Stadium,9128
2024,10,regular,2024-10-30,Western Kentucky,Kennesaw State,31,14,Conference USA,Conference USA,,Houchens Industries-L.T. Smith Stadium,14547
2024,10,regular,2024-10-31,Charlotte,Tulane,3,34,American Athletic,American Athletic,,Jerry Richardson Stadium,12268
2024,10,regular,2024-11-01,Florida Atlantic,South Florida,21,44,American Athletic,American Athletic,,FAU Stadium,20111
2024,10,regular,2024-11-01,UConn,Georgia State,34,27,FBS Independents,Sun Belt,,Pratt & Whitney Stadium,22028
2024,10,regular,2024-11-02,Akron,Buffalo,30,41,Mid-American,Mid-American,,InfoCision Stadium,4610
2024,10,regular,2024-11-02,App State,Old Dominion,28,20,Sun Belt,Sun Belt,,Kidd Brewer Stadium,34954
2024,10,regular,2024-11-02,Arkansas,Ole Miss,31,63,SEC,SEC,,Razorback Stadium,72894
2024,10,regular,2024-11-02,Army,Air Force,20,3,American Athletic,Mountain West,,Michie Stadium,30046
2024,10,regular,2024-11-02,Auburn,Vanderbilt,7,17,SEC,SEC,,Jordan-Hare Stadium,88043
2024,10,regular,2024-11-02,Boise State,San Diego State,56,24,Mountain West,Mountain West,,Albertsons Stadium,36838
2024,10,regular,2024-11-02,Clemson,Louisville,21,33,ACC,ACC,,"Memorial Stadium (Clemson, SC)",80446
2024,10,regular,2024-11-02,Eastern Michigan,Toledo,28,29,Mid-American,Mid-American,,Rynearson Stadium,13044
2024,10,regular,2024-11-02,Florida State,North Carolina,11,35,ACC,ACC,,Doak Campbell Stadium,55107
2024,10,regular,2024-11-02,Fresno State,Hawai'i,20,21,Mountain West,Mountain West,,Valley Children's Stadium,41575
2024,10,regular,2024-11-02,Georgia,Florida,34,20,SEC,SEC,1,EverBank Stadium,76307
2024,10,regular,2024-11-02,Houston,Kansas State,24,19,Big 12,Big 12,,TDECU Stadium,23085
2024,10,regular,2024-11-02,Illinois,Minnesota,17,25,Big Ten,Big Ten,,"Memorial Stadium (Champaign, IL)",58088
2024,10,regular,2024-11-02,Iowa,Wisconsin,42,10,Big Ten,Big Ten,,Kinnick Stadium,69250
2024,10,regular,2024-11-02,Iowa State,Texas Tech,22,23,Big 12,Big 12,,Jack Trice Stadium,61500
2024,10,regular,2024-11-02,Marshall,UL Monroe,28,23,Sun Belt,Sun Belt,,Joan C. Edwards Stadium,21478
2024,10,regular,2024-11-02,Miami,Duke,53,31,ACC,ACC,,Hard Rock Stadium,60189
2024,10,regular,2024-11-02,Michigan,Oregon,17,38,Big Ten,Big Ten,,Michigan Stadium,110576
2024,10,regular,2024-11-02,Michigan State,Indiana,10,47,Big Ten,Big Ten,,Spartan Stadium,68423
2024,10,regular,2024-11-02,Mississippi State,Massachusetts,45,20,SEC,FBS Independents,,Davis Wade Stadium,48617
2024,10,regular,2024-11-02,NC State,Stanford,59,28,ACC,ACC,,Carter-Finley Stadium,56919
2024,10,regular,2024-11-02,Nebraska,UCLA,20,27,Big Ten,Big Ten,,"Memorial Stadium (Lincoln, NE)",87453
2024,10,regular,2024-11-02,New Mexico,Wyoming,45,49,Mountain West,Mountain West,,University Stadium (NM),15046
2024,10,regular,2024-11-02,Oklahoma,Maine,59,14,SEC,Coastal Athletic,,"Memorial Stadium (Norman, OK)",82831
2024,10,regular,2024-11-02,Oklahoma State,Arizona State,21,42,Big 12,Big 12,,Boone Pickens Stadium,52202
2024,10,regular,2024-11-02,Penn State,Ohio State,13,20,Big Ten,Big Ten,,Beaver Stadium,111030
2024,10,regular,2024-11-02,Purdue,Northwestern,20,26,Big Ten,Big Ten,,Ross-Ade Stadium,61141
2024,10,regular,2024-11-02,Rice,Navy,24,10,American Athletic,American Athletic,,Rice Stadium,21253
2024,10,regular,2024-11-02,South Alabama,Georgia Southern,30,34,Sun Belt,Sun Belt,,Hancock Whitney Stadium,19667
2024,10,regular,2024-11-02,South Carolina,Texas A&M,44,20,SEC,SEC,,Williams-Brice Stadium,80298
2024,10,regular,2024-11-02,Syracuse,Virginia Tech,38,31,ACC,ACC,,JMA Wireless Dome,38454
2024,10,regular,2024-11-02,Tennessee,Kentucky,28,18,SEC,SEC,,Neyland Stadium,101915
2024,10,regular,2024-11-02,Troy,Coastal Carolina,38,24,Sun Belt,Sun Belt,,Veterans Memorial Stadium (AL),24223
2024,10,regular,2024-11-02,UAB,Tulsa,59,21,American Athletic,American Athletic,,Protective Stadium,17944
2024,10,regular,2024-11-02,UCF,Arizona,56,12,Big 12,Big 12,,FBC Mortgage Stadium,42110
2024,10,regular,2024-11-02,UTEP,Middle Tennessee,13,20,Conference USA,Conference USA,,Sun Bowl,14775
2024,10,regular,2024-11-02,UTSA,Memphis,44,36,American Athletic,American Athletic,,Alamodome,17198
2024,10,regular,2024-11-02,Washington,USC,26,21,Big Ten,Big Ten,,Husky Stadium,71251
2024,10,regular,2024-11-03,Baylor,TCU,37,34,Big 12,Big 12,,McLane Stadium,44171
2024,10,regular,2024-11-03,Nevada,Colorado State,21,38,Mountain West,Mountain West,,Mackay Stadium,16019
2024,10,regular,2024-11-03,SMU,Pittsburgh,48,25,ACC,ACC,,Gerald J. Ford Stadium,34648
2024,11,regular,2024-11-06,Ball State,Miami (OH),21,27,Mid-American,Mid-American,,Scheumann Stadium,6412
2024,11,regular,2024-11-06,Central Michigan,Bowling Green,13,23,Mid-American,Mid-American,,Kelly/Shorts Stadium,7832
2024,11,regular,2024-11-07,Kent State,Ohio,0,41,Mid-American,Mid-American,,Dix Stadium,5662
2024,11,regular,2024-11-07,Western Michigan,Northern Illinois,28,42,Mid-American,Mid-American,,Waldo Stadium,10346
2024,11,regular,2024-11-08,Coastal Carolina,App State,38,24,Sun Belt,Sun Belt,,Brooks Stadium (SC),19415
2024,11,regular,2024-11-08,East Carolina,Florida Atlantic,49,14,American Athletic,American Athletic,,Dowdy-Ficklen Stadium,30573
2024,11,regular,2024-11-09,Boston College,Syracuse,37,31,ACC,ACC,,"Alumni Stadium (Chestnut Hill, MA)",44500
2024,11,regular,2024-11-09,Cincinnati,West Virginia,24,31,Big 12,Big 12,,Nippert Stadium,38007
2024,11,regular,2024-11-09,Georgia Tech,Miami,28,23,ACC,ACC,,Bobby Dodd Stadium,47358
2024,11,regular,2024-11-09,Indiana,Michigan,20,15,Big Ten,Big Ten,,"Memorial Stadium (Bloomington, IN)",53082
2024,11,regular,2024-11-09,James Madison,Georgia State,38,7,Sun Belt,Sun Belt,,Bridgeforth Stadium,25709
2024,11,regular,2024-11-09,Kansas,Iowa State,45,36,Big 12,Big 12,1,GEHA Field at Arrowhead Stadium,51109
2024,11,regular,2024-11-09,Louisiana,Arkansas State,55,19,Sun Belt,Sun Belt,,Cajun Field,16451
2024,11,regular,2024-11-09,Louisiana Tech,Jacksonville State,37,44,Conference USA,Conference USA,,Joe Aillet Stadium,16345
2024,11,regular,2024-11-09,Memphis,Rice,27,20,American Athletic,American Athletic,,Simmons Bank Liberty Stadium,23692
2024,11,regular,2024-11-09,Middle Tennessee,Liberty,17,37,Conference USA,Conference USA,,"Johnny ""Red"" Floyd Stadium",13500
2024,11,regular,2024-11-09,NC State,Duke,19,29,ACC,ACC,,Carter-Finley Stadium,56919
2024,11,regular,2024-11-09,New Mexico State,Western Kentucky,28,41,Conference USA,Conference USA,,Aggie Memorial Stadium,12710
2024,11,regular,2024-11-09,North Texas,Army,3,14,American Athletic,American Athletic,,DATCU Stadium,28519
2024,11,regular,2024-11-09,Ohio State,Purdue,45,0,Big Ten,Big Ten,,Ohio Stadium,103463
2024,11,regular,2024-11-09,Ole Miss,Georgia,28,10,SEC,SEC,,Vaught-Hemingway Stadium,68126
2024,11,regular,2024-11-09,Oregon State,San José State,13,24,Pac-12,Mountain West,,Reser Stadium,37187
2024,11,regular,2024-11-09,Rutgers,Minnesota,26,19,Big Ten,Big Ten,,SHI Stadium,44120
2024,11,regular,2024-11-09,San Diego State,New Mexico,16,21,Mountain West,Mountain West,,Snapdragon Stadium,21832
2024,11,regular,2024-11-09,South Florida,Navy,7,28,American Athletic,American Athletic,,Raymond James Stadium,34091
2024,11,regular,2024-11-09,Southern Miss,Marshall,3,37,Sun Belt,Sun Belt,,M. M. Roberts Stadium,20502
2024,11,regular,2024-11-09,Texas,Florida,49,17,SEC,SEC,,DKR-Texas Memorial Stadium,103375
2024,11,regular,2024-11-09,Texas Tech,Colorado,27,41,Big 12,Big 12,,Jones AT&T Stadium,60229
2024,11,regular,2024-11-09,Tulane,Temple,52,6,American Athletic,American Athletic,,Yulman Stadium,30000
2024,11,regular,2024-11-09,UAB,UConn,23,31,American Athletic,FBS Independents,,Protective Stadium,18351
2024,11,regular,2024-11-09,UCLA,Iowa,20,17,Big Ten,Big Ten,,Rose Bowl,53467
2024,11,regular,2024-11-09,UL Monroe,Texas State,17,38,Sun Belt,Sun Belt,,Malone Stadium,13720
2024,11,regular,2024-11-09,UTEP,Kennesaw State,43,35,Conference USA,Conference USA,,Sun Bowl,14728
2024,11,regular,2024-11-09,Vanderbilt,South Carolina,7,28,SEC,SEC,,FirstBank Stadium,28934
2024,11,regular,2024-11-09,Virginia Tech,Clemson,14,24,ACC,ACC,,Lane Stadium,65632
2024,11,regular,2024-11-09,Wake Forest,California,36,46,ACC,ACC,,Allegacy Federal Credit Union Stadium,28455
2024,11,regular,2024-11-10,Air Force,Fresno State,36,28,Mountain West,Mountain West,,Falcon Stadium,14794
2024,11,regular,2024-11-10,Arizona State,UCF,35,31,Big 12,Big 12,,Mountain America Stadium,44940
2024,11,regular,2024-11-10,Boise State,Nevada,28,21,Mountain West,Mountain West,,Albertsons Stadium,37143
2024,11,regular,2024-11-10,Hawai'i,UNLV,27,29,Mountain West,Mountain West,,Clarence T.C. Ching Athletics Complex,12691
2024,11,regular,2024-11-10,LSU,Alabama,13,42,SEC,SEC,,Tiger Stadium (LA),102283
2024,11,regular,2024-11-10,Missouri,Oklahoma,30,23,SEC,SEC,,Memorial Stadium,62621
2024,11,regular,2024-11-10,Notre Dame,Florida State,52,3,FBS Independents,ACC,,Notre Dame Stadium,77622
2024,11,regular,2024-11-10,Oregon,Maryland,39,18,Big Ten,Big Ten,,Autzen Stadium,59245
2024,11,regular,2024-11-10,Penn State,Washington,35,6,Big Ten,Big Ten,,Beaver Stadium,110233
2024,11,regular,2024-11-10,Pittsburgh,Virginia,19,24,ACC,ACC,,Acrisure Stadium,56693
2024,11,regular,2024-11-10,TCU,Oklahoma State,38,13,Big 12,Big 12,,Amon G. Carter Stadium,45348
2024,11,regular,2024-11-10,Tennessee,Mississippi State,33,14,SEC,SEC,,Neyland Stadium,101915
2024,11,regular,2024-11-10,Utah,BYU,21,22,Big 12,Big 12,,Rice-Eccles Stadium,54383
2024,11,regular,2024-11-10,Washington State,Utah State,49,28,Pac-12,Mountain West,,Gesa Field,20011
2024,12,regular,2024-11-13,Bowling Green,Western Michigan,31,13,Mid-American,Mid-American,,Doyt L. Perry Stadium,1156
2024,12,regular,2024-11-13,Buffalo,Ball State,51,48,Mid-American,Mid-American,,UB Stadium,12708
2024,12,regular,2024-11-13,Toledo,Central Michigan,37,10,Mid-American,Mid-American,,Glass Bowl,14661
2024,12,regular,2024-11-14,Miami (OH),Kent State,34,7,Mid-American,Mid-American,,Yager Stadium,5328
2024,12,regular,2024-11-14,Northern Illinois,Akron,29,16,Mid-American,Mid-American,,Huskie Stadium,6795
2024,12,regular,2024-11-14,Ohio,Eastern Michigan,35,10,Mid-American,Mid-American,,Peden Stadium,14133
2024,12,regular,2024-11-15,Tulsa,East Carolina,31,38,American Athletic,American Athletic,,Chapman Stadium,17979
2024,12,regular,2024-11-16,Air Force,Oregon State,28,0,Mountain West,Pac-12,,Falcon Stadium,21385
2024,12,regular,2024-11-16,Alabama,Mercer,52,7,SEC,Southern,,Bryant-Denny Stadium,100077
2024,12,regular,2024-11-16,Arizona,Houston,27,3,Big 12,Big 12,,Arizona Stadium,38538
2024,12,regular,2024-11-16,Arkansas,Texas,10,20,SEC,SEC,,Razorback Stadium,74929
2024,12,regular,2024-11-16,Auburn,UL Monroe,48,14,SEC,Sun Belt,,Jordan-Hare Stadium,88043
2024,12,regular,2024-11-16,California,Syracuse,25,33,ACC,ACC,,California Memorial Stadium,33493
2024,12,regular,2024-11-16,Charlotte,South Florida,24,59,American Athletic,American Athletic,,Jerry Richardson Stadium,15030
2024,12,regular,2024-11-16,Colorado,Utah,49,24,Big 12,Big 12,,Folsom Field,54646
2024,12,regular,2024-11-16,Colorado State,Wyoming,24,10,Mountain West,Mountain West,,Canvas Stadium,36720
2024,12,regular,2024-11-16,Florida,LSU,27,16,SEC,SEC,,Ben Hill Griffin Stadium,90067
2024,12,regular,2024-11-16,Georgia Southern,Troy,20,28,Sun Belt,Sun Belt,,Allen E. Paulson Stadium,21762
2024,12,regular,2024-11-16,Georgia State,Arkansas State,20,27,Sun Belt,Sun Belt,,Center Parc Stadium,14047
2024,12,regular,2024-11-16,Illinois,Michigan State,38,16,Big Ten,Big Ten,,"Memorial Stadium (Champaign, IL)",52660
2024,12,regular,2024-11-16,Jacksonville State,Florida International,34,31,Conference USA,Conference USA,,AmFirst Stadium,17688
2024,12,regular,2024-11-16,Kennesaw State,Sam Houston,17,23,Conference USA,Conference USA,,Fifth Third Stadium,7736
2024,12,regular,2024-11-16,Kentucky,Murray State,48,6,SEC,MVFC,,Kroger Field,48370
2024,12,regular,2024-11-16,Marshall,Coastal Carolina,31,19,Sun Belt,Sun Belt,,Joan C. Edwards Stadium,24175
2024,12,regular,2024-11-16,Maryland,Rutgers,17,31,Big Ten,Big Ten,,SECU Stadium,31433
2024,12,regular,2024-11-16,Massachusetts,Liberty,34,35,FBS Independents,Conference USA,,Warren McGuirk Alumni Stadium,9115
2024,12,regular,2024-11-16,Navy,Tulane,0,35,American Athletic,American Athletic,,Navy-Marine Corps Memorial Stadium,38914
2024,12,regular,2024-11-16,Northwestern,Ohio State,7,31,Big Ten,Big Ten,1,Wrigley Field,38147
2024,12,regular,2024-11-16,Notre Dame,Virginia,35,14,FBS Independents,ACC,,Notre Dame Stadium,77622
2024,12,regular,2024-11-16,Old Dominion,James Madison,32,35,Sun Belt,Sun Belt,,S.B. Ballard Stadium,21984
2024,12,regular,2024-11-16,Pittsburgh,Clemson,20,24,ACC,ACC,,Acrisure Stadium,58667
2024,12,regular,2024-11-16,Purdue,Penn State,10,49,Big Ten,Big Ten,,Ross-Ade Stadium,58346
2024,12,regular,2024-11-16,SMU,Boston College,38,28,ACC,ACC,,Gerald J. Ford Stadium,34438
2024,12,regular,2024-11-16,South Carolina,Missouri,34,30,SEC,SEC,,Williams-Brice Stadium,79361
2024,12,regular,2024-11-16,Stanford,Louisville,38,35,ACC,ACC,,Stanford Stadium,18685
2024,12,regular,2024-11-16,Temple,Florida Atlantic,18,15,American Athletic,American Athletic,,Lincoln Financial Field,12291
2024,12,regular,2024-11-16,USC,Nebraska,28,20,Big Ten,Big Ten,,Los Angeles Memorial Coliseum,75304
2024,12,regular,2024-11-16,UTSA,North Texas,48,27,American Athletic,American Athletic,,Alamodome,21350
2024,12,regular,2024-11-16,Utah State,Hawai'i,55,10,Mountain West,Mountain West,,Maverik Stadium,
2024,12,regular,2024-11-16,Washington,UCLA,31,19,Big Ten,Big Ten,,Husky Stadium,68811
2024,12,regular,2024-11-16,West Virginia,Baylor,35,49,Big 12,Big 12,,Milan Puskar Stadium,52376
2024,12,regular,2024-11-16,Western Kentucky,Louisiana Tech,7,12,Conference USA,Conference USA,,Houchens Industries-L.T. Smith Stadium,13312
2024,12,regular,2024-11-17,BYU,Kansas,13,17,Big 12,Big 12,,LaVell Edwards Stadium,62704
2024,12,regular,2024-11-17,Georgia,Tennessee,31,17,SEC,SEC,,Sanford Stadium,93033
2024,12,regular,2024-11-17,Iowa State,Cincinnati,34,17,Big 12,Big 12,,Jack Trice Stadium,52881
2024,12,regular,2024-11-17,Kansas State,Arizona State,14,24,Big 12,Big 12,,Bill Snyder Family Stadium,51880
2024,12,regular,2024-11-17,Louisiana,South Alabama,22,24,Sun Belt,Sun Belt,,Cajun Field,16063
2024,12,regular,2024-11-17,Memphis,UAB,53,18,American Athletic,American Athletic,,Simmons Bank Liberty Stadium,24225
2024,12,regular,2024-11-17,New Mexico,Washington State,38,35,Mountain West,Pac-12,,University Stadium (NM),14067
2024,12,regular,2024-11-17,North Carolina,Wake Forest,31,24,ACC,ACC,,Kenan Stadium,48364
2024,12,regular,2024-11-17,San José State,Boise State,21,42,Mountain West,Mountain West,,CEFCU Stadium,20517
2024,12,regular,2024-11-17,Texas A&M,New Mexico State,38,3,SEC,Conference USA,,Kyle Field,105815
2024,12,regular,2024-11-17,Texas State,Southern Miss,58,3,Sun Belt,Sun Belt,,Bobcat Stadium (TX),22618
2024,12,regular,2024-11-17,UNLV,San Diego State,41,20,Mountain West,Mountain West,,Allegiant Stadium,30386
2024,12,regular,2024-11-17,Wisconsin,Oregon,13,16,Big Ten,Big Ten,,Camp Randall Stadium,76298
2024,13,regular,2024-11-20,Central Michigan,Western Michigan,16,14,Mid-American,Mid-American,,Kelly/Shorts Stadium,13102
2024,13,regular,2024-11-20,Kent State,Akron,17,38,Mid-American,Mid-American,,Dix Stadium,6768
2024,13,regular,2024-11-20,Miami (OH),Northern Illinois,20,9,Mid-American,Mid-American,,Yager Stadium,5891
2024,13,regular,2024-11-21,Eastern Michigan,Buffalo,20,37,Mid-American,Mid-American,,Rynearson Stadium,12004
2024,13,regular,2024-11-21,Toledo,Ohio,7,24,Mid-American,Mid-American,,Glass Bowl,14543
2024,13,regular,2024-11-22,Georgia Tech,NC State,30,29,ACC,ACC,,Bobby Dodd Stadium,34591
2024,13,regular,2024-11-23,App State,James Madison,34,20,Sun Belt,Sun Belt,,Kidd Brewer Stadium,34012
2024,13,regular,2024-11-23,Arizona State,BYU,28,23,Big 12,Big 12,,Mountain America Stadium,55400
2024,13,regular,2024-11-23,Arkansas,Louisiana Tech,35,14,SEC,Conference USA,,Razorback Stadium,66041
2024,13,regular,2024-11-23,Arkansas State,UL Monroe,28,21,Sun Belt,Sun Belt,,Centennial Bank Stadium,14029
2024,13,regular,2024-11-23,Ball State,Bowling Green,13,38,Mid-American,Mid-American,,Scheumann Stadium,7116
2024,13,regular,2024-11-23,Boston College,North Carolina,41,21,ACC,ACC,,"Alumni Stadium (Chestnut Hill, MA)",37801
2024,13,regular,2024-11-23,California,Stanford,24,21,ACC,ACC,,California Memorial Stadium,52428
2024,13,regular,2024-11-23,Clemson,The Citadel,51,14,ACC,Southern,,"Memorial Stadium (Clemson, SC)",80300
2024,13,regular,2024-11-23,Coastal Carolina,Georgia Southern,6,26,Sun Belt,Sun Belt,,Brooks Stadium (SC),14556
2024,13,regular,2024-11-23,Florida,Ole Miss,24,17,SEC,SEC,,Ben Hill Griffin Stadium,89942
2024,13,regular,2024-11-23,Florida Atlantic,Charlotte,27,39,American Athletic,American Athletic,,FAU Stadium,15066
2024,13,regular,2024-11-23,Florida State,Charleston Southern,41,7,ACC,Big South-OVC,,Doak Campbell Stadium,43711
2024,13,regular,2024-11-23,Georgia,Massachusetts,59,21,SEC,FBS Independents,,Sanford Stadium,93033
2024,13,regular,2024-11-23,Jacksonville State,Sam Houston,21,11,Conference USA,Conference USA,,AmFirst Stadium,16312
2024,13,regular,2024-11-23,Kansas,Colorado,37,21,Big 12,Big 12,1,GEHA Field at Arrowhead Stadium,56470
2024,13,regular,2024-11-23,Kennesaw State,Florida International,27,26,Conference USA,Conference USA,,Fifth Third Stadium,6210
2024,13,regular,2024-11-23,Liberty,Western Kentucky,38,21,Conference USA,Conference USA,,Williams Stadium (VA),17930
2024,13,regular,2024-11-23,Louisiana,Troy,51,30,Sun Belt,Sun Belt,,Cajun Field,15501
2024,13,regular,2024-11-23,Louisville,Pittsburgh,37,9,ACC,ACC,,L&N Federal Credit Union Stadium,49441
2024,13,regular,2024-11-23,Maryland,Iowa,13,29,Big Ten,Big Ten,,SECU Stadium,30214
2024,13,regular,2024-11-23,Miami,Wake Forest,42,14,ACC,ACC,,Hard Rock Stadium,64210
2024,13,regular,2024-11-23,Michigan,Northwestern,50,6,Big Ten,Big Ten,,Michigan Stadium,109830
2024,13,regular,2024-11-23,Michigan State,Purdue,24,17,Big Ten,Big Ten,,Spartan Stadium,57558
2024,13,regular,2024-11-23,Middle Tennessee,New Mexico State,21,36,Conference USA,Conference USA,,"Johnny ""Red"" Floyd Stadium",10123
2024,13,regular,2024-11-23,Minnesota,Penn State,25,26,Big Ten,Big Ten,,Huntington Bank Stadium,44266
2024,13,regular,2024-11-23,Mississippi State,Missouri,20,39,SEC,SEC,,Davis Wade Stadium,47824
2024,13,regular,2024-11-23,Nebraska,Wisconsin,44,25,Big Ten,Big Ten,,"Memorial Stadium (Lincoln, NE)",86923
2024,13,regular,2024-11-23,North Texas,East Carolina,28,40,American Athletic,American Athletic,,DATCU Stadium,17387
2024,13,regular,2024-11-23,Ohio State,Indiana,38,15,Big Ten,Big Ten,,Ohio Stadium,105751
2024,13,regular,2024-11-23,Oklahoma State,Texas Tech,48,56,Big 12,Big 12,,Boone Pickens Stadium,52202
2024,13,regular,2024-11-23,Rutgers,Illinois,31,38,Big Ten,Big Ten,,SHI Stadium,47524
2024,13,regular,2024-11-23,San José State,UNLV,16,27,Mountain West,Mountain West,,CEFCU Stadium,13671
2024,13,regular,2024-11-23,South Carolina,Wofford,56,12,SEC,Southern,,Williams-Brice Stadium,79078
2024,13,regular,2024-11-23,South Florida,Tulsa,63,30,American Athletic,American Athletic,,Raymond James Stadium,27623
2024,13,regular,2024-11-23,Southern Miss,South Alabama,14,35,Sun Belt,Sun Belt,,M. M. Roberts Stadium,20074
2024,13,regular,2024-11-23,Syracuse,UConn,31,24,ACC,FBS Independents,,JMA Wireless Dome,35453
2024,13,regular,2024-11-23,TCU,Arizona,49,28,Big 12,Big 12,,Amon G. Carter Stadium,42977
2024,13,regular,2024-11-23,Tennessee,UTEP,56,0,SEC,Conference USA,,Neyland Stadium,101915
2024,13,regular,2024-11-23,Texas,Kentucky,31,14,SEC,SEC,,DKR-Texas Memorial Stadium,102811
2024,13,regular,2024-11-23,UAB,Rice,40,14,American Athletic,American Athletic,,Protective Stadium,16181
2024,13,regular,2024-11-23,UTSA,Temple,51,27,American Athletic,American Athletic,,Alamodome,20121
2024,13,regular,2024-11-23,Utah State,San Diego State,41,20,Mountain West,Mountain West,,Maverik Stadium,12583
2024,13,regular,2024-11-23,Virginia,SMU,7,33,ACC,ACC,,Scott Stadium,36305
2024,13,regular,2024-11-23,West Virginia,UCF,31,21,Big 12,Big 12,,Milan Puskar Stadium,40722
2024,13,regular,2024-11-24,Auburn,Texas A&M,43,41,SEC,SEC,,Jordan-Hare Stadium,88043
2024,13,regular,2024-11-24,Duke,Virginia Tech,31,28,ACC,ACC,,Wallace Wade Stadium,22462
2024,13,regular,2024-11-24,Fresno State,Colorado State,28,22,Mountain West,Mountain West,,Valley Children's Stadium,39543
2024,13,regular,2024-11-24,Houston,Baylor,10,20,Big 12,Big 12,,TDECU Stadium,34166
2024,13,regular,2024-11-24,Kansas State,Cincinnati,41,15,Big 12,Big 12,,Bill Snyder Family Stadium,50988
2024,13,regular,2024-11-24,LSU,Vanderbilt,24,17,SEC,SEC,,Tiger Stadium (LA),102086
2024,13,regular,2024-11-24,Nevada,Air Force,19,22,Mountain West,Mountain West,,Mackay Stadium,12228
2024,13,regular,2024-11-24,Notre Dame,Army,49,14,FBS Independents,American Athletic,1,Yankee Stadium,47342
2024,13,regular,2024-11-24,Oklahoma,Alabama,24,3,SEC,SEC,,"Memorial Stadium (Norman, OK)",84053
2024,13,regular,2024-11-24,Old Dominion,Marshall,35,42,Sun Belt,Sun Belt,,S.B. Ballard Stadium,18083
2024,13,regular,2024-11-24,Oregon State,Washington State,41,38,Pac-12,Pac-12,,Reser Stadium,38008
2024,13,regular,2024-11-24,Texas State,Georgia State,44,52,Sun Belt,Sun Belt,,Bobcat Stadium (TX),18271
2024,13,regular,2024-11-24,UCLA,USC,13,19,Big Ten,Big Ten,,Rose Bowl,59473
2024,13,regular,2024-11-24,Utah,Iowa State,28,31,Big 12,Big 12,,Rice-Eccles Stadium,52152
2024,13,regular,2024-11-24,Wyoming,Boise State,13,17,Mountain West,Mountain West,,War Memorial Stadium,18094
2024,14,regular,2024-11-27,Akron,Toledo,21,14,Mid-American,Mid-American,,InfoCision Stadium,4716
2024,14,regular,2024-11-27,Buffalo,Kent State,43,7,Mid-American,Mid-American,,UB Stadium,11916
2024,14,regular,2024-11-29,Boise State,Oregon State,34,18,Mountain West,Pac-12,,Albertsons Stadium,37264
2024,14,regular,2024-11-29,Bowling Green,Miami (OH),12,28,Mid-American,Mid-American,,Doyt L. Perry Stadium,9345
2024,14,regular,2024-11-29,Colorado,Oklahoma State,52,0,Big 12,Big 12,,Folsom Field,51030
2024,14,regular,2024-11-29,Colorado State,Utah State,42,37,Mountain West,Mountain West,,Canvas Stadium,24772
2024,14,regular,2024-11-29,East Carolina,Navy,20,34,American Athletic,American Athletic,,Dowdy-Ficklen Stadium,35663
2024,14,regular,2024-11-29,Ohio,Ball State,42,21,Mid-American,Mid-American,,Peden Stadium,11804
2024,14,regular,2024-11-29,Ole Miss,Mississippi State,26,14,SEC,SEC,,Vaught-Hemingway Stadium,67896
2024,14,regular,2024-11-29,Sam Houston,Liberty,20,18,Conference USA,Conference USA,,Elliott T. Bowers Stadium,8651
2024,14,regular,2024-11-29,San José State,Stanford,34,31,Mountain West,ACC,,CEFCU Stadium,19117
2024,14,regular,2024-11-29,South Alabama,Texas State,38,45,Sun Belt,Sun Belt,,Hancock Whitney Stadium,15569
2024,14,regular,2024-11-29,Tulane,Memphis,24,34,American Athletic,American Athletic,,Yulman Stadium,25021
2024,14,regular,2024-11-29,Wisconsin,Minnesota,7,24,Big Ten,Big Ten,,Camp Randall Stadium,76059
2024,14,regular,2024-11-30,Alabama,Auburn,28,14,SEC,SEC,,Bryant-Denny Stadium,100077
2024,14,regular,2024-11-30,Arizona,Arizona State,7,49,Big 12,Big 12,,Arizona Stadium,49813
2024,14,regular,2024-11-30,Arkansas State,Old Dominion,32,40,Sun Belt,Sun Belt,,Centennial Bank Stadium,13584
2024,14,regular,2024-11-30,Army,UTSA,29,24,American Athletic,American Athletic,,Michie Stadium,22120
2024,14,regular,2024-11-30,Baylor,Kansas,45,17,Big 12,Big 12,,McLane Stadium,36585
2024,14,regular,2024-11-30,Boston College,Pittsburgh,34,23,ACC,ACC,,"Alumni Stadium (Chestnut Hill, MA)",29704
2024,14,regular,2024-11-30,Charlotte,UAB,29,27,American Athletic,American Athletic,,Jerry Richardson Stadium,8091
2024,14,regular,2024-11-30,Cincinnati,TCU,13,20,Big 12,Big 12,,Nippert Stadium,30021
2024,14,regular,2024-11-30,Clemson,South Carolina,14,17,ACC,SEC,,"Memorial Stadium (Clemson, SC)",81500
2024,14,regular,2024-11-30,Florida International,Middle Tennessee,35,24,Conference USA,Conference USA,1,Pitbull Stadium,8962
2024,14,regular,2024-11-30,Georgia,Georgia Tech,44,42,SEC,ACC,,Sanford Stadium,93033
2024,14,regular,2024-11-30,Georgia Southern,App State,29,20,Sun Belt,Sun Belt,,Allen E. Paulson Stadium,23383
2024,14,regular,2024-11-30,Georgia State,Coastal Carolina,27,48,Sun Belt,Sun Belt,,Center Parc Stadium,12606
2024,14,regular,2024-11-30,Iowa,Nebraska,13,10,Big Ten,Big Ten,,Kinnick Stadium,69250
2024,14,regular,2024-11-30,Kentucky,Louisville,14,41,SEC,ACC,,Kroger Field,58612
2024,14,regular,2024-11-30,Louisiana Tech,Kennesaw State,33,0,Conference USA,Conference USA,,Joe Aillet Stadium,14686
2024,14,regular,2024-11-30,Massachusetts,UConn,42,47,FBS Independents,FBS Independents,,Warren McGuirk Alumni Stadium,10365
2024,14,regular,2024-11-30,Michigan State,Rutgers,14,41,Big Ten,Big Ten,,Spartan Stadium,50038
2024,14,regular,2024-11-30,Missouri,Arkansas,28,21,SEC,SEC,,Memorial Stadium,62621
2024,14,regular,2024-11-30,New Mexico State,UTEP,35,42,Conference USA,Conference USA,,Aggie Memorial Stadium,15358
2024,14,regular,2024-11-30,North Carolina,NC State,30,35,ACC,ACC,,Kenan Stadium,50500
2024,14,regular,2024-11-30,Northern Illinois,Central Michigan,24,16,Mid-American,Mid-American,,Huskie Stadium,5843
2024,14,regular,2024-11-30,Northwestern,Illinois,28,38,Big Ten,Big Ten,1,Wrigley Field,26378
2024,14,regular,2024-11-30,Ohio State,Michigan,10,13,Big Ten,Big Ten,,Ohio Stadium,106005
2024,14,regular,2024-11-30,Penn State,Maryland,44,7,Big Ten,Big Ten,,Beaver Stadium,104044
2024,14,regular,2024-11-30,Rice,South Florida,35,28,American Athletic,American Athletic,,Rice Stadium,16430
2024,14,regular,2024-11-30,SMU,California,38,6,ACC,ACC,,Gerald J. Ford Stadium,33178
2024,14,regular,2024-11-30,Syracuse,Miami,42,38,ACC,ACC,,JMA Wireless Dome,40486
2024,14,regular,2024-11-30,Temple,North Texas,17,24,American Athletic,American Athletic,,Lincoln Financial Field,
2024,14,regular,2024-11-30,Texas Tech,West Virginia,52,15,Big 12,Big 12,,Jones AT&T Stadium,52785
2024,14,regular,2024-11-30,Troy,Southern Miss,52,20,Sun Belt,Sun Belt,,Veterans Memorial Stadium (AL),19521
2024,14,regular,2024-11-30,Tulsa,Florida Atlantic,16,63,American Athletic,American Athletic,,Chapman Stadium,15243
2024,14,regular,2024-11-30,UCF,Utah,14,28,Big 12,Big 12,,FBC Mortgage Stadium,40747
2024,14,regular,2024-11-30,UCLA,Fresno State,20,13,Big Ten,Mountain West,,Rose Bowl,35018
2024,14,regular,2024-11-30,UL Monroe,Louisiana,23,37,Sun Belt,Sun Belt,,Malone Stadium,15006
2024,14,regular,2024-11-30,USC,Notre Dame,35,49,Big Ten,FBS Independents,,Los Angeles Memorial Coliseum,73241
2024,14,regular,2024-11-30,Vanderbilt,Tennessee,23,36,SEC,SEC,,FirstBank Stadium,28934
2024,14,regular,2024-11-30,Wake Forest,Duke,17,23,ACC,ACC,,Allegacy Federal Credit Union Stadium,24776
2024,14,regular,2024-11-30,Washington State,Wyoming,14,15,Pac-12,Mountain West,,Gesa Field,17088
2024,14,regular,2024-11-30,Western Kentucky,Jacksonville State,19,17,Conference USA,Conference USA,,Houchens Industries-L.T. Smith Stadium,6547
2024,14,regular,2024-11-30,Western Michigan,Eastern Michigan,26,18,Mid-American,Mid-American,,Waldo Stadium,
2024,14,regular,2024-12-01,BYU,Houston,30,18,Big 12,Big 12,,LaVell Edwards Stadium,59213
2024,14,regular,2024-12-01,Florida State,Florida,11,31,ACC,SEC,,Doak Campbell Stadium,55107
2024,14,regular,2024-12-01,Hawai'i,New Mexico,38,30,Mountain West,Mountain West,,Clarence T.C. Ching Athletics Complex,12046
2024,14,regular,2024-12-01,Indiana,Purdue,66,0,Big Ten,Big Ten,,"Memorial Stadium (Bloomington, IN)",53082
2024,14,regular,2024-12-01,Iowa State,Kansas State,29,21,Big 12,Big 12,,Jack Trice Stadium,56228
2024,14,regular,2024-12-01,James Madison,Marshall,33,35,Sun Belt,Sun Belt,,Bridgeforth Stadium,23341
2024,14,regular,2024-12-01,LSU,Oklahoma,37,17,SEC,SEC,,Tiger Stadium (LA),99364
2024,14,regular,2024-12-01,Oregon,Washington,49,21,Big Ten,Big Ten,,Autzen Stadium,59603
2024,14,regular,2024-12-01,San Diego State,Air Force,20,31,Mountain West,Mountain West,,Snapdragon Stadium,18045
2024,14,regular,2024-12-01,Texas A&M,Texas,7,17,SEC,SEC,,Kyle Field,109028
2024,14,regular,2024-12-01,UNLV,Nevada,38,14,Mountain West,Mountain West,,Allegiant Stadium,40122
2024,14,regular,2024-12-01,Virginia Tech,Virginia,37,17,ACC,ACC,,Lane Stadium,65632
2024,15,regular,2024-12-07,Arizona State,Iowa State,45,19,Big 12,Big 12,1,AT&T Stadium,55889
2024,15,regular,2024-12-07,Army,Tulane,35,14,American Athletic,American Athletic,,Michie Stadium,14016
2024,15,regular,2024-12-07,Boise State,UNLV,21,7,Mountain West,Mountain West,,Albertsons Stadium,36663
2024,15,regular,2024-12-07,Jacksonville State,Western Kentucky,52,12,Conference USA,Conference USA,,AmFirst Stadium,15628
2024,15,regular,2024-12-07,Miami (OH),Ohio,3,38,Mid-American,Mid-American,1,Ford Field,15478
2024,15,regular,2024-12-07,Texas,Georgia,19,22,SEC,SEC,1,Mercedes-Benz Stadium,74916
2024,15,regular,2024-12-08,Louisiana,Marshall,3,31,Sun Belt,Sun Belt,,Cajun Field,20067
2024,15,regular,2024-12-08,Oregon,Penn State,45,37,Big Ten,Big Ten,1,Lucas Oil Stadium,67469
2024,15,regular,2024-12-08,SMU,Clemson,31,34,ACC,ACC,1,Bank of America Stadium,53808
2024,16,regular,2024-12-14,Army,Navy,13,31,American Athletic,American Athletic,1,Northwest Stadium,60726
2024,1,postseason,2024-12-15,Western Michigan,South Alabama,23,30,Mid-American,Sun Belt,1,Cramton Bowl,12021
2024,1,postseason,2024-12-18,James Madison,Western Kentucky,27,17,Sun Belt,Conference USA,1,FAU Stadium,15808
2024,1,postseason,2024-12-18,West Virginia,Memphis,37,42,Big 12,American Athletic,1,Toyota Stadium,12022
2024,1,postseason,2024-12-19,UNLV,California,24,13,Mountain West,ACC,1,SoFi Stadium,24420
2024,1,postseason,2024-12-20,Florida,Tulane,33,8,SEC,American Athletic,1,Raymond James Stadium,41472
2024,1,postseason,2024-12-20,Jacksonville State,Ohio,27,30,Conference USA,Mid-American,1,Camping World Stadium,10518
2024,1,postseason,2024-12-20,Sam Houston,Georgia Southern,31,26,Conference USA,Sun Belt,1,Caesars Superdome,13151
2024,1,postseason,2024-12-21,Notre Dame,Indiana,27,17,FBS Independents,Big Ten,,Notre Dame Stadium,77622
2024,1,postseason,2024-12-21,Penn State,SMU,38,10,Big Ten,ACC,,Beaver Stadium,106013
2024,1,postseason,2024-12-21,Texas,Clemson,38,24,SEC,ACC,,DKR-Texas Memorial Stadium,101150
2024,1,postseason,2024-12-22,Ohio State,Tennessee,42,17,Big Ten,SEC,,Ohio Stadium,102819
2024,1,postseason,2024-12-23,Fresno State,Northern Illinois,20,28,Mountain West,Mid-American,1,Albertsons Stadium,10359
2024,1,postseason,2024-12-23,UTSA,Coastal Carolina,44,15,American Athletic,Sun Belt,,Brooks Stadium (SC),8164
2024,1,postseason,2024-12-25,San José State,South Florida,39,41,Mountain West,American Athletic,1,Clarence T.C. Ching Athletics Complex,6720
2024,1,postseason,2024-12-26,Kansas State,Rutgers,44,41,Big 12,Big Ten,1,Chase Field,21659
2024,1,postseason,2024-12-26,Toledo,Pittsburgh,48,46,Mid-American,ACC,1,Ford Field,26219
2024,1,postseason,2024-12-27,Bowling Green,Arkansas State,31,38,Mid-American,Sun Belt,1,Hancock Whitney Stadium,19582
2024,1,postseason,2024-12-27,Navy,Oklahoma,21,20,American Athletic,SEC,1,Amon G. Carter Stadium,50754
2024,1,postseason,2024-12-27,Vanderbilt,Georgia Tech,35,27,SEC,ACC,1,Protective Stadium,33840
2024,1,postseason,2024-12-28,Arkansas,Texas Tech,39,26,SEC,Big 12,1,Simmons Bank Liberty Stadium,37764
2024,1,postseason,2024-12-28,Colorado State,Miami (OH),17,43,Mountain West,Mid-American,1,Arizona Stadium,40076
2024,1,postseason,2024-12-28,Miami,Iowa State,41,42,ACC,Big 12,1,Camping World Stadium,38650
2024,1,postseason,2024-12-28,NC State,East Carolina,21,26,ACC,American Athletic,1,Navy-Marine Corps Memorial Stadium,23981
2024,1,postseason,2024-12-28,Nebraska,Boston College,20,15,Big Ten,ACC,1,Yankee Stadium,30062
2024,1,postseason,2024-12-28,North Carolina,UConn,14,27,ACC,FBS Independents,1,Fenway Park,27900
2024,1,postseason,2024-12-28,TCU,Louisiana,34,3,Big 12,Sun Belt,1,University Stadium (NM),22827
2024,1,postseason,2024-12-28,USC,Texas A&M,35,31,Big Ten,SEC,1,Allegiant Stadium,26671
2024,1,postseason,2024-12-28,Washington State,Syracuse,35,52,Pac-12,ACC,1,Snapdragon Stadium,23920
2024,1,postseason,2024-12-29,Army,Louisiana Tech,27,6,American Athletic,Conference USA,1,Independence Stadium,34283
2024,1,postseason,2024-12-29,Colorado,BYU,14,36,Big 12,Big 12,1,Alamodome,64261
2024,1,postseason,2024-12-30,Missouri,Iowa,27,24,SEC,Big Ten,1,Nissan Stadium,43375
2024,1,postseason,2024-12-31,Illinois,South Carolina,21,17,Big Ten,SEC,1,Camping World Stadium,47129
2024,1,postseason,2024-12-31,LSU,Baylor,44,31,SEC,Big 12,1,NRG Stadium,59940
2024,1,postseason,2024-12-31,Michigan,Alabama,19,13,Big Ten,SEC,1,Raymond James Stadium,51439
2024,1,postseason,2024-12-31,Washington,Louisville,34,35,Big Ten,ACC,1,Sun Bowl,40826
2024,1,postseason,2025-01-01,Arizona State,Texas,31,39,Big 12,SEC,1,Mercedes-Benz Stadium,71105
2024,1,postseason,2025-01-01,Boise State,Penn State,14,31,Mountain West,Big Ten,1,State Farm Stadium,63854
2024,1,postseason,2025-01-01,Oregon,Ohio State,21,41,Big Ten,Big Ten,1,Rose Bowl,90732
2024,1,postseason,2025-01-02,Georgia,Notre Dame,10,23,SEC,FBS Independents,1,Caesars Superdome,57267
2024,1,postseason,2025-01-03,Ole Miss,Duke,52,20,SEC,ACC,1,EverBank Stadium,31290
2024,1,postseason,2025-01-03,Texas State,North Texas,30,28,Sun Belt,American Athletic,1,Gerald J. Ford Stadium,28725
2024,1,postseason,2025-01-04,Liberty,Buffalo,7,26,Conference USA,Mid-American,1,Thomas A. Robinson National Stadium,4610
2024,1,postseason,2025-01-04,Virginia Tech,Minnesota,10,24,ACC,Big Ten,1,Bank of America Stadium,31027
2024,1,postseason,2025-01-10,Penn State,Notre Dame,24,27,Big Ten,FBS Independents,1,Hard Rock Stadium,66881
2024,1,postseason,2025-01-11,Texas,Ohio State,14,28,SEC,Big Ten,1,AT&T Stadium,74527
2024,1,postseason,2025-01-21,Notre Dame,Ohio State,23,34,FBS Independents,Big Ten,1,Mercedes-Benz Stadium,77660
2025,1,regular,2025-08-23,Hawai'i,Stanford,23,20,Mountain West,ACC,,Clarence T.C. Ching Athletics Complex,15194
2025,1,regular,2025-08-23,Kansas,Fresno State,31,7,Big 12,Mountain West,,Memorial Stadium,41525
2025,1,regular,2025-08-23,Kansas State,Iowa State,21,24,Big 12,Big 12,1,Aviva Stadium,47221
2025,1,regular,2025-08-23,UNLV,Idaho State,38,31,Mountain West,Big Sky,,Allegiant Stadium,25723
2025,1,regular,2025-08-23,Western Kentucky,Sam Houston,41,24,Conference USA,Conference USA,,Houchens Industries-L.T. Smith Stadium,15312
2025,1,regular,2025-08-28,Akron,Wyoming,0,10,Mid-American,Mountain West,,InfoCision Stadium,9138
2025,1,regular,2025-08-28,Bowling Green,Lafayette,26,7,Mid-American,Patriot,,Doyt L. Perry Stadium,19328
2025,1,regular,2025-08-28,Delaware,Delaware State,35,17,Conference USA,MEAC,,Delaware Stadium,17895
2025,1,regular,2025-08-28,Duke,Elon,45,17,ACC,Coastal Athletic,,Wallace Wade Stadium,15677
2025,1,regular,2025-08-28,Missouri,Central Arkansas,61,6,SEC,UAC,,Memorial Stadium,57321
2025,1,regular,2025-08-28,NC State,East Carolina,24,17,ACC,American Athletic,,Carter-Finley Stadium,56919
2025,1,regular,2025-08-28,Oklahoma State,UT Martin,27,7,Big 12,OVC-Big South,,Boone Pickens Stadium,44809
2025,1,regular,2025-08-28,Rutgers,Ohio,34,31,Big Ten,Mid-American,,SHI Stadium,46907
2025,1,regular,2025-08-28,South Florida,Boise State,34,7,American Athletic,Mountain West,,Raymond James Stadium,34707
2025,1,regular,2025-08-28,UCF,Jacksonville State,17,10,Big 12,Conference USA,,FBC Mortgage Stadium,43043
2025,1,regular,2025-08-28,UL Monroe,Saint Francis,29,0,Sun Belt,NEC,,Malone Stadium,12459
2025,1,regular,2025-08-29,Army,Tarleton State,27,30,American Athletic,UAC,,Michie Stadium,23032
2025,1,regular,2025-08-29,Charlotte,App State,11,34,American Athletic,Sun Belt,1,Bank of America Stadium,35718
2025,1,regular,2025-08-29,Cincinnati,Nebraska,17,20,Big 12,Big Ten,1,GEHA Field at Arrowhead Stadium,72884
2025,1,regular,2025-08-29,Florida International,Bethune-Cookman,42,9,Conference USA,SWAC,,Pitbull Stadium,18034
2025,1,regular,2025-08-29,Houston,Stephen F. Austin,27,0,Big 12,Southland,,TDECU Stadium,28150
2025,1,regular,2025-08-29,Illinois,Western Illinois,52,3,Big Ten,OVC-Big South,,"Memorial Stadium (Champaign, IL)",56040
2025,1,regular,2025-08-29,Kansas,Wagner,46,7,Big 12,NEC,,Memorial Stadium,39129
2025,1,regular,2025-08-29,Michigan State,Western Michigan,23,6,Big Ten,Mid-American,,Spartan Stadium,71657
2025,1,regular,2025-08-29,Minnesota,Buffalo,23,10,Big Ten,Mid-American,,Huntington Bank Stadium,47774
2025,1,regular,2025-08-29,San Diego State,Stony Brook,42,0,Mountain West,Coastal Athletic,,Snapdragon Stadium,20624
2025,1,regular,2025-08-29,UAB,Alabama State,52,42,American Athletic,SWAC,,Protective Stadium,26294
2025,1,regular,2025-08-29,Wake Forest,Kennesaw State,10,9,ACC,Conference USA,,Allegacy Federal Credit Union Stadium,30789
2025,1,regular,2025-08-29,Wisconsin,Miami (OH),17,0,Big Ten,Mid-American,,Camp Randall Stadium,65952
2025,1,regular,2025-08-30,Air Force,Bucknell,49,13,Mountain West,Patriot,,Falcon Stadium,30207
2025,1,regular,2025-08-30,Arkansas,Alabama A&M,52,7,SEC,SWAC,,Razorback Stadium,70827
2025,1,regular,2025-08-30,Arkansas State,Southeast Missouri State,42,24,Sun Belt,OVC-Big South,,Centennial Bank Stadium,18241
2025,1,regular,2025-08-30,Baylor,Auburn,24,38,Big 12,SEC,,McLane Stadium,45233
2025,1,regular,2025-08-30,Boston College,Fordham,66,10,ACC,Patriot,,"Alumni Stadium (Chestnut Hill, MA)",41221
2025,1,regular,2025-08-30,Clemson,LSU,10,17,ACC,SEC,,"Memorial Stadium (Clemson, SC)",81500
2025,1,regular,2025-08-30,Colorado,Georgia Tech,20,27,Big 12,ACC,,Folsom Field,52868
2025,1,regular,2025-08-30,Florida,Long Island University,55,0,SEC,NEC,,Ben Hill Griffin Stadium,89451
2025,1,regular,2025-08-30,Florida State,Alabama,31,17,ACC,SEC,,Doak Campbell Stadium,67277
2025,1,regular,2025-08-30,Georgia,Marshall,45,7,SEC,Sun Belt,,Sanford Stadium,93033
2025,1,regular,2025-08-30,Indiana,Old Dominion,27,14,Big Ten,Sun Belt,,"Memorial Stadium (Bloomington, IN)",47109
2025,1,regular,2025-08-30,Iowa,UAlbany,34,7,Big Ten,Coastal Athletic,,Kinnick Stadium,69250
2025,1,regular,2025-08-30,Iowa State,South Dakota,55,7,Big 12,MVFC,,Jack Trice Stadium,61500
2025,1,regular,2025-08-30,James Madison,Weber State,45,10,Sun Belt,Big Sky,,Bridgeforth Stadium,24965
2025,1,regular,2025-08-30,Kansas State,North Dakota,38,35,Big 12,MVFC,,Bill Snyder Family Stadium,51927
2025,1,regular,2025-08-30,Kent State,Merrimack,21,17,Mid-American,FCS Independents,,Dix Stadium,8647
2025,1,regular,2025-08-30,Kentucky,Toledo,24,16,SEC,Mid-American,,Kroger Field,56457
2025,1,regular,2025-08-30,Liberty,Maine,28,7,Conference USA,Coastal Athletic,,Williams Stadium (VA),20337
2025,1,regular,2025-08-30,Louisiana Tech,SE Louisiana,24,0,Conference USA,Southland,,Joe Aillet Stadium,12872
2025,1,regular,2025-08-30,Louisville,Eastern Kentucky,51,17,ACC,UAC,,L&N Federal Credit Union Stadium,50536
2025,1,regular,2025-08-30,Maryland,Florida Atlantic,39,7,Big Ten,American Athletic,,SECU Stadium,35067
2025,1,regular,2025-08-30,Massachusetts,Temple,10,42,Mid-American,American Athletic,,Warren McGuirk Alumni Stadium,11565
2025,1,regular,2025-08-30,Memphis,Chattanooga,45,10,American Athletic,Southern,,Simmons Bank Liberty Stadium,25011
2025,1,regular,2025-08-30,Michigan,New Mexico,34,17,Big Ten,Mountain West,,Michigan Stadium,110648
2025,1,regular,2025-08-30,Middle Tennessee,Austin Peay,14,34,Conference USA,UAC,,"Johnny ""Red"" Floyd Stadium",18505
2025,1,regular,2025-08-30,Navy,VMI,52,7,American Athletic,Southern,,Navy-Marine Corps Memorial Stadium,30014
2025,1,regular,2025-08-30,Northern Illinois,Holy Cross,19,17,Mid-American,Patriot,,Huskie Stadium,10569
2025,1,regular,2025-08-30,Ohio State,Texas,14,7,Big Ten,SEC,,Ohio Stadium,107524
2025,1,regular,2025-08-30,Oklahoma,Illinois State,35,3,SEC,MVFC,,"Memorial Stadium (Norman, OK)",83218
2025,1,regular,2025-08-30,Ole Miss,Georgia State,63,7,SEC,Sun Belt,,Vaught-Hemingway Stadium,66378
2025,1,regular,2025-08-30,Oregon,Montana State,59,13,Big Ten,Big Sky,,Autzen Stadium,57257
2025,1,regular,2025-08-30,Penn State,Nevada,46,11,Big Ten,Mountain West,,Beaver Stadium,106915
2025,1,regular,2025-08-30,Pittsburgh,Duquesne,61,9,ACC,NEC,,Acrisure Stadium,53006
2025,1,regular,2025-08-30,Purdue,Ball State,31,0,Big Ten,Mid-American,,Ross-Ade Stadium,53994
2025,1,regular,2025-08-30,Sam Houston,UNLV,21,38,Conference USA,Mountain West,1,BBVA Compass Stadium,5837
2025,1,regular,2025-08-30,San José State,Central Michigan,14,16,Mountain West,Mid-American,,CEFCU Stadium,14877
2025,1,regular,2025-08-30,South Alabama,Morgan State,38,21,Sun Belt,MEAC,,Hancock Whitney Stadium,14017
2025,1,regular,2025-08-30,Southern Miss,Mississippi State,17,34,Sun Belt,SEC,,M. M. Roberts Stadium,33485
2025,1,regular,2025-08-30,Tennessee,Syracuse,45,26,SEC,ACC,1,Mercedes-Benz Stadium,45918
2025,1,regular,2025-08-30,Texas A&M,UTSA,42,24,SEC,American Athletic,,Kyle Field,107521
2025,1,regular,2025-08-30,Texas Tech,Arkansas-Pine Bluff,67,7,Big 12,SWAC,,Jones AT&T Stadium,60229
2025,1,regular,2025-08-30,Troy,Nicholls,38,20,Sun Belt,Southland,,Veterans Memorial Stadium (AL),25546
2025,1,regular,2025-08-30,Tulane,Northwestern,23,3,American Athletic,Big Ten,,Yulman Stadium,22103
2025,1,regular,2025-08-30,UConn,Central Connecticut,59,13,FBS Independents,NEC,,Pratt & Whitney Stadium,37594
2025,1,regular,2025-08-30,USC,Missouri State,73,13,Big Ten,Conference USA,,Los Angeles Memorial Coliseum,62841
2025,1,regular,2025-08-30,Utah State,UTEP,28,16,Mountain West,Conference USA,,Maverik Stadium,16448
2025,1,regular,2025-08-30,Vanderbilt,Charleston Southern,45,3,SEC,OVC-Big South,,FirstBank Stadium,35000
2025,1,regular,2025-08-30,Virginia,Coastal Carolina,48,7,ACC,Sun Belt,,Scott Stadium,46143
2025,1,regular,2025-08-30,West Virginia,Robert Morris,45,3,Big 12,NEC,,Milan Puskar Stadium,57093
2025,1,regular,2025-08-30,Western Kentucky,North Alabama,55,6,Conference USA,UAC,,Houchens Industries-L.T. Smith Stadium,12226
2025,1,regular,2025-08-31,Arizona,Hawai'i,40,6,Big 12,Mountain West,,Arizona Stadium,42423
2025,1,regular,2025-08-31,Arizona State,Northern Arizona,38,19,Big 12,Big Sky,,Mountain America Stadium,56759
2025,1,regular,2025-08-31,BYU,Portland State,69,0,Big 12,Big Sky,,LaVell Edwards Stadium,64494
2025,1,regular,2025-08-31,Fresno State,Georgia Southern,42,14,Mountain West,Sun Belt,,Valley Children's Stadium,36801
2025,1,regular,2025-08-31,Louisiana,Rice,12,14,Sun Belt,American Athletic,,Cajun Field,22148
2025,1,regular,2025-08-31,Miami,Notre Dame,27,24,ACC,FBS Independents,,Hard Rock Stadium,66793
2025,1,regular,2025-08-31,New Mexico State,Bryant,19,3,Conference USA,Coastal Athletic,,Aggie Memorial Stadium,10058
2025,1,regular,2025-08-31,North Texas,Lamar,51,0,American Athletic,Southland,,DATCU Stadium,20594
2025,1,regular,2025-08-31,Oregon State,California,15,34,Pac-12,ACC,,Reser Stadium,31630
2025,1,regular,2025-08-31,SMU,East Texas A&M,42,13,ACC,Southland,,Gerald J. Ford Stadium,33044
2025,1,regular,2025-08-31,South Carolina,Virginia Tech,24,11,SEC,ACC,1,Mercedes-Benz Stadium,55531
2025,1,regular,2025-08-31,Texas State,Eastern Michigan,52,27,Sun Belt,Mid-American,,Bobcat Stadium (TX),21082
2025,1,regular,2025-08-31,Tulsa,Abilene Christian,35,7,American Athletic,UAC,,Chapman Stadium,17337
2025,1,regular,2025-08-31,UCLA,Utah,10,43,Big Ten,Big 12,,Rose Bowl,35032
2025,1,regular,2025-08-31,Washington,Colorado State,38,21,Big Ten,Mountain West,,Husky Stadium,67778
2025,1,regular,2025-08-31,Washington State,Idaho,13,10,Pac-12,Big Sky,,Gesa Field,28243
2025,1,regular,2025-09-02,North Carolina,TCU,14,48,ACC,Big 12,,Kenan Stadium,50500
2025,2,regular,2025-09-05,Louisville,James Madison,28,14,ACC,Sun Belt,,L&N Federal Credit Union Stadium,48717
2025,2,regular,2025-09-05,Maryland,Northern Illinois,20,9,Big Ten,Mid-American,,SECU Stadium,35331
2025,2,regular,2025-09-05,Northwestern,Western Illinois,42,7,Big Ten,OVC-Big South,,Lanny and Sharon Martin Stadium,9647
2025,2,regular,2025-09-06,Alabama,UL Monroe,73,0,SEC,Sun Belt,,Bryant-Denny Stadium,100077
2025,2,regular,2025-09-06,App State,Lindenwood,20,13,Sun Belt,OVC-Big South,,Kidd Brewer Stadium,34921
2025,2,regular,2025-09-06,Arkansas,Arkansas State,56,14,SEC,Sun Belt,1,War Memorial Stadium (AR),54224
2025,2,regular,2025-09-06,Auburn,Ball State,42,3,SEC,Mid-American,,Jordan-Hare Stadium,88043
2025,2,regular,2025-09-06,Boise State,Eastern Washington,51,14,Mountain West,Big Sky,,Albertsons Stadium,32887
2025,2,regular,2025-09-06,Buffalo,Saint Francis,45,6,Mid-American,NEC,,UB Stadium,15740
2025,2,regular,2025-09-06,California,Texas Southern,35,3,ACC,SWAC,,California Memorial Stadium,35898
2025,2,regular,2025-09-06,Charlotte,North Carolina,3,20,American Athletic,ACC,,Jerry Richardson Stadium,19233
2025,2,regular,2025-09-06,Cincinnati,Bowling Green,34,20,Big 12,Mid-American,,Nippert Stadium,35421
2025,2,regular,2025-09-06,Clemson,Troy,27,16,ACC,Sun Belt,,"Memorial Stadium (Clemson, SC)",77890
2025,2,regular,2025-09-06,Coastal Carolina,Charleston Southern,13,0,Sun Belt,OVC-Big South,,Brooks Stadium (SC),22217
2025,2,regular,2025-09-06,Colorado,Delaware,31,7,Big 12,Conference USA,,Folsom Field,50341
2025,2,regular,2025-09-06,Colorado State,Northern Colorado,21,17,Mountain West,Big Sky,,Canvas Stadium,37023
2025,2,regular,2025-09-06,Duke,Illinois,19,45,ACC,Big Ten,,Wallace Wade Stadium,23893
2025,2,regular,2025-09-06,East Carolina,Campbell,56,3,American Athletic,Coastal Athletic,,Dowdy-Ficklen Stadium,35120
2025,2,regular,2025-09-06,Eastern Michigan,Long Island University,23,28,Mid-American,NEC,,Rynearson Stadium,15313
2025,2,regular,2025-09-06,Florida,South Florida,16,18,SEC,American Athletic,,Ben Hill Griffin Stadium,89909
2025,2,regular,2025-09-06,Florida Atlantic,Florida A&M,56,14,American Athletic,SWAC,,FAU Stadium,21029
2025,2,regular,2025-09-06,Florida State,East Texas A&M,77,3,ACC,Southland,,Doak Campbell Stadium,65430
2025,2,regular,2025-09-06,Georgia,Austin Peay,28,6,SEC,UAC,,Sanford Stadium,93033
2025,2,regular,2025-09-06,Georgia State,Memphis,16,38,Sun Belt,American Athletic,,Center Parc Stadium,13625
2025,2,regular,2025-09-06,Georgia Tech,Gardner-Webb,59,12,ACC,OVC-Big South,,Bobby Dodd Stadium,37775
2025,2,regular,2025-09-06,Indiana,Kennesaw State,56,9,Big Ten,Conference USA,,"Memorial Stadium (Bloomington, IN)",43801
2025,2,regular,2025-09-06,Iowa State,Iowa,16,13,Big 12,Big Ten,,Jack Trice Stadium,61500
2025,2,regular,2025-09-06,Jacksonville State,Liberty,34,24,Conference USA,Conference USA,,AmFirst Stadium,20755
2025,2,regular,2025-09-06,Kansas State,Army,21,24,Big 12,American Athletic,,Bill Snyder Family Stadium,52723
2025,2,regular,2025-09-06,Kentucky,Ole Miss,23,30,SEC,SEC,,Kroger Field,58346
2025,2,regular,2025-09-06,LSU,Louisiana Tech,23,7,SEC,Conference USA,,Tiger Stadium (LA),101667
2025,2,regular,2025-09-06,Marshall,Missouri State,20,21,Sun Belt,Conference USA,,Joan C. Edwards Stadium,28564
2025,2,regular,2025-09-06,Massachusetts,Bryant,26,27,Mid-American,Coastal Athletic,,Warren McGuirk Alumni Stadium,3714
2025,2,regular,2025-09-06,Miami,Bethune-Cookman,45,3,ACC,SWAC,,Hard Rock Stadium,60617
2025,2,regular,2025-09-06,Michigan State,Boston College,42,40,Big Ten,ACC,,Spartan Stadium,70510
2025,2,regular,2025-09-06,Minnesota,Northwestern State,66,0,Big Ten,Southland,,Huntington Bank Stadium,42447
2025,2,regular,2025-09-06,Mississippi State,Arizona State,24,20,SEC,Big 12,,Davis Wade Stadium,50808
2025,2,regular,2025-09-06,Missouri,Kansas,42,31,SEC,Big 12,,Memorial Stadium,57321
2025,2,regular,2025-09-06,NC State,Virginia,35,31,ACC,ACC,,Carter-Finley Stadium,56919
2025,2,regular,2025-09-06,Navy,UAB,38,24,American Athletic,American Athletic,,Navy-Marine Corps Memorial Stadium,28325
2025,2,regular,2025-09-06,Nebraska,Akron,68,0,Big Ten,Mid-American,,"Memorial Stadium (Lincoln, NE)",86439
2025,2,regular,2025-09-06,Nevada,Sacramento State,20,17,Mountain West,Big Sky,,Mackay Stadium,20535
2025,2,regular,2025-09-06,New Mexico,Idaho State,32,22,Mountain West,Big Sky,,University Stadium (NM),17639
2025,2,regular,2025-09-06,Ohio,West Virginia,17,10,Mid-American,Big 12,,Peden Stadium,26740
2025,2,regular,2025-09-06,Ohio State,Grambling,70,0,Big Ten,SWAC,,Ohio Stadium,100624
2025,2,regular,2025-09-06,Oklahoma,Michigan,24,13,SEC,Big Ten,,"Memorial Stadium (Norman, OK)",84107
2025,2,regular,2025-09-06,Old Dominion,North Carolina Central,54,6,Sun Belt,MEAC,,S.B. Ballard Stadium,18111
2025,2,regular,2025-09-06,Oregon,Oklahoma State,69,3,Big Ten,Big 12,,Autzen Stadium,57266
2025,2,regular,2025-09-06,Oregon State,Fresno State,27,36,Pac-12,Mountain West,,Reser Stadium,28068
2025,2,regular,2025-09-06,Penn State,Florida International,34,0,Big Ten,Conference USA,,Beaver Stadium,103818
2025,2,regular,2025-09-06,Pittsburgh,Central Michigan,45,17,ACC,Mid-American,,Acrisure Stadium,48424
2025,2,regular,2025-09-06,Purdue,Southern Illinois,34,17,Big Ten,MVFC,,Ross-Ade Stadium,54663
2025,2,regular,2025-09-06,Rice,Houston,9,35,American Athletic,Big 12,,Rice Stadium,30116
2025,2,regular,2025-09-06,Rutgers,Miami (OH),45,17,Big Ten,Mid-American,,SHI Stadium,45981
2025,2,regular,2025-09-06,SMU,Baylor,45,48,ACC,Big 12,,Gerald J. Ford Stadium,34852
2025,2,regular,2025-09-06,South Alabama,Tulane,31,33,Sun Belt,American Athletic,,Hancock Whitney Stadium,16871
2025,2,regular,2025-09-06,South Carolina,South Carolina State,38,10,SEC,MEAC,,Williams-Brice Stadium,79705
2025,2,regular,2025-09-06,Southern Miss,Jackson State,38,20,Sun Belt,SWAC,,M. M. Roberts Stadium,32011
2025,2,regular,2025-09-06,Syracuse,UConn,27,20,ACC,FBS Independents,,JMA Wireless Dome,39391
2025,2,regular,2025-09-06,Temple,Howard,55,7,American Athletic,MEAC,,Lincoln Financial Field,15655
2025,2,regular,2025-09-06,Tennessee,East Tennessee State,72,17,SEC,Southern,,Neyland Stadium,101915
2025,2,regular,2025-09-06,Texas,San José State,38,7,SEC,Mountain West,,DKR-Texas Memorial Stadium,100841
2025,2,regular,2025-09-06,Texas A&M,Utah State,44,22,SEC,Mountain West,,Kyle Field,100026
2025,2,regular,2025-09-06,Texas Tech,Kent State,62,14,Big 12,Mid-American,,Jones AT&T Stadium,60229
2025,2,regular,2025-09-06,Toledo,Western Kentucky,45,21,Mid-American,Conference USA,,Glass Bowl,24138
2025,2,regular,2025-09-06,UCF,North Carolina A&T,68,7,Big 12,Coastal Athletic,,FBC Mortgage Stadium,44009
2025,2,regular,2025-09-06,USC,Georgia Southern,59,20,Big Ten,Sun Belt,,Los Angeles Memorial Coliseum,
2025,2,regular,2025-09-06,UTSA,Texas State,36,43,American Athletic,Sun Belt,,Alamodome,45778
2025,2,regular,2025-09-06,Utah,Cal Poly,63,9,Big 12,Big Sky,,Rice-Eccles Stadium,51463
2025,2,regular,2025-09-06,Virginia Tech,Vanderbilt,20,44,ACC,SEC,,Lane Stadium,65632
2025,2,regular,2025-09-06,Wake Forest,Western Carolina,42,10,ACC,Southern,,Allegacy Federal Credit Union Stadium,28239
2025,2,regular,2025-09-06,Western Michigan,North Texas,30,33,Mid-American,American Athletic,,Waldo Stadium,20051
2025,2,regular,2025-09-06,Wisconsin,Middle Tennessee,42,10,Big Ten,Conference USA,,Camp Randall Stadium,70368
2025,2,regular,2025-09-06,Wyoming,Northern Iowa,31,7,Mountain West,MVFC,,War Memorial Stadium,25009
2025,2,regular,2025-09-07,Arizona,Weber State,48,3,Big 12,Big Sky,,Arizona Stadium,40038
2025,2,regular,2025-09-07,BYU,Stanford,27,3,Big 12,ACC,,LaVell Edwards Stadium,64692
2025,2,regular,2025-09-07,Hawai'i,Sam Houston,37,20,Mountain West,Conference USA,,Clarence T.C. Ching Athletics Complex,11625
2025,2,regular,2025-09-07,Louisiana,McNeese,34,10,Sun Belt,Southland,,Cajun Field,26071
2025,2,regular,2025-09-07,New Mexico State,Tulsa,21,14,Conference USA,American Athletic,,Aggie Memorial Stadium,10240
2025,2,regular,2025-09-07,UNLV,UCLA,30,23,Mountain West,Big Ten,,Allegiant Stadium,36117
2025,2,regular,2025-09-07,UTEP,UT Martin,42,17,Conference USA,OVC-Big South,,Sun Bowl,31122
2025,2,regular,2025-09-07,Washington,UC Davis,70,10,Big Ten,Big Sky,,Husky Stadium,65421
2025,2,regular,2025-09-07,Washington State,San Diego State,36,13,Pac-12,Mountain West,,Gesa Field,24330
2025,3,regular,2025-09-11,Wake Forest,NC State,24,34,ACC,ACC,,Allegacy Federal Credit Union Stadium,29043
2025,3,regular,2025-09-12,Houston,Colorado,36,20,Big 12,Big 12,,TDECU Stadium,37899
2025,3,regular,2025-09-12,Indiana,Indiana State,73,0,Big Ten,MVFC,,"Memorial Stadium (Bloomington, IN)",46219
2025,3,regular,2025-09-12,Syracuse,Colgate,66,24,ACC,Patriot,,JMA Wireless Dome,37372
2025,3,regular,2025-09-13,Alabama,Wisconsin,38,14,SEC,Big Ten,,Bryant-Denny Stadium,100077
2025,3,regular,2025-09-13,Arizona,Kansas State,23,17,Big 12,Big 12,,Arizona Stadium,40051
2025,3,regular,2025-09-13,Arkansas State,Iowa State,16,24,Sun Belt,Big 12,,Centennial Bank Stadium,22348
2025,3,regular,2025-09-13,Auburn,South Alabama,31,15,SEC,Sun Belt,,Jordan-Hare Stadium,88043
2025,3,regular,2025-09-13,Ball State,New Hampshire,34,29,Mid-American,Coastal Athletic,,Scheumann Stadium,10512
2025,3,regular,2025-09-13,Baylor,Samford,42,7,Big 12,Southern,,McLane Stadium,41215
2025,3,regular,2025-09-13,Bowling Green,Liberty,23,13,Mid-American,Conference USA,,Doyt L. Perry Stadium,23159
2025,3,regular,2025-09-13,Charlotte,Monmouth,42,35,American Athletic,Coastal Athletic,,Jerry Richardson Stadium,15681
2025,3,regular,2025-09-13,Cincinnati,Northwestern State,70,0,Big 12,Southland,,Nippert Stadium,30014
2025,3,regular,2025-09-13,Coastal Carolina,East Carolina,0,38,Sun Belt,American Athletic,,Brooks Stadium (SC),21634
2025,3,regular,2025-09-13,Delaware,UConn,44,41,Conference USA,FBS Independents,,Delaware Stadium,17862
2025,3,regular,2025-09-13,Florida International,Florida Atlantic,38,28,Conference USA,American Athletic,,Pitbull Stadium,17638
2025,3,regular,2025-09-13,Georgia Southern,Jacksonville State,41,34,Sun Belt,Conference USA,,Allen E. Paulson Stadium,24585
2025,3,regular,2025-09-13,Georgia State,Murray State,37,21,Sun Belt,MVFC,,Center Parc Stadium,13988
2025,3,regular,2025-09-13,Georgia Tech,Clemson,24,21,ACC,ACC,,Bobby Dodd Stadium,48059
2025,3,regular,2025-09-13,Illinois,Western Michigan,38,0,Big Ten,Mid-American,,"Memorial Stadium (Champaign, IL)",60670
2025,3,regular,2025-09-13,Iowa,Massachusetts,47,7,Big Ten,Mid-American,,Kinnick Stadium,69250
2025,3,regular,2025-09-13,Kennesaw State,Merrimack,27,13,Conference USA,FCS Independents,,Fifth Third Stadium,11040
2025,3,regular,2025-09-13,Kent State,Buffalo,28,31,Mid-American,Mid-American,,Dix Stadium,11833
2025,3,regular,2025-09-13,Kentucky,Eastern Michigan,48,23,SEC,Mid-American,,Kroger Field,58489
2025,3,regular,2025-09-13,LSU,Florida,20,10,SEC,SEC,,Tiger Stadium (LA),102158
2025,3,regular,2025-09-13,Louisiana Tech,New Mexico State,49,14,Conference USA,Conference USA,,Joe Aillet Stadium,60229
2025,3,regular,2025-09-13,Marshall,Eastern Kentucky,38,7,Sun Belt,UAC,,Joan C. Edwards Stadium,23925
2025,3,regular,2025-09-13,Maryland,Towson,44,17,Big Ten,Coastal Athletic,,SECU Stadium,36780
2025,3,regular,2025-09-13,Miami,South Florida,49,12,ACC,American Athletic,,Hard Rock Stadium,66591
2025,3,regular,2025-09-13,Michigan,Central Michigan,63,3,Big Ten,Mid-American,,Michigan Stadium,110740
2025,3,regular,2025-09-13,Michigan State,Youngstown State,41,24,Big Ten,MVFC,,Spartan Stadium,71301
2025,3,regular,2025-09-13,Mississippi State,Alcorn State,63,0,SEC,SWAC,,Davis Wade Stadium,49158
2025,3,regular,2025-09-13,Missouri,Louisiana,52,10,SEC,Sun Belt,,Memorial Stadium,57321
2025,3,regular,2025-09-13,Missouri State,SMU,10,28,Conference USA,ACC,,Plaster Sports Complex,15027
2025,3,regular,2025-09-13,Nebraska,Houston Christian,59,7,Big Ten,Southland,,"Memorial Stadium (Lincoln, NE)",86292
2025,3,regular,2025-09-13,Nevada,Middle Tennessee,13,14,Mountain West,Conference USA,,Mackay Stadium,16808
2025,3,regular,2025-09-13,North Carolina,Richmond,41,6,ACC,Patriot,,Kenan Stadium,50500
2025,3,regular,2025-09-13,North Texas,Washington State,59,10,American Athletic,Pac-12,,DATCU Stadium,26837
2025,3,regular,2025-09-13,Northwestern,Oregon,14,34,Big Ten,Big Ten,,Lanny and Sharon Martin Stadium,12023
2025,3,regular,2025-09-13,Notre Dame,Texas A&M,40,41,FBS Independents,SEC,,Notre Dame Stadium,77622
2025,3,regular,2025-09-13,Ohio State,Ohio,37,9,Big Ten,Mid-American,,Ohio Stadium,105765
2025,3,regular,2025-09-13,Ole Miss,Arkansas,41,35,SEC,SEC,,Vaught-Hemingway Stadium,65068
2025,3,regular,2025-09-13,Penn State,Villanova,52,6,Big Ten,Coastal Athletic,,Beaver Stadium,109516
2025,3,regular,2025-09-13,Purdue,USC,17,33,Big Ten,Big Ten,,Ross-Ade Stadium,58065
2025,3,regular,2025-09-13,Rice,Prairie View A&M,38,17,American Athletic,SWAC,,Rice Stadium,22260
2025,3,regular,2025-09-13,Rutgers,Norfolk State,60,10,Big Ten,MEAC,,SHI Stadium,41011
2025,3,regular,2025-09-13,South Carolina,Vanderbilt,7,31,SEC,SEC,,Williams-Brice Stadium,79873
2025,3,regular,2025-09-13,Southern Miss,App State,38,22,Sun Belt,Sun Belt,,M. M. Roberts Stadium,24534
2025,3,regular,2025-09-13,Temple,Oklahoma,3,42,American Athletic,SEC,,Lincoln Financial Field,24927
2025,3,regular,2025-09-13,Tennessee,Georgia,41,44,SEC,SEC,,Neyland Stadium,101915
2025,3,regular,2025-09-13,Texas,UTEP,27,10,SEC,Conference USA,,DKR-Texas Memorial Stadium,102025
2025,3,regular,2025-09-13,Texas Tech,Oregon State,45,14,Big 12,Pac-12,,Jones AT&T Stadium,60229
2025,3,regular,2025-09-13,Toledo,Morgan State,60,0,Mid-American,MEAC,,Glass Bowl,22846
2025,3,regular,2025-09-13,Troy,Memphis,7,28,Sun Belt,American Athletic,,Veterans Memorial Stadium (AL),23384
2025,3,regular,2025-09-13,UCLA,New Mexico,10,35,Big Ten,Mountain West,,Rose Bowl,31163
2025,3,regular,2025-09-13,UTSA,Incarnate Word,48,20,American Athletic,Southland,,Alamodome,20421
2025,3,regular,2025-09-13,Virginia,William & Mary,55,16,ACC,Coastal Athletic,,Scott Stadium,38512
2025,3,regular,2025-09-13,Virginia Tech,Old Dominion,26,45,ACC,Sun Belt,,Lane Stadium,57627
2025,3,regular,2025-09-13,West Virginia,Pittsburgh,31,24,Big 12,ACC,,Milan Puskar Stadium,62108
2025,3,regular,2025-09-14,Arizona State,Texas State,34,15,Big 12,Sun Belt,,Mountain America Stadium,54005
2025,3,regular,2025-09-14,California,Minnesota,27,14,ACC,Big Ten,,California Memorial Stadium,38556
2025,3,regular,2025-09-14,Fresno State,Southern,56,7,Mountain West,SWAC,,Valley Children's Stadium,37210
2025,3,regular,2025-09-14,Hawai'i,Portland State,23,3,Mountain West,Big Sky,,Clarence T.C. Ching Athletics Complex,11936
2025,3,regular,2025-09-14,Stanford,Boston College,30,20,ACC,ACC,,Stanford Stadium,22162
2025,3,regular,2025-09-14,TCU,Abilene Christian,42,21,Big 12,UAC,,Amon G. Carter Stadium,48094
2025,3,regular,2025-09-14,Tulane,Duke,34,27,American Athletic,ACC,,Yulman Stadium,30000
2025,3,regular,2025-09-14,Tulsa,Navy,23,42,American Athletic,American Athletic,,Chapman Stadium,20103
2025,3,regular,2025-09-14,UAB,Akron,31,28,American Athletic,Mid-American,,Protective Stadium,17823
2025,3,regular,2025-09-14,Utah State,Air Force,49,30,Mountain West,Mountain West,,Maverik Stadium,17124
2025,3,regular,2025-09-14,Wyoming,Utah,6,31,Mountain West,Big 12,,War Memorial Stadium,23500
2025,4,regular,2025-09-18,Charlotte,Rice,17,28,American Athletic,American Athletic,,Jerry Richardson Stadium,13397
2025,4,regular,2025-09-19,Oklahoma State,Tulsa,12,19,Big 12,American Athletic,,Boone Pickens Stadium,48842
2025,4,regular,2025-09-20,Air Force,Boise State,37,49,Mountain West,Mountain West,,Falcon Stadium,24046
2025,4,regular,2025-09-20,Akron,Duquesne,51,7,Mid-American,NEC,,InfoCision Stadium,8117
2025,4,regular,2025-09-20,Army,North Texas,38,45,American Athletic,American Athletic,,Michie Stadium,28446
2025,4,regular,2025-09-20,Baylor,Arizona State,24,27,Big 12,Big 12,,McLane Stadium,40964
2025,4,regular,2025-09-20,Buffalo,Troy,17,21,Mid-American,Sun Belt,,UB Stadium,12068
2025,4,regular,2025-09-20,Central Michigan,Wagner,49,10,Mid-American,NEC,,Kelly/Shorts Stadium,18787
2025,4,regular,2025-09-20,Clemson,Syracuse,21,34,ACC,ACC,,"Memorial Stadium (Clemson, SC)",80225
2025,4,regular,2025-09-20,Duke,NC State,45,33,ACC,ACC,,Wallace Wade Stadium,30022
2025,4,regular,2025-09-20,East Carolina,BYU,13,34,American Athletic,Big 12,,Dowdy-Ficklen Stadium,47213
2025,4,regular,2025-09-20,Eastern Michigan,Louisiana,34,31,Mid-American,Sun Belt,,Rynearson Stadium,18371
2025,4,regular,2025-09-20,Florida International,Delaware,16,38,Conference USA,Conference USA,,Pitbull Stadium,11705
2025,4,regular,2025-09-20,Florida State,Kent State,66,10,ACC,Mid-American,,Doak Campbell Stadium,67277
2025,4,regular,2025-09-20,Georgia Southern,Maine,45,17,Sun Belt,Coastal Athletic,,Allen E. Paulson Stadium,23217
2025,4,regular,2025-09-20,Georgia Tech,Temple,45,24,ACC,American Athletic,,Bobby Dodd Stadium,45123
2025,4,regular,2025-09-20,Indiana,Illinois,63,10,Big Ten,Big Ten,,"Memorial Stadium (Bloomington, IN)",56088
2025,4,regular,2025-09-20,Jacksonville State,Murray State,45,10,Conference USA,MVFC,,AmFirst Stadium,21426
2025,4,regular,2025-09-20,Kansas,West Virginia,41,10,Big 12,Big 12,,Memorial Stadium,40320
2025,4,regular,2025-09-20,Kennesaw State,Arkansas State,28,21,Conference USA,Sun Belt,,Fifth Third Stadium,10713
2025,4,regular,2025-09-20,LSU,SE Louisiana,56,10,SEC,Southland,,Tiger Stadium (LA),102219
2025,4,regular,2025-09-20,Liberty,James Madison,13,31,Conference USA,Sun Belt,,Williams Stadium (VA),24022
2025,4,regular,2025-09-20,Louisiana Tech,Southern Miss,30,20,Conference USA,Sun Belt,,Joe Aillet Stadium,17108
2025,4,regular,2025-09-20,Louisville,Bowling Green,40,17,ACC,Mid-American,,L&N Federal Credit Union Stadium,49482
2025,4,regular,2025-09-20,Memphis,Arkansas,32,31,American Athletic,SEC,,Simmons Bank Liberty Stadium,39861
2025,4,regular,2025-09-20,Miami,Florida,26,7,ACC,SEC,,Hard Rock Stadium,66713
2025,4,regular,2025-09-20,Miami (OH),UNLV,38,41,Mid-American,Mountain West,,Yager Stadium,12625
2025,4,regular,2025-09-20,Middle Tennessee,Marshall,28,42,Conference USA,Sun Belt,,"Johnny ""Red"" Floyd Stadium",15168
2025,4,regular,2025-09-20,Mississippi State,Northern Illinois,38,10,SEC,Mid-American,,Davis Wade Stadium,45803
2025,4,regular,2025-09-20,Missouri,South Carolina,29,20,SEC,SEC,,Memorial Stadium,57321
2025,4,regular,2025-09-20,Missouri State,UT Martin,42,10,Conference USA,OVC-Big South,,Plaster Sports Complex,14476
2025,4,regular,2025-09-20,Nebraska,Michigan,27,30,Big Ten,Big Ten,,"Memorial Stadium (Lincoln, NE)",87278
2025,4,regular,2025-09-20,Notre Dame,Purdue,56,30,FBS Independents,Big Ten,,Notre Dame Stadium,77622
2025,4,regular,2025-09-20,Ohio,Gardner-Webb,52,35,Mid-American,OVC-Big South,,Peden Stadium,22312
2025,4,regular,2025-09-20,Oklahoma,Auburn,24,17,SEC,SEC,,"Memorial Stadium (Norman, OK)",83639
2025,4,regular,2025-09-20,Ole Miss,Tulane,45,10,SEC,American Athletic,,Vaught-Hemingway Stadium,65644
2025,4,regular,2025-09-20,Oregon,Oregon State,41,7,Big Ten,Pac-12,,Autzen Stadium,58571
2025,4,regular,2025-09-20,Rutgers,Iowa,28,38,Big Ten,Big Ten,,SHI Stadium,55942
2025,4,regular,2025-09-20,San José State,Idaho,31,28,Mountain West,Big Sky,,CEFCU Stadium,13155
2025,4,regular,2025-09-20,South Alabama,Coastal Carolina,20,38,Sun Belt,Sun Belt,,Hancock Whitney Stadium,17050
2025,4,regular,2025-09-20,South Florida,South Carolina State,63,14,American Athletic,MEAC,,Raymond James Stadium,28461
2025,4,regular,2025-09-20,TCU,SMU,35,24,Big 12,ACC,,Amon G. Carter Stadium,43333
2025,4,regular,2025-09-20,Tennessee,UAB,56,24,SEC,American Athletic,,Neyland Stadium,101915
2025,4,regular,2025-09-20,UCF,North Carolina,34,9,Big 12,ACC,,FBC Mortgage Stadium,44206
2025,4,regular,2025-09-20,UConn,Ball State,31,25,FBS Independents,Mid-American,,Pratt & Whitney Stadium,25025
2025,4,regular,2025-09-20,Utah,Texas Tech,10,34,Big 12,Big 12,,Rice-Eccles Stadium,52236
2025,4,regular,2025-09-20,Vanderbilt,Georgia State,70,21,SEC,Sun Belt,,FirstBank Stadium,35000
2025,4,regular,2025-09-20,Virginia,Stanford,48,20,ACC,ACC,,Scott Stadium,36223
2025,4,regular,2025-09-20,Virginia Tech,Wofford,38,6,ACC,Southern,,Lane Stadium,57229
2025,4,regular,2025-09-20,Washington State,Washington,24,59,Pac-12,Big Ten,,Gesa Field,32952
2025,4,regular,2025-09-20,Western Kentucky,Nevada,31,16,Conference USA,Mountain West,,Houchens Industries-L.T. Smith Stadium,17247
2025,4,regular,2025-09-20,Western Michigan,Toledo,14,13,Mid-American,Mid-American,,Waldo Stadium,20744
2025,4,regular,2025-09-20,Wisconsin,Maryland,10,27,Big Ten,Big Ten,,Camp Randall Stadium,68547
2025,4,regular,2025-09-21,Colorado,Wyoming,37,20,Big 12,Mountain West,,Folsom Field,53442
2025,4,regular,2025-09-21,Colorado State,UTSA,16,17,Mountain West,American Athletic,,Canvas Stadium,32061
2025,4,regular,2025-09-21,Hawai'i,Fresno State,21,23,Mountain West,Mountain West,,Clarence T.C. Ching Athletics Complex,13789
2025,4,regular,2025-09-21,San Diego State,California,34,0,Mountain West,ACC,,Snapdragon Stadium,31369
2025,4,regular,2025-09-21,Texas,Sam Houston,55,0,SEC,Conference USA,,DKR-Texas Memorial Stadium,103003
2025,4,regular,2025-09-21,Texas State,Nicholls,35,3,Sun Belt,Southland,,Bobcat Stadium (TX),31500
2025,4,regular,2025-09-21,USC,Michigan State,45,31,Big Ten,Big Ten,,Los Angeles Memorial Coliseum,67614
2025,4,regular,2025-09-21,UTEP,UL Monroe,25,31,Conference USA,Sun Belt,,Sun Bowl,15272
2025,4,regular,2025-09-21,Utah State,McNeese,48,7,Mountain West,Southland,,Maverik Stadium,16273
2025,5,regular,2025-09-25,East Carolina,Army,28,6,American Athletic,American Athletic,,Dowdy-Ficklen Stadium,32497
2025,5,regular,2025-09-26,Virginia,Florida State,46,38,ACC,ACC,,Scott Stadium,50107
2025,5,regular,2025-09-27,Air Force,Hawai'i,35,44,Mountain West,Mountain West,,Falcon Stadium,22677
2025,5,regular,2025-09-27,Arizona State,TCU,27,24,Big 12,Big 12,,Mountain America Stadium,53774
2025,5,regular,2025-09-27,Arkansas,Notre Dame,13,56,SEC,FBS Independents,,Razorback Stadium,75111
2025,5,regular,2025-09-27,Boise State,App State,47,14,Mountain West,Sun Belt,,Albertsons Stadium,32904
2025,5,regular,2025-09-27,Boston College,California,24,28,ACC,ACC,,"Alumni Stadium (Chestnut Hill, MA)",44500
2025,5,regular,2025-09-27,Buffalo,UConn,17,20,Mid-American,FBS Independents,,UB Stadium,12717
2025,5,regular,2025-09-27,Central Michigan,Eastern Michigan,24,13,Mid-American,Mid-American,,Kelly/Shorts Stadium,28605
2025,5,regular,2025-09-27,Colorado State,Washington State,3,20,Mountain West,Pac-12,,Canvas Stadium,32087
2025,5,regular,2025-09-27,Florida Atlantic,Memphis,26,55,American Athletic,American Athletic,,FAU Stadium,17733
2025,5,regular,2025-09-27,Georgia,Alabama,21,24,SEC,SEC,,Sanford Stadium,93033
2025,5,regular,2025-09-27,Illinois,USC,34,32,Big Ten,Big Ten,,"Memorial Stadium (Champaign, IL)",60670
2025,5,regular,2025-09-27,Iowa,Indiana,15,20,Big Ten,Big Ten,,Kinnick Stadium,69250
2025,5,regular,2025-09-27,Iowa State,Arizona,39,14,Big 12,Big 12,,Jack Trice Stadium,61500
2025,5,regular,2025-09-27,James Madison,Georgia Southern,35,10,Sun Belt,Sun Belt,,Bridgeforth Stadium,25029
2025,5,regular,2025-09-27,Kansas,Cincinnati,34,37,Big 12,Big 12,,Memorial Stadium,41525
2025,5,regular,2025-09-27,Kansas State,UCF,34,20,Big 12,Big 12,,Bill Snyder Family Stadium,53013
2025,5,regular,2025-09-27,Kennesaw State,Middle Tennessee,24,16,Conference USA,Conference USA,,Fifth Third Stadium,11040
2025,5,regular,2025-09-27,Miami (OH),Lindenwood,38,0,Mid-American,OVC-Big South,,Yager Stadium,10504
2025,5,regular,2025-09-27,Minnesota,Rutgers,31,28,Big Ten,Big Ten,,Huntington Bank Stadium,46234
2025,5,regular,2025-09-27,Mississippi State,Tennessee,34,41,SEC,SEC,,Davis Wade Stadium,60417
2025,5,regular,2025-09-27,Missouri,Massachusetts,42,6,SEC,Mid-American,,Memorial Stadium,57321
2025,5,regular,2025-09-27,Missouri State,Western Kentucky,22,27,Conference USA,Conference USA,,Plaster Sports Complex,10068
2025,5,regular,2025-09-27,NC State,Virginia Tech,21,23,ACC,ACC,,Carter-Finley Stadium,56919
2025,5,regular,2025-09-27,Navy,Rice,21,13,American Athletic,American Athletic,,Navy-Marine Corps Memorial Stadium,28873
2025,5,regular,2025-09-27,New Mexico,New Mexico State,38,20,Mountain West,Conference USA,,University Stadium (NM),37440
2025,5,regular,2025-09-27,North Texas,South Alabama,36,22,American Athletic,Sun Belt,,DATCU Stadium,16575
2025,5,regular,2025-09-27,Northern Illinois,San Diego State,3,6,Mid-American,Mountain West,,Huskie Stadium,13512
2025,5,regular,2025-09-27,Northwestern,UCLA,17,14,Big Ten,Big Ten,,Lanny and Sharon Martin Stadium,12023
2025,5,regular,2025-09-27,Ohio,Bowling Green,35,20,Mid-American,Mid-American,,Peden Stadium,20027
2025,5,regular,2025-09-27,Oklahoma State,Baylor,27,45,Big 12,Big 12,,Boone Pickens Stadium,45689
2025,5,regular,2025-09-27,Old Dominion,Liberty,21,7,Sun Belt,Conference USA,,S.B. Ballard Stadium,18435
2025,5,regular,2025-09-27,Ole Miss,LSU,24,19,SEC,SEC,,Vaught-Hemingway Stadium,67737
2025,5,regular,2025-09-27,Oregon State,Houston,24,27,Pac-12,Big 12,,Reser Stadium,29338
2025,5,regular,2025-09-27,Penn State,Oregon,24,30,Big Ten,Big Ten,,Beaver Stadium,111015
2025,5,regular,2025-09-27,Pittsburgh,Louisville,27,34,ACC,ACC,,Acrisure Stadium,45301
2025,5,regular,2025-09-27,South Carolina,Kentucky,35,13,SEC,SEC,,Williams-Brice Stadium,79266
2025,5,regular,2025-09-27,Southern Miss,Jacksonville State,42,25,Sun Belt,Conference USA,,M. M. Roberts Stadium,25034
2025,5,regular,2025-09-27,Stanford,San José State,30,29,ACC,Mountain West,,Stanford Stadium,26357
2025,5,regular,2025-09-27,Syracuse,Duke,3,38,ACC,ACC,,JMA Wireless Dome,44451
2025,5,regular,2025-09-27,Texas A&M,Auburn,16,10,SEC,SEC,,Kyle Field,108449
2025,5,regular,2025-09-27,Toledo,Akron,45,3,Mid-American,Mid-American,,Glass Bowl,24535
2025,5,regular,2025-09-27,Tulsa,Tulane,14,31,American Athletic,American Athletic,,Chapman Stadium,16311
2025,5,regular,2025-09-27,UL Monroe,Arkansas State,28,16,Sun Belt,Sun Belt,,Malone Stadium,21147
2025,5,regular,2025-09-27,Vanderbilt,Utah State,55,35,SEC,Mountain West,,FirstBank Stadium,33688
2025,5,regular,2025-09-27,Wake Forest,Georgia Tech,29,30,ACC,ACC,,Allegacy Federal Credit Union Stadium,30264
2025,5,regular,2025-09-27,Washington,Ohio State,6,24,Big Ten,Big Ten,,Husky Stadium,72485
2025,5,regular,2025-09-27,West Virginia,Utah,14,48,Big 12,Big 12,,Milan Puskar Stadium,53965
2025,5,regular,2025-09-27,Western Michigan,Rhode Island,47,14,Mid-American,Coastal Athletic,,Waldo Stadium,20191
2025,5,regular,2025-09-28,Colorado,BYU,21,24,Big 12,Big 12,,Folsom Field,52265
2025,5,regular,2025-09-28,Louisiana,Marshall,54,51,Sun Belt,Sun Belt,,Cajun Field,20125
2025,5,regular,2025-09-28,UTEP,Louisiana Tech,11,30,Conference USA,Conference USA,,Sun Bowl,13013
2025,6,regular,2025-10-03,Delaware,Western Kentucky,24,27,Conference USA,Conference USA,,Delaware Stadium,19176
2025,6,regular,2025-10-03,New Mexico State,Sam Houston,37,10,Conference USA,Conference USA,,Aggie Memorial Stadium,9089
2025,6,regular,2025-10-03,South Florida,Charlotte,54,26,American Athletic,American Athletic,,Raymond James Stadium,34577
2025,6,regular,2025-10-04,Akron,Central Michigan,28,22,Mid-American,Mid-American,,InfoCision Stadium,8995
2025,6,regular,2025-10-04,Alabama,Vanderbilt,30,14,SEC,SEC,,Bryant-Denny Stadium,100077
2025,6,regular,2025-10-04,App State,Oregon State,27,23,Sun Belt,Pac-12,,Kidd Brewer Stadium,35021
2025,6,regular,2025-10-04,Arizona,Oklahoma State,41,13,Big 12,Big 12,,Arizona Stadium,40685
2025,6,regular,2025-10-04,Arkansas State,Texas State,31,30,Sun Belt,Sun Belt,,Centennial Bank Stadium,15841
2025,6,regular,2025-10-04,BYU,West Virginia,38,24,Big 12,Big 12,,LaVell Edwards Stadium,63917
2025,6,regular,2025-10-04,Ball State,Ohio,20,14,Mid-American,Mid-American,,Scheumann Stadium,8427
2025,6,regular,2025-10-04,Baylor,Kansas State,35,34,Big 12,Big 12,,McLane Stadium,35596
2025,6,regular,2025-10-04,Buffalo,Eastern Michigan,31,30,Mid-American,Mid-American,,UB Stadium,17300
2025,6,regular,2025-10-04,Cincinnati,Iowa State,38,30,Big 12,Big 12,,Nippert Stadium,38007
2025,6,regular,2025-10-04,Florida,Texas,29,21,SEC,SEC,,Ben Hill Griffin Stadium,90714
2025,6,regular,2025-10-04,Florida State,Miami,22,28,ACC,ACC,,Doak Campbell Stadium,67277
2025,6,regular,2025-10-04,Georgia,Kentucky,35,14,SEC,SEC,,Sanford Stadium,93033
2025,6,regular,2025-10-04,Georgia State,James Madison,7,14,Sun Belt,Sun Belt,,Center Parc Stadium,19256
2025,6,regular,2025-10-04,Houston,Texas Tech,11,35,Big 12,Big 12,,TDECU Stadium,42806
2025,6,regular,2025-10-04,Louisville,Virginia,27,30,ACC,ACC,,L&N Federal Credit Union Stadium,50032
2025,6,regular,2025-10-04,Maryland,Washington,20,24,Big Ten,Big Ten,,SECU Stadium,46185
2025,6,regular,2025-10-04,Massachusetts,Western Michigan,3,21,Mid-American,Mid-American,,Warren McGuirk Alumni Stadium,10014
2025,6,regular,2025-10-04,Michigan,Wisconsin,24,10,Big Ten,Big Ten,,Michigan Stadium,111070
2025,6,regular,2025-10-04,NC State,Campbell,56,10,ACC,Coastal Athletic,,Carter-Finley Stadium,56919
2025,6,regular,2025-10-04,Navy,Air Force,34,31,American Athletic,Mountain West,,Navy-Marine Corps Memorial Stadium,37517
2025,6,regular,2025-10-04,Nebraska,Michigan State,38,27,Big Ten,Big Ten,,"Memorial Stadium (Lincoln, NE)",86496
2025,6,regular,2025-10-04,North Carolina,Clemson,10,38,ACC,ACC,,Kenan Stadium,50500
2025,6,regular,2025-10-04,Northern Illinois,Miami (OH),14,25,Mid-American,Mid-American,,Huskie Stadium,13827
2025,6,regular,2025-10-04,Northwestern,UL Monroe,42,7,Big Ten,Sun Belt,,Lanny and Sharon Martin Stadium,12023
2025,6,regular,2025-10-04,Notre Dame,Boise State,28,7,FBS Independents,Mountain West,,Notre Dame Stadium,77622
2025,6,regular,2025-10-04,Ohio State,Minnesota,42,3,Big Ten,Big Ten,,Ohio Stadium,105114
2025,6,regular,2025-10-04,Oklahoma,Kent State,44,0,SEC,Mid-American,,"Memorial Stadium (Norman, OK)",83016
2025,6,regular,2025-10-04,Old Dominion,Coastal Carolina,47,7,Sun Belt,Sun Belt,,S.B. Ballard Stadium,20895
2025,6,regular,2025-10-04,Pittsburgh,Boston College,48,7,ACC,ACC,,Acrisure Stadium,51101
2025,6,regular,2025-10-04,Purdue,Illinois,27,43,Big Ten,Big Ten,,Ross-Ade Stadium,56551
2025,6,regular,2025-10-04,Rice,Florida Atlantic,21,27,American Athletic,American Athletic,,Rice Stadium,22999
2025,6,regular,2025-10-04,SMU,Syracuse,31,18,ACC,ACC,,Gerald J. Ford Stadium,34845
2025,6,regular,2025-10-04,San Diego State,Colorado State,45,24,Mountain West,Mountain West,,Snapdragon Stadium,29019
2025,6,regular,2025-10-04,San José State,New Mexico,35,28,Mountain West,Mountain West,,CEFCU Stadium,12109
2025,6,regular,2025-10-04,TCU,Colorado,35,21,Big 12,Big 12,,Amon G. Carter Stadium,43160
2025,6,regular,2025-10-04,Temple,UTSA,27,21,American Athletic,American Athletic,,Lincoln Financial Field,12132
2025,6,regular,2025-10-04,Texas A&M,Mississippi State,31,9,SEC,SEC,,Kyle Field,108572
2025,6,regular,2025-10-04,Troy,South Alabama,31,24,Sun Belt,Sun Belt,,Veterans Memorial Stadium (AL),28035
2025,6,regular,2025-10-04,UAB,Army,13,31,American Athletic,American Athletic,,Protective Stadium,22489
2025,6,regular,2025-10-04,UCF,Kansas,20,27,Big 12,Big 12,,FBC Mortgage Stadium,43229
2025,6,regular,2025-10-04,UCLA,Penn State,42,37,Big Ten,Big Ten,,Rose Bowl,39256
2025,6,regular,2025-10-04,UConn,Florida International,51,10,FBS Independents,Conference USA,,Pratt & Whitney Stadium,27310
2025,6,regular,2025-10-04,Virginia Tech,Wake Forest,23,30,ACC,ACC,,Lane Stadium,65632
2025,6,regular,2025-10-04,Wyoming,UNLV,17,31,Mountain West,Mountain West,,War Memorial Stadium,19861
2025,6,regular,2025-10-05,California,Duke,21,45,ACC,ACC,,California Memorial Stadium,42240
2025,6,regular,2025-10-05,Fresno State,Nevada,20,17,Mountain West,Mountain West,,Valley Children's Stadium,40005
2025,6,regular,2025-10-05,Memphis,Tulsa,45,7,American Athletic,American Athletic,,Simmons Bank Liberty Stadium,27303
2025,7,regular,2025-10-08,Middle Tennessee,Missouri State,20,22,Conference USA,Conference USA,,"Johnny ""Red"" Floyd Stadium",9806
2025,7,regular,2025-10-09,Kennesaw State,Louisiana Tech,35,7,Conference USA,Conference USA,,Fifth Third Stadium,9585
2025,7,regular,2025-10-09,Tulane,East Carolina,26,19,American Athletic,American Athletic,,Yulman Stadium,20035
2025,7,regular,2025-10-09,UTEP,Liberty,8,19,Conference USA,Conference USA,,Sun Bowl,9286
2025,7,regular,2025-10-10,Georgia Southern,Southern Miss,35,38,Sun Belt,Sun Belt,,Allen E. Paulson Stadium,20032
2025,7,regular,2025-10-10,North Texas,South Florida,36,63,American Athletic,American Athletic,,DATCU Stadium,31386
2025,7,regular,2025-10-10,Sam Houston,Jacksonville State,27,29,Conference USA,Conference USA,1,BBVA Compass Stadium,5419
2025,7,regular,2025-10-11,Akron,Miami (OH),7,20,Mid-American,Mid-American,,InfoCision Stadium,6575
2025,7,regular,2025-10-11,Army,Charlotte,24,7,American Athletic,American Athletic,,Michie Stadium,31172
2025,7,regular,2025-10-11,Auburn,Georgia,10,20,SEC,SEC,,Jordan-Hare Stadium,88043
2025,7,regular,2025-10-11,Boston College,Clemson,10,41,ACC,ACC,,"Alumni Stadium (Chestnut Hill, MA)",42265
2025,7,regular,2025-10-11,Bowling Green,Toledo,28,23,Mid-American,Mid-American,,Doyt L. Perry Stadium,24000
2025,7,regular,2025-10-11,Cincinnati,UCF,20,11,Big 12,Big 12,,Nippert Stadium,35782
2025,7,regular,2025-10-11,Coastal Carolina,UL Monroe,23,8,Sun Belt,Sun Belt,,Brooks Stadium (SC),15211
2025,7,regular,2025-10-11,Colorado,Iowa State,24,17,Big 12,Big 12,,Folsom Field,52698
2025,7,regular,2025-10-11,Colorado State,Fresno State,49,21,Mountain West,Mountain West,,Canvas Stadium,27874
2025,7,regular,2025-10-11,Eastern Michigan,Northern Illinois,16,10,Mid-American,Mid-American,,Rynearson Stadium,15676
2025,7,regular,2025-10-11,Florida Atlantic,UAB,53,33,American Athletic,American Athletic,,FAU Stadium,20052
2025,7,regular,2025-10-11,Florida State,Pittsburgh,31,34,ACC,ACC,,Doak Campbell Stadium,65256
2025,7,regular,2025-10-11,Georgia State,App State,20,41,Sun Belt,Sun Belt,,Center Parc Stadium,19587
2025,7,regular,2025-10-11,Georgia Tech,Virginia Tech,35,20,ACC,ACC,,Bobby Dodd Stadium,50878
2025,7,regular,2025-10-11,Illinois,Ohio State,16,34,Big Ten,Big Ten,,"Memorial Stadium (Champaign, IL)",60670
2025,7,regular,2025-10-11,James Madison,Louisiana,24,14,Sun Belt,Sun Belt,,Bridgeforth Stadium,
2025,7,regular,2025-10-11,Kansas State,TCU,41,28,Big 12,Big 12,,Bill Snyder Family Stadium,51316
2025,7,regular,2025-10-11,Kent State,Massachusetts,42,6,Mid-American,Mid-American,,Dix Stadium,11523
2025,7,regular,2025-10-11,LSU,South Carolina,20,10,SEC,SEC,,Tiger Stadium (LA),101921
2025,7,regular,2025-10-11,Marshall,Old Dominion,48,24,Sun Belt,Sun Belt,,Joan C. Edwards Stadium,23515
2025,7,regular,2025-10-11,Maryland,Nebraska,31,34,Big Ten,Big Ten,,SECU Stadium,39623
2025,7,regular,2025-10-11,Michigan State,UCLA,13,38,Big Ten,Big Ten,,Spartan Stadium,72109
2025,7,regular,2025-10-11,Minnesota,Purdue,27,20,Big Ten,Big Ten,,Huntington Bank Stadium,49254
2025,7,regular,2025-10-11,Missouri,Alabama,24,27,SEC,SEC,,Memorial Stadium,57321
2025,7,regular,2025-10-11,Notre Dame,NC State,36,7,FBS Independents,ACC,,Notre Dame Stadium,77622
2025,7,regular,2025-10-11,Oklahoma State,Houston,17,39,Big 12,Big 12,,Boone Pickens Stadium,44941
2025,7,regular,2025-10-11,Ole Miss,Washington State,24,21,SEC,Pac-12,,Vaught-Hemingway Stadium,66392
2025,7,regular,2025-10-11,Oregon,Indiana,20,30,Big Ten,Big Ten,,Autzen Stadium,59625
2025,7,regular,2025-10-11,Oregon State,Wake Forest,14,39,Pac-12,ACC,,Reser Stadium,29710
2025,7,regular,2025-10-11,Penn State,Northwestern,21,22,Big Ten,Big Ten,,Beaver Stadium,108121
2025,7,regular,2025-10-11,SMU,Stanford,34,10,ACC,ACC,,Gerald J. Ford Stadium,30654
2025,7,regular,2025-10-11,Temple,Navy,31,32,American Athletic,American Athletic,,Lincoln Financial Field,26149
2025,7,regular,2025-10-11,Tennessee,Arkansas,34,31,SEC,SEC,,Neyland Stadium,101915
2025,7,regular,2025-10-11,Texas,Oklahoma,23,6,SEC,SEC,1,Cotton Bowl,92100
2025,7,regular,2025-10-11,Texas A&M,Florida,34,17,SEC,SEC,,Kyle Field,105086
2025,7,regular,2025-10-11,Texas Tech,Kansas,42,17,Big 12,Big 12,,Jones AT&T Stadium,60229
2025,7,regular,2025-10-11,UNLV,Air Force,51,48,Mountain West,Mountain West,,Allegiant Stadium,32932
2025,7,regular,2025-10-11,USC,Michigan,31,13,Big Ten,Big Ten,,Los Angeles Memorial Coliseum,75500
2025,7,regular,2025-10-11,UTSA,Rice,61,13,American Athletic,American Athletic,,Alamodome,22058
2025,7,regular,2025-10-11,Washington,Rutgers,38,19,Big Ten,Big Ten,,Husky Stadium,63743
2025,7,regular,2025-10-11,Western Michigan,Ball State,42,0,Mid-American,Mid-American,,Waldo Stadium,20032
2025,7,regular,2025-10-11,Wisconsin,Iowa,0,37,Big Ten,Big Ten,,Camp Randall Stadium,76064
2025,7,regular,2025-10-11,Wyoming,San José State,35,28,Mountain West,Mountain West,,War Memorial Stadium,20970
2025,7,regular,2025-10-12,Arizona,BYU,27,33,Big 12,Big 12,,Arizona Stadium,47960
2025,7,regular,2025-10-12,Boise State,New Mexico,41,25,Mountain West,Mountain West,,Albertsons Stadium,32982
2025,7,regular,2025-10-12,Hawai'i,Utah State,44,26,Mountain West,Mountain West,,Clarence T.C. Ching Athletics Complex,13023
2025,7,regular,2025-10-12,Nevada,San Diego State,10,44,Mountain West,Mountain West,,Mackay Stadium,19473
2025,7,regular,2025-10-12,Texas State,Troy,41,48,Sun Belt,Sun Belt,,Bobcat Stadium (TX),24369
2025,7,regular,2025-10-12,Utah,Arizona State,42,10,Big 12,Big 12,,Rice-Eccles Stadium,51444
2025,8,regular,2025-10-14,Liberty,New Mexico State,30,27,Conference USA,Conference USA,,Williams Stadium (VA),16312
2025,8,regular,2025-10-14,South Alabama,Arkansas State,14,15,Sun Belt,Sun Belt,,Hancock Whitney Stadium,19634
2025,8,regular,2025-10-15,Jacksonville State,Delaware,38,25,Conference USA,Conference USA,,AmFirst Stadium,16884
2025,8,regular,2025-10-15,Sam Houston,UTEP,17,35,Conference USA,Conference USA,1,BBVA Compass Stadium,4657
2025,8,regular,2025-10-15,Western Kentucky,Florida International,6,25,Conference USA,Conference USA,,Houchens Industries-L.T. Smith Stadium,12276
2025,8,regular,2025-10-16,East Carolina,Tulsa,41,27,American Athletic,American Athletic,,Dowdy-Ficklen Stadium,31307
2025,8,regular,2025-10-17,Miami,Louisville,21,24,ACC,ACC,,Hard Rock Stadium,66573
2025,8,regular,2025-10-18,Air Force,Wyoming,24,21,Mountain West,Mountain West,,Falcon Stadium,23401
2025,8,regular,2025-10-18,Alabama,Tennessee,37,20,SEC,SEC,,Bryant-Denny Stadium,100077
2025,8,regular,2025-10-18,App State,Coastal Carolina,37,45,Sun Belt,Sun Belt,,Kidd Brewer Stadium,33862
2025,8,regular,2025-10-18,Arizona State,Texas Tech,26,22,Big 12,Big 12,,Mountain America Stadium,54177
2025,8,regular,2025-10-18,Arkansas,Texas A&M,42,45,SEC,SEC,,Razorback Stadium,73845
2025,8,regular,2025-10-18,Auburn,Missouri,17,23,SEC,SEC,,Jordan-Hare Stadium,88043
2025,8,regular,2025-10-18,Ball State,Akron,42,28,Mid-American,Mid-American,,Scheumann Stadium,12248
2025,8,regular,2025-10-18,Boise State,UNLV,56,31,Mountain West,Mountain West,,Albertsons Stadium,32927
2025,8,regular,2025-10-18,Boston College,UConn,23,38,ACC,FBS Independents,,"Alumni Stadium (Chestnut Hill, MA)",38917
2025,8,regular,2025-10-18,Bowling Green,Central Michigan,6,27,Mid-American,Mid-American,,Doyt L. Perry Stadium,23105
2025,8,regular,2025-10-18,California,North Carolina,21,18,ACC,ACC,,California Memorial Stadium,33401
2025,8,regular,2025-10-18,Charlotte,Temple,14,49,American Athletic,American Athletic,,Jerry Richardson Stadium,13618
2025,8,regular,2025-10-18,Clemson,SMU,24,35,ACC,ACC,,"Memorial Stadium (Clemson, SC)",78669
2025,8,regular,2025-10-18,Colorado State,Hawai'i,19,31,Mountain West,Mountain West,,Canvas Stadium,40416
2025,8,regular,2025-10-18,Duke,Georgia Tech,18,27,ACC,ACC,,Wallace Wade Stadium,27846
2025,8,regular,2025-10-18,Florida,Mississippi State,23,21,SEC,SEC,,Ben Hill Griffin Stadium,90203
2025,8,regular,2025-10-18,Georgia,Ole Miss,43,35,SEC,SEC,,Sanford Stadium,93033
2025,8,regular,2025-10-18,Georgia Southern,Georgia State,41,24,Sun Belt,Sun Belt,,Allen E. Paulson Stadium,25428
2025,8,regular,2025-10-18,Houston,Arizona,31,28,Big 12,Big 12,,TDECU Stadium,28535
2025,8,regular,2025-10-18,Indiana,Michigan State,38,13,Big Ten,Big Ten,,"Memorial Stadium (Bloomington, IN)",55165
2025,8,regular,2025-10-18,Iowa,Penn State,25,24,Big Ten,Big Ten,,Kinnick Stadium,69250
2025,8,regular,2025-10-18,James Madison,Old Dominion,63,27,Sun Belt,Sun Belt,,Bridgeforth Stadium,25232
2025,8,regular,2025-10-18,Kentucky,Texas,13,16,SEC,SEC,,Kroger Field,60937
2025,8,regular,2025-10-18,Louisiana,Southern Miss,10,22,Sun Belt,Sun Belt,,Cajun Field,21047
2025,8,regular,2025-10-18,Marshall,Texas State,40,37,Sun Belt,Sun Belt,,Joan C. Edwards Stadium,27533
2025,8,regular,2025-10-18,Massachusetts,Buffalo,21,28,Mid-American,Mid-American,,Warren McGuirk Alumni Stadium,15239
2025,8,regular,2025-10-18,Miami (OH),Eastern Michigan,44,30,Mid-American,Mid-American,,Yager Stadium,6832
2025,8,regular,2025-10-18,Michigan,Washington,24,7,Big Ten,Big Ten,,Michigan Stadium,110701
2025,8,regular,2025-10-18,Minnesota,Nebraska,24,6,Big Ten,Big Ten,,Huntington Bank Stadium,48549
2025,8,regular,2025-10-18,North Texas,UTSA,55,17,American Athletic,American Athletic,,DATCU Stadium,25053
2025,8,regular,2025-10-18,Northwestern,Purdue,19,0,Big Ten,Big Ten,,Lanny and Sharon Martin Stadium,12023
2025,8,regular,2025-10-18,Notre Dame,USC,34,24,FBS Independents,Big Ten,,Notre Dame Stadium,77622
2025,8,regular,2025-10-18,Ohio,Northern Illinois,48,21,Mid-American,Mid-American,,Peden Stadium,22293
2025,8,regular,2025-10-18,Rutgers,Oregon,10,56,Big Ten,Big Ten,,SHI Stadium,53127
2025,8,regular,2025-10-18,South Carolina,Oklahoma,7,26,SEC,SEC,,Williams-Brice Stadium,78680
2025,8,regular,2025-10-18,South Florida,Florida Atlantic,48,13,American Athletic,American Athletic,,Raymond James Stadium,45169
2025,8,regular,2025-10-18,Syracuse,Pittsburgh,13,30,ACC,ACC,,JMA Wireless Dome,40772
2025,8,regular,2025-10-18,TCU,Baylor,42,36,Big 12,Big 12,,Amon G. Carter Stadium,43868
2025,8,regular,2025-10-18,Toledo,Kent State,45,10,Mid-American,Mid-American,,Glass Bowl,18417
2025,8,regular,2025-10-18,Tulane,Army,24,17,American Athletic,American Athletic,,Yulman Stadium,20027
2025,8,regular,2025-10-18,UAB,Memphis,31,24,American Athletic,American Athletic,,Protective Stadium,19037
2025,8,regular,2025-10-18,UCF,West Virginia,45,13,Big 12,Big 12,,FBC Mortgage Stadium,43445
2025,8,regular,2025-10-18,UCLA,Maryland,20,17,Big Ten,Big Ten,,Rose Bowl,35561
2025,8,regular,2025-10-18,UL Monroe,Troy,14,37,Sun Belt,Sun Belt,,Malone Stadium,16863
2025,8,regular,2025-10-18,Utah State,San José State,30,25,Mountain West,Mountain West,,Maverik Stadium,22710
2025,8,regular,2025-10-18,Vanderbilt,LSU,31,24,SEC,SEC,,FirstBank Stadium,35000
2025,8,regular,2025-10-18,Virginia,Washington State,22,20,ACC,Pac-12,,Scott Stadium,56048
2025,8,regular,2025-10-18,Wisconsin,Ohio State,0,34,Big Ten,Big Ten,,Camp Randall Stadium,72795
2025,8,regular,2025-10-19,BYU,Utah,24,21,Big 12,Big 12,,LaVell Edwards Stadium,64794
2025,8,regular,2025-10-19,New Mexico,Nevada,24,22,Mountain West,Mountain West,,University Stadium (NM),18233
2025,8,regular,2025-10-19,Oklahoma State,Cincinnati,17,49,Big 12,Big 12,,Boone Pickens Stadium,46901
2025,8,regular,2025-10-19,Oregon State,Lafayette,45,13,Pac-12,Patriot,,Reser Stadium,27735
2025,8,regular,2025-10-19,Stanford,Florida State,20,13,ACC,ACC,,Stanford Stadium,26470
2025,9,regular,2025-10-21,Florida International,Kennesaw State,26,45,Conference USA,Conference USA,,Pitbull Stadium,12133
2025,9,regular,2025-10-21,Louisiana Tech,Western Kentucky,27,28,Conference USA,Conference USA,,Joe Aillet Stadium,10928
2025,9,regular,2025-10-22,Delaware,Middle Tennessee,31,28,Conference USA,Conference USA,,Delaware Stadium,14102
2025,9,regular,2025-10-23,Georgia State,South Alabama,31,38,Sun Belt,Sun Belt,,Center Parc Stadium,13673
2025,9,regular,2025-10-23,New Mexico State,Missouri State,17,24,Conference USA,Conference USA,,Aggie Memorial Stadium,8790
2025,9,regular,2025-10-24,Charlotte,North Texas,20,54,American Athletic,American Athletic,,Jerry Richardson Stadium,9626
2025,9,regular,2025-10-24,Virginia Tech,California,42,34,ACC,ACC,,Lane Stadium,53837
2025,9,regular,2025-10-25,Arkansas,Auburn,24,33,SEC,SEC,,Razorback Stadium,68922
2025,9,regular,2025-10-25,Arkansas State,Georgia Southern,34,24,Sun Belt,Sun Belt,,Centennial Bank Stadium,16341
2025,9,regular,2025-10-25,Buffalo,Akron,16,24,Mid-American,Mid-American,,UB Stadium,12491
2025,9,regular,2025-10-25,Central Michigan,Massachusetts,38,13,Mid-American,Mid-American,,Kelly/Shorts Stadium,20489
2025,9,regular,2025-10-25,Cincinnati,Baylor,41,20,Big 12,Big 12,,Nippert Stadium,38007
2025,9,regular,2025-10-25,Eastern Michigan,Ohio,21,28,Mid-American,Mid-American,,Rynearson Stadium,15985
2025,9,regular,2025-10-25,Fresno State,San Diego State,0,23,Mountain West,Mountain West,,Valley Children's Stadium,41535
2025,9,regular,2025-10-25,Georgia Tech,Syracuse,41,16,ACC,ACC,,Bobby Dodd Stadium,51913
2025,9,regular,2025-10-25,Indiana,UCLA,56,6,Big Ten,Big Ten,,"Memorial Stadium (Bloomington, IN)",54867
2025,9,regular,2025-10-25,Iowa,Minnesota,41,3,Big Ten,Big Ten,,Kinnick Stadium,69250
2025,9,regular,2025-10-25,Iowa State,BYU,27,41,Big 12,Big 12,,Jack Trice Stadium,61500
2025,9,regular,2025-10-25,Kansas,Kansas State,17,42,Big 12,Big 12,,Memorial Stadium,
2025,9,regular,2025-10-25,Kent State,Bowling Green,24,21,Mid-American,Mid-American,,Dix Stadium,9260
2025,9,regular,2025-10-25,Kentucky,Tennessee,34,56,SEC,SEC,,Kroger Field,60153
2025,9,regular,2025-10-25,LSU,Texas A&M,25,49,SEC,SEC,,Tiger Stadium (LA),101924
2025,9,regular,2025-10-25,Louisville,Boston College,38,24,ACC,ACC,,L&N Federal Credit Union Stadium,50320
2025,9,regular,2025-10-25,Memphis,South Florida,34,31,American Athletic,American Athletic,,Simmons Bank Liberty Stadium,30940
2025,9,regular,2025-10-25,Miami,Stanford,42,7,ACC,ACC,,Hard Rock Stadium,63892
2025,9,regular,2025-10-25,Miami (OH),Western Michigan,26,17,Mid-American,Mid-American,,Yager Stadium,18025
2025,9,regular,2025-10-25,Michigan State,Michigan,20,31,Big Ten,Big Ten,,Spartan Stadium,75085
2025,9,regular,2025-10-25,Mississippi State,Texas,38,45,SEC,SEC,,Davis Wade Stadium,52680
2025,9,regular,2025-10-25,Navy,Florida Atlantic,42,32,American Athletic,American Athletic,,Navy-Marine Corps Memorial Stadium,32175
2025,9,regular,2025-10-25,Nebraska,Northwestern,28,21,Big Ten,Big Ten,,"Memorial Stadium (Lincoln, NE)",86401
2025,9,regular,2025-10-25,Nevada,Boise State,3,24,Mountain West,Mountain West,,Mackay Stadium,18029
2025,9,regular,2025-10-25,New Mexico,Utah State,33,14,Mountain West,Mountain West,,University Stadium (NM),20097
2025,9,regular,2025-10-25,North Carolina,Virginia,16,17,ACC,ACC,,Kenan Stadium,50500
2025,9,regular,2025-10-25,Northern Illinois,Ball State,21,7,Mid-American,Mid-American,,Huskie Stadium,10124
2025,9,regular,2025-10-25,Oklahoma,Ole Miss,26,34,SEC,SEC,,"Memorial Stadium (Norman, OK)",83468
2025,9,regular,2025-10-25,Old Dominion,App State,24,21,Sun Belt,Sun Belt,,S.B. Ballard Stadium,18097
2025,9,regular,2025-10-25,Oregon,Wisconsin,21,7,Big Ten,Big Ten,,Autzen Stadium,58940
2025,9,regular,2025-10-25,Pittsburgh,NC State,53,34,ACC,ACC,,Acrisure Stadium,46840
2025,9,regular,2025-10-25,Purdue,Rutgers,24,27,Big Ten,Big Ten,,Ross-Ade Stadium,55289
2025,9,regular,2025-10-25,Rice,UConn,37,34,American Athletic,FBS Independents,,Rice Stadium,21122
2025,9,regular,2025-10-25,South Carolina,Alabama,22,29,SEC,SEC,,Williams-Brice Stadium,79537
2025,9,regular,2025-10-25,Southern Miss,UL Monroe,49,21,Sun Belt,Sun Belt,,M. M. Roberts Stadium,27111
2025,9,regular,2025-10-25,Texas Tech,Oklahoma State,42,0,Big 12,Big 12,,Jones AT&T Stadium,59625
2025,9,regular,2025-10-25,Troy,Louisiana,35,23,Sun Belt,Sun Belt,,Veterans Memorial Stadium (AL),23719
2025,9,regular,2025-10-25,Tulsa,Temple,37,38,American Athletic,American Athletic,,Chapman Stadium,16403
2025,9,regular,2025-10-25,Vanderbilt,Missouri,17,10,SEC,SEC,,FirstBank Stadium,35000
2025,9,regular,2025-10-25,Wake Forest,SMU,13,12,ACC,ACC,,Allegacy Federal Credit Union Stadium,28358
2025,9,regular,2025-10-25,Washington,Illinois,42,25,Big Ten,Big Ten,,Husky Stadium,68630
2025,9,regular,2025-10-25,Washington State,Toledo,28,7,Pac-12,Mid-American,,Gesa Field,27646
2025,9,regular,2025-10-25,West Virginia,TCU,17,23,Big 12,Big 12,,Milan Puskar Stadium,54110
2025,9,regular,2025-10-25,Wyoming,Colorado State,28,0,Mountain West,Mountain West,,War Memorial Stadium,25609
2025,9,regular,2025-10-26,Arizona State,Houston,16,24,Big 12,Big 12,,Mountain America Stadium,54256
2025,9,regular,2025-10-26,Utah,Colorado,53,7,Big 12,Big 12,,Rice-Eccles Stadium,51949
2025,10,regular,2025-10-29,Kennesaw State,UTEP,33,20,Conference USA,Conference USA,,Fifth Third Stadium,11040
2025,10,regular,2025-10-29,Middle Tennessee,Jacksonville State,21,24,Conference USA,Conference USA,,"Johnny ""Red"" Floyd Stadium",10200
2025,10,regular,2025-10-29,Texas State,James Madison,20,52,Sun Belt,Sun Belt,,Bobcat Stadium (TX),17363
2025,10,regular,2025-10-30,Coastal Carolina,Marshall,44,27,Sun Belt,Sun Belt,,Brooks Stadium (SC),17034
2025,10,regular,2025-10-30,Missouri State,Florida International,28,21,Conference USA,Conference USA,,Plaster Sports Complex,8754
2025,10,regular,2025-10-30,UTSA,Tulane,48,26,American Athletic,American Athletic,,Alamodome,16715
2025,10,regular,2025-10-31,Rice,Memphis,14,38,American Athletic,American Athletic,,Rice Stadium,20197
2025,10,regular,2025-10-31,Syracuse,North Carolina,10,27,ACC,ACC,,JMA Wireless Dome,37184
2025,10,regular,2025-11-01,Air Force,Army,17,20,Mountain West,American Athletic,,Falcon Stadium,39441
2025,10,regular,2025-11-01,Arkansas,Mississippi State,35,38,SEC,SEC,,Razorback Stadium,68358
2025,10,regular,2025-11-01,Auburn,Kentucky,3,10,SEC,SEC,,Jordan-Hare Stadium,88043
2025,10,regular,2025-11-01,Baylor,UCF,30,3,Big 12,Big 12,,McLane Stadium,40212
2025,10,regular,2025-11-01,Boise State,Fresno State,7,30,Mountain West,Mountain West,,Albertsons Stadium,32826
2025,10,regular,2025-11-01,Boston College,Notre Dame,10,25,ACC,FBS Independents,,"Alumni Stadium (Chestnut Hill, MA)",44500
2025,10,regular,2025-11-01,Bowling Green,Buffalo,3,28,Mid-American,Mid-American,,Doyt L. Perry Stadium,11876
2025,10,regular,2025-11-01,California,Virginia,21,31,ACC,ACC,,California Memorial Stadium,30893
2025,10,regular,2025-11-01,Clemson,Duke,45,46,ACC,ACC,,"Memorial Stadium (Clemson, SC)",75809
2025,10,regular,2025-11-01,Colorado,Arizona,17,52,Big 12,Big 12,,Folsom Field,48322
2025,10,regular,2025-11-01,Florida,Georgia,20,24,SEC,SEC,1,EverBank Stadium,76131
2025,10,regular,2025-11-01,Florida State,Wake Forest,42,7,ACC,ACC,,Doak Campbell Stadium,63677
2025,10,regular,2025-11-01,Houston,West Virginia,35,45,Big 12,Big 12,,TDECU Stadium,25049
2025,10,regular,2025-11-01,Illinois,Rutgers,35,13,Big Ten,Big Ten,,"Memorial Stadium (Champaign, IL)",60670
2025,10,regular,2025-11-01,Iowa State,Arizona State,19,24,Big 12,Big 12,,Jack Trice Stadium,60899
2025,10,regular,2025-11-01,Kansas,Oklahoma State,38,21,Big 12,Big 12,,Memorial Stadium,39511
2025,10,regular,2025-11-01,Kansas State,Texas Tech,20,43,Big 12,Big 12,,Bill Snyder Family Stadium,52111
2025,10,regular,2025-11-01,Liberty,Delaware,59,30,Conference USA,Conference USA,,Williams Stadium (VA),18455
2025,10,regular,2025-11-01,Louisiana Tech,Sam Houston,55,14,Conference USA,Conference USA,,Joe Aillet Stadium,17841
2025,10,regular,2025-11-01,Maryland,Indiana,10,55,Big Ten,Big Ten,,SECU Stadium,46185
2025,10,regular,2025-11-01,Michigan,Purdue,21,16,Big Ten,Big Ten,,Michigan Stadium,110517
2025,10,regular,2025-11-01,Minnesota,Michigan State,23,20,Big Ten,Big Ten,,Huntington Bank Stadium,45339
2025,10,regular,2025-11-01,NC State,Georgia Tech,48,36,ACC,ACC,,Carter-Finley Stadium,56919
2025,10,regular,2025-11-01,Nebraska,USC,17,21,Big Ten,Big Ten,,"Memorial Stadium (Lincoln, NE)",86529
2025,10,regular,2025-11-01,North Texas,Navy,31,17,American Athletic,American Athletic,,DATCU Stadium,26516
2025,10,regular,2025-11-01,Ohio State,Penn State,38,14,Big Ten,Big Ten,,Ohio Stadium,105517
2025,10,regular,2025-11-01,Ole Miss,South Carolina,30,14,SEC,SEC,,Vaught-Hemingway Stadium,67491
2025,10,regular,2025-11-01,Oregon State,Washington State,10,7,Pac-12,Pac-12,,Reser Stadium,32905
2025,10,regular,2025-11-01,SMU,Miami,26,20,ACC,ACC,,Gerald J. Ford Stadium,35074
2025,10,regular,2025-11-01,San Diego State,Wyoming,24,7,Mountain West,Mountain West,,Snapdragon Stadium,24325
2025,10,regular,2025-11-01,South Alabama,Louisiana,22,31,Sun Belt,Sun Belt,,Hancock Whitney Stadium,18462
2025,10,regular,2025-11-01,Stanford,Pittsburgh,20,35,ACC,ACC,,Stanford Stadium,16540
2025,10,regular,2025-11-01,Temple,East Carolina,14,45,American Athletic,American Athletic,,Lincoln Financial Field,13168
2025,10,regular,2025-11-01,Tennessee,Oklahoma,27,33,SEC,SEC,,Neyland Stadium,101915
2025,10,regular,2025-11-01,Texas,Vanderbilt,34,31,SEC,SEC,,DKR-Texas Memorial Stadium,102338
2025,10,regular,2025-11-01,UConn,UAB,38,19,FBS Independents,American Athletic,,Pratt & Whitney Stadium,23170
2025,10,regular,2025-11-01,UL Monroe,Old Dominion,6,31,Sun Belt,Sun Belt,,Malone Stadium,17087
2025,10,regular,2025-11-01,UNLV,New Mexico,35,40,Mountain West,Mountain West,,Allegiant Stadium,25972
2025,10,regular,2025-11-01,Virginia Tech,Louisville,16,28,ACC,ACC,,Lane Stadium,54030
2025,10,regular,2025-11-01,Western Kentucky,New Mexico State,35,16,Conference USA,Conference USA,,Houchens Industries-L.T. Smith Stadium,15023
2025,10,regular,2025-11-01,Western Michigan,Central Michigan,24,21,Mid-American,Mid-American,,Waldo Stadium,29299
2025,10,regular,2025-11-02,San José State,Hawai'i,45,38,Mountain West,Mountain West,,CEFCU Stadium,16012
2025,10,regular,2025-11-02,Troy,Arkansas State,10,23,Sun Belt,Sun Belt,,Veterans Memorial Stadium (AL),23391
2025,10,regular,2025-11-02,Utah,Cincinnati,45,14,Big 12,Big 12,,Rice-Eccles Stadium,51672
2025,11,regular,2025-11-05,Akron,Massachusetts,44,10,Mid-American,Mid-American,,InfoCision Stadium,5046
2025,11,regular,2025-11-05,Ohio,Miami (OH),24,20,Mid-American,Mid-American,,Peden Stadium,22231
2025,11,regular,2025-11-06,Ball State,Kent State,17,13,Mid-American,Mid-American,,Scheumann Stadium,5225
2025,11,regular,2025-11-06,Toledo,Northern Illinois,42,3,Mid-American,Mid-American,,Glass Bowl,22128
2025,11,regular,2025-11-07,App State,Georgia Southern,23,25,Sun Belt,Sun Belt,,Kidd Brewer Stadium,31876
2025,11,regular,2025-11-07,South Florida,UTSA,55,23,American Athletic,American Athletic,,Raymond James Stadium,27437
2025,11,regular,2025-11-08,Arizona,Kansas,24,20,Big 12,Big 12,,Arizona Stadium,41115
2025,11,regular,2025-11-08,Arkansas State,Southern Miss,21,27,Sun Belt,Sun Belt,,Centennial Bank Stadium,15441
2025,11,regular,2025-11-08,Army,Temple,14,13,American Athletic,American Athletic,,Michie Stadium,30594
2025,11,regular,2025-11-08,Boston College,SMU,13,45,ACC,ACC,,"Alumni Stadium (Chestnut Hill, MA)",38345
2025,11,regular,2025-11-08,Coastal Carolina,Georgia State,40,27,Sun Belt,Sun Belt,,Brooks Stadium (SC),18878
2025,11,regular,2025-11-08,Delaware,Louisiana Tech,25,24,Conference USA,Conference USA,,Delaware Stadium,17912
2025,11,regular,2025-11-08,East Carolina,Charlotte,48,22,American Athletic,American Athletic,,Dowdy-Ficklen Stadium,39096
2025,11,regular,2025-11-08,Eastern Michigan,Bowling Green,27,21,Mid-American,Mid-American,,Rynearson Stadium,11889
2025,11,regular,2025-11-08,Florida Atlantic,Tulsa,40,21,American Athletic,American Athletic,,FAU Stadium,16170
2025,11,regular,2025-11-08,Iowa,Oregon,16,18,Big Ten,Big Ten,,Kinnick Stadium,69250
2025,11,regular,2025-11-08,Liberty,Missouri State,17,21,Conference USA,Conference USA,,Williams Stadium (VA),18407
2025,11,regular,2025-11-08,Louisiana,Texas State,42,39,Sun Belt,Sun Belt,,Cajun Field,14231
2025,11,regular,2025-11-08,Marshall,James Madison,23,35,Sun Belt,Sun Belt,,Joan C. Edwards Stadium,26727
2025,11,regular,2025-11-08,Memphis,Tulane,32,38,American Athletic,American Athletic,,Simmons Bank Liberty Stadium,30384
2025,11,regular,2025-11-08,Miami,Syracuse,38,10,ACC,ACC,,Hard Rock Stadium,60337
2025,11,regular,2025-11-08,Middle Tennessee,Florida International,30,56,Conference USA,Conference USA,,"Johnny ""Red"" Floyd Stadium",12227
2025,11,regular,2025-11-08,Mississippi State,Georgia,21,41,SEC,SEC,,Davis Wade Stadium,53017
2025,11,regular,2025-11-08,Missouri,Texas A&M,17,38,SEC,SEC,,Memorial Stadium,57321
2025,11,regular,2025-11-08,New Mexico State,Kennesaw State,21,24,Conference USA,Conference USA,,Aggie Memorial Stadium,11473
2025,11,regular,2025-11-08,North Carolina,Stanford,20,15,ACC,ACC,,Kenan Stadium,50500
2025,11,regular,2025-11-08,Ole Miss,The Citadel,49,0,SEC,Southern,,Vaught-Hemingway Stadium,67326
2025,11,regular,2025-11-08,Penn State,Indiana,24,27,Big Ten,Big Ten,,Beaver Stadium,105231
2025,11,regular,2025-11-08,Purdue,Ohio State,10,34,Big Ten,Big Ten,,Ross-Ade Stadium,57701
2025,11,regular,2025-11-08,Rice,UAB,24,17,American Athletic,American Athletic,,Rice Stadium,22671
2025,11,regular,2025-11-08,Rutgers,Maryland,35,20,Big Ten,Big Ten,,SHI Stadium,41032
2025,11,regular,2025-11-08,San José State,Air Force,16,26,Mountain West,Mountain West,,CEFCU Stadium,13637
2025,11,regular,2025-11-08,TCU,Iowa State,17,20,Big 12,Big 12,,Amon G. Carter Stadium,44197
2025,11,regular,2025-11-08,Texas Tech,BYU,29,7,Big 12,Big 12,,Jones AT&T Stadium,60229
2025,11,regular,2025-11-08,UCF,Houston,27,30,Big 12,Big 12,,FBC Mortgage Stadium,44206
2025,11,regular,2025-11-08,UConn,Duke,37,34,FBS Independents,ACC,,Pratt & Whitney Stadium,38106
2025,11,regular,2025-11-08,USC,Northwestern,38,17,Big Ten,Big Ten,,Los Angeles Memorial Coliseum,67179
2025,11,regular,2025-11-08,UTEP,Jacksonville State,27,30,Conference USA,Conference USA,,Sun Bowl,9536
2025,11,regular,2025-11-08,Vanderbilt,Auburn,45,38,SEC,SEC,,FirstBank Stadium,35000
2025,11,regular,2025-11-08,West Virginia,Colorado,29,22,Big 12,Big 12,,Milan Puskar Stadium,55510
2025,11,regular,2025-11-08,Wisconsin,Washington,13,10,Big Ten,Big Ten,,Camp Randall Stadium,71217
2025,11,regular,2025-11-09,Alabama,LSU,20,9,SEC,SEC,,Bryant-Denny Stadium,100077
2025,11,regular,2025-11-09,Clemson,Florida State,24,10,ACC,ACC,,"Memorial Stadium (Clemson, SC)",81500
2025,11,regular,2025-11-09,Colorado State,UNLV,10,42,Mountain West,Mountain West,,Canvas Stadium,27970
2025,11,regular,2025-11-09,Hawai'i,San Diego State,38,6,Mountain West,Mountain West,,Clarence T.C. Ching Athletics Complex,15194
2025,11,regular,2025-11-09,Kentucky,Florida,38,7,SEC,SEC,,Kroger Field,56388
2025,11,regular,2025-11-09,Louisville,California,26,29,ACC,ACC,,L&N Federal Credit Union Stadium,51381
2025,11,regular,2025-11-09,Notre Dame,Navy,49,10,FBS Independents,American Athletic,,Notre Dame Stadium,77622
2025,11,regular,2025-11-09,Oregon State,Sam Houston,17,21,Pac-12,Conference USA,,Reser Stadium,31626
2025,11,regular,2025-11-09,UCLA,Nebraska,21,28,Big Ten,Big Ten,,Rose Bowl,44481
2025,11,regular,2025-11-09,Utah State,Nevada,51,14,Mountain West,Mountain West,,Maverik Stadium,19418
2025,11,regular,2025-11-09,Virginia,Wake Forest,9,16,ACC,ACC,,Scott Stadium,55568
2025,12,regular,2025-11-12,Akron,Kent State,35,42,Mid-American,Mid-American,,InfoCision Stadium,8501
2025,12,regular,2025-11-12,Western Michigan,Ohio,17,13,Mid-American,Mid-American,,Waldo Stadium,10849
2025,12,regular,2025-11-13,Central Michigan,Buffalo,38,19,Mid-American,Mid-American,,Kelly/Shorts Stadium,6833
2025,12,regular,2025-11-13,Massachusetts,Northern Illinois,3,45,Mid-American,Mid-American,,Warren McGuirk Alumni Stadium,6155
2025,12,regular,2025-11-13,Miami (OH),Toledo,3,24,Mid-American,Mid-American,,Yager Stadium,10825
2025,12,regular,2025-11-14,Old Dominion,Troy,33,0,Sun Belt,Sun Belt,,S.B. Ballard Stadium,18831
2025,12,regular,2025-11-15,Alabama,Oklahoma,21,23,SEC,SEC,,Bryant-Denny Stadium,100077
2025,12,regular,2025-11-15,Arizona State,West Virginia,25,23,Big 12,Big 12,,Mountain America Stadium,54101
2025,12,regular,2025-11-15,Ball State,Eastern Michigan,9,24,Mid-American,Mid-American,,Scheumann Stadium,8430
2025,12,regular,2025-11-15,Boston College,Georgia Tech,34,36,ACC,ACC,,"Alumni Stadium (Chestnut Hill, MA)",37879
2025,12,regular,2025-11-15,Charlotte,UTSA,7,28,American Athletic,American Athletic,,Jerry Richardson Stadium,9831
2025,12,regular,2025-11-15,Cincinnati,Arizona,24,30,Big 12,Big 12,,Nippert Stadium,37099
2025,12,regular,2025-11-15,Duke,Virginia,17,34,ACC,ACC,,Wallace Wade Stadium,27215
2025,12,regular,2025-11-15,East Carolina,Memphis,31,27,American Athletic,American Athletic,,Dowdy-Ficklen Stadium,37348
2025,12,regular,2025-11-15,Florida International,Liberty,34,27,Conference USA,Conference USA,,Pitbull Stadium,14167
2025,12,regular,2025-11-15,Georgia Southern,Coastal Carolina,45,40,Sun Belt,Sun Belt,,Allen E. Paulson Stadium,22738
2025,12,regular,2025-11-15,Georgia State,Marshall,18,30,Sun Belt,Sun Belt,,Center Parc Stadium,12871
2025,12,regular,2025-11-15,Illinois,Maryland,24,6,Big Ten,Big Ten,,"Memorial Stadium (Champaign, IL)",56416
2025,12,regular,2025-11-15,Indiana,Wisconsin,31,7,Big Ten,Big Ten,,"Memorial Stadium (Bloomington, IN)",55042
2025,12,regular,2025-11-15,James Madison,App State,58,10,Sun Belt,Sun Belt,,Bridgeforth Stadium,25298
2025,12,regular,2025-11-15,Kentucky,Tennessee Tech,42,10,SEC,OVC-Big South,,Kroger Field,53686
2025,12,regular,2025-11-15,LSU,Arkansas,23,22,SEC,SEC,,Tiger Stadium (LA),100212
2025,12,regular,2025-11-15,Louisville,Clemson,19,20,ACC,ACC,,L&N Federal Credit Union Stadium,51234
2025,12,regular,2025-11-15,Miami,NC State,41,7,ACC,ACC,,Hard Rock Stadium,59157
2025,12,regular,2025-11-15,Michigan State,Penn State,10,28,Big Ten,Big Ten,,Spartan Stadium,61671
2025,12,regular,2025-11-15,Missouri State,UTEP,38,24,Conference USA,Conference USA,,Plaster Sports Complex,13298
2025,12,regular,2025-11-15,Navy,South Florida,41,38,American Athletic,American Athletic,,Navy-Marine Corps Memorial Stadium,34856
2025,12,regular,2025-11-15,Nevada,San José State,55,10,Mountain West,Mountain West,,Mackay Stadium,14491
2025,12,regular,2025-11-15,New Mexico,Colorado State,20,17,Mountain West,Mountain West,,University Stadium (NM),27526
2025,12,regular,2025-11-15,Northwestern,Michigan,22,24,Big Ten,Big Ten,1,Wrigley Field,38223
2025,12,regular,2025-11-15,Oklahoma State,Kansas State,6,14,Big 12,Big 12,,Boone Pickens Stadium,46340
2025,12,regular,2025-11-15,Oregon,Minnesota,42,13,Big Ten,Big Ten,,Autzen Stadium,58830
2025,12,regular,2025-11-15,Pittsburgh,Notre Dame,15,37,ACC,FBS Independents,,Acrisure Stadium,68400
2025,12,regular,2025-11-15,Southern Miss,Texas State,14,41,Sun Belt,Sun Belt,,M. M. Roberts Stadium,27223
2025,12,regular,2025-11-15,Tennessee,New Mexico State,42,9,SEC,Conference USA,,Neyland Stadium,101915
2025,12,regular,2025-11-15,Texas A&M,South Carolina,31,30,SEC,SEC,,Kyle Field,108582
2025,12,regular,2025-11-15,Texas Tech,UCF,48,9,Big 12,Big 12,,Jones AT&T Stadium,60229
2025,12,regular,2025-11-15,Tulane,Florida Atlantic,35,24,American Athletic,American Athletic,,Yulman Stadium,30000
2025,12,regular,2025-11-15,Tulsa,Oregon State,31,14,American Athletic,Pac-12,,Chapman Stadium,15034
2025,12,regular,2025-11-15,UAB,North Texas,24,53,American Athletic,American Athletic,,Protective Stadium,16190
2025,12,regular,2025-11-15,UConn,Air Force,26,16,FBS Independents,Mountain West,,Pratt & Whitney Stadium,31457
2025,12,regular,2025-11-15,UL Monroe,South Alabama,14,26,Sun Belt,Sun Belt,,Malone Stadium,19872
2025,12,regular,2025-11-15,USC,Iowa,26,21,Big Ten,Big Ten,,Los Angeles Memorial Coliseum,65216
2025,12,regular,2025-11-15,Wake Forest,North Carolina,28,12,ACC,ACC,,Allegacy Federal Credit Union Stadium,32390
2025,12,regular,2025-11-15,Western Kentucky,Middle Tennessee,42,26,Conference USA,Conference USA,,Houchens Industries-L.T. Smith Stadium,16547
2025,12,regular,2025-11-16,BYU,TCU,44,13,Big 12,Big 12,,LaVell Edwards Stadium,64447
2025,12,regular,2025-11-16,Baylor,Utah,28,55,Big 12,Big 12,,McLane Stadium,38186
2025,12,regular,2025-11-16,Florida State,Virginia Tech,34,14,ACC,ACC,,Doak Campbell Stadium,64937
2025,12,regular,2025-11-16,Fresno State,Wyoming,24,3,Mountain West,Mountain West,,Valley Children's Stadium,35076
2025,12,regular,2025-11-16,Georgia,Texas,35,10,SEC,SEC,,Sanford Stadium,93033
2025,12,regular,2025-11-16,Jacksonville State,Kennesaw State,35,26,Conference USA,Conference USA,,AmFirst Stadium,24166
2025,12,regular,2025-11-16,Missouri,Mississippi State,49,27,SEC,SEC,,Memorial Stadium,57321
2025,12,regular,2025-11-16,Ohio State,UCLA,48,10,Big Ten,Big Ten,,Ohio Stadium,104168
2025,12,regular,2025-11-16,Ole Miss,Florida,34,24,SEC,SEC,,Vaught-Hemingway Stadium,68138
2025,12,regular,2025-11-16,Sam Houston,Delaware,26,23,Conference USA,Conference USA,1,BBVA Compass Stadium,3713
2025,12,regular,2025-11-16,San Diego State,Boise State,17,7,Mountain West,Mountain West,,Snapdragon Stadium,29201
2025,12,regular,2025-11-16,UNLV,Utah State,29,26,Mountain West,Mountain West,,Allegiant Stadium,31682
2025,12,regular,2025-11-16,Washington,Purdue,49,13,Big Ten,Big Ten,,Husky Stadium,67229
2025,12,regular,2025-11-16,Washington State,Louisiana Tech,28,3,Pac-12,Conference USA,,Gesa Field,21186
2025,13,regular,2025-11-19,Bowling Green,Akron,16,19,Mid-American,Mid-American,,Doyt L. Perry Stadium,9867
2025,13,regular,2025-11-19,Northern Illinois,Western Michigan,19,35,Mid-American,Mid-American,,Huskie Stadium,4734
2025,13,regular,2025-11-19,Ohio,Massachusetts,42,14,Mid-American,Mid-American,,Peden Stadium,12438
2025,13,regular,2025-11-20,Buffalo,Miami (OH),20,37,Mid-American,Mid-American,,UB Stadium,15246
2025,13,regular,2025-11-20,Kent State,Central Michigan,16,28,Mid-American,Mid-American,,Dix Stadium,8112
2025,13,regular,2025-11-21,Arkansas State,Louisiana,30,34,Sun Belt,Sun Belt,,Centennial Bank Stadium,13571
2025,13,regular,2025-11-22,Alabama,Eastern Illinois,56,0,SEC,OVC-Big South,,Bryant-Denny Stadium,100077
2025,13,regular,2025-11-22,App State,Marshall,26,24,Sun Belt,Sun Belt,,Kidd Brewer Stadium,31322
2025,13,regular,2025-11-22,Arizona,Baylor,41,17,Big 12,Big 12,,Arizona Stadium,40199
2025,13,regular,2025-11-22,Army,Tulsa,25,26,American Athletic,American Athletic,,Michie Stadium,28705
2025,13,regular,2025-11-22,Auburn,Mercer,62,17,SEC,Southern,,Jordan-Hare Stadium,88043
2025,13,regular,2025-11-22,Clemson,Furman,45,10,ACC,Southern,,"Memorial Stadium (Clemson, SC)",78403
2025,13,regular,2025-11-22,Florida Atlantic,UConn,45,48,American Athletic,FBS Independents,,FAU Stadium,16306
2025,13,regular,2025-11-22,Florida International,Jacksonville State,27,21,Conference USA,Conference USA,,Pitbull Stadium,9504
2025,13,regular,2025-11-22,Georgia,Charlotte,35,3,SEC,American Athletic,,Sanford Stadium,93033
2025,13,regular,2025-11-22,Georgia Southern,Old Dominion,10,45,Sun Belt,Sun Belt,,Allen E. Paulson Stadium,19247
2025,13,regular,2025-11-22,Houston,TCU,14,17,Big 12,Big 12,,TDECU Stadium,30852
2025,13,regular,2025-11-22,Iowa,Michigan State,20,17,Big Ten,Big Ten,,Kinnick Stadium,69250
2025,13,regular,2025-11-22,Iowa State,Kansas,38,14,Big 12,Big 12,,Jack Trice Stadium,58275
2025,13,regular,2025-11-22,James Madison,Washington State,24,20,Sun Belt,Pac-12,,Bridgeforth Stadium,25156
2025,13,regular,2025-11-22,Kennesaw State,Missouri State,41,34,Conference USA,Conference USA,,Fifth Third Stadium,11040
2025,13,regular,2025-11-22,Louisiana Tech,Liberty,34,28,Conference USA,Conference USA,,Joe Aillet Stadium,10107
2025,13,regular,2025-11-22,Maryland,Michigan,20,45,Big Ten,Big Ten,,SECU Stadium,46185
2025,13,regular,2025-11-22,Middle Tennessee,Sam Houston,31,17,Conference USA,Conference USA,,"Johnny ""Red"" Floyd Stadium",7605
2025,13,regular,2025-11-22,NC State,Florida State,21,11,ACC,ACC,,Carter-Finley Stadium,56919
2025,13,regular,2025-11-22,North Carolina,Duke,25,32,ACC,ACC,,Kenan Stadium,50500
2025,13,regular,2025-11-22,Northwestern,Minnesota,38,35,Big Ten,Big Ten,1,Wrigley Field,15323
2025,13,regular,2025-11-22,Notre Dame,Syracuse,70,7,FBS Independents,ACC,,Notre Dame Stadium,77622
2025,13,regular,2025-11-22,Ohio State,Rutgers,42,9,Big Ten,Big Ten,,Ohio Stadium,
2025,13,regular,2025-11-22,Oklahoma,Missouri,17,6,SEC,SEC,,"Memorial Stadium (Norman, OK)",83541
2025,13,regular,2025-11-22,Oregon,USC,42,27,Big Ten,Big Ten,,Autzen Stadium,59588
2025,13,regular,2025-11-22,SMU,Louisville,38,6,ACC,ACC,,Gerald J. Ford Stadium,32713
2025,13,regular,2025-11-22,South Alabama,Southern Miss,42,35,Sun Belt,Sun Belt,,Hancock Whitney Stadium,17601
2025,13,regular,2025-11-22,South Carolina,Coastal Carolina,51,7,SEC,Sun Belt,,Williams-Brice Stadium,78452
2025,13,regular,2025-11-22,Temple,Tulane,13,37,American Athletic,American Athletic,,Lincoln Financial Field,13366
2025,13,regular,2025-11-22,Texas,Arkansas,52,37,SEC,SEC,,DKR-Texas Memorial Stadium,102361
2025,13,regular,2025-11-22,Texas A&M,Samford,48,0,SEC,Southern,,Kyle Field,104877
2025,13,regular,2025-11-22,Texas State,UL Monroe,31,14,Sun Belt,Sun Belt,,Bobcat Stadium (TX),17078
2025,13,regular,2025-11-22,Toledo,Ball State,38,9,Mid-American,Mid-American,,Glass Bowl,15127
2025,13,regular,2025-11-22,Troy,Georgia State,31,19,Sun Belt,Sun Belt,,Veterans Memorial Stadium (AL),20243
2025,13,regular,2025-11-22,UAB,South Florida,18,48,American Athletic,American Athletic,,Protective Stadium,16376
2025,13,regular,2025-11-22,UCF,Oklahoma State,17,14,Big 12,Big 12,,FBC Mortgage Stadium,41723
2025,13,regular,2025-11-22,UNLV,Hawai'i,38,10,Mountain West,Mountain West,,Allegiant Stadium,37106
2025,13,regular,2025-11-22,UTEP,New Mexico State,31,34,Conference USA,Conference USA,,Sun Bowl,16677
2025,13,regular,2025-11-22,UTSA,East Carolina,58,24,American Athletic,American Athletic,,Alamodome,18573
2025,13,regular,2025-11-22,Utah,Kansas State,51,47,Big 12,Big 12,,Rice-Eccles Stadium,51444
2025,13,regular,2025-11-22,Vanderbilt,Kentucky,45,17,SEC,SEC,,FirstBank Stadium,35000
2025,13,regular,2025-11-22,Virginia Tech,Miami,17,34,ACC,ACC,,Lane Stadium,65632
2025,13,regular,2025-11-22,Wake Forest,Delaware,52,14,ACC,Conference USA,,Allegacy Federal Credit Union Stadium,26950
2025,13,regular,2025-11-22,Wyoming,Nevada,7,13,Mountain West,Mountain West,,War Memorial Stadium,25650
2025,13,regular,2025-11-23,Air Force,New Mexico,3,20,Mountain West,Mountain West,,Falcon Stadium,20218
2025,13,regular,2025-11-23,Boise State,Colorado State,49,21,Mountain West,Mountain West,,Albertsons Stadium,32819
2025,13,regular,2025-11-23,Cincinnati,BYU,14,26,Big 12,Big 12,,Nippert Stadium,38034
2025,13,regular,2025-11-23,Colorado,Arizona State,17,42,Big 12,Big 12,,Folsom Field,43348
2025,13,regular,2025-11-23,Florida,Tennessee,11,31,SEC,SEC,,Ben Hill Griffin Stadium,90465
2025,13,regular,2025-11-23,Fresno State,Utah State,17,28,Mountain West,Mountain West,,Valley Children's Stadium,37551
2025,13,regular,2025-11-23,Georgia Tech,Pittsburgh,28,42,ACC,ACC,,Bobby Dodd Stadium,52413
2025,13,regular,2025-11-23,LSU,Western Kentucky,13,10,SEC,Conference USA,,Tiger Stadium (LA),100923
2025,13,regular,2025-11-23,Penn State,Nebraska,37,10,Big Ten,Big Ten,,Beaver Stadium,105038
2025,13,regular,2025-11-23,Rice,North Texas,24,56,American Athletic,American Athletic,,Rice Stadium,24598
2025,13,regular,2025-11-23,San Diego State,San José State,25,3,Mountain West,Mountain West,,Snapdragon Stadium,22595
2025,13,regular,2025-11-23,Stanford,California,31,10,ACC,ACC,,Stanford Stadium,50039
2025,13,regular,2025-11-23,UCLA,Washington,14,48,Big Ten,Big Ten,,Rose Bowl,38201
2025,13,regular,2025-11-23,Wisconsin,Illinois,27,10,Big Ten,Big Ten,,Camp Randall Stadium,
2025,14,regular,2025-11-25,Massachusetts,Bowling Green,14,45,Mid-American,Mid-American,,Warren McGuirk Alumni Stadium,6043
2025,14,regular,2025-11-26,Eastern Michigan,Western Michigan,21,31,Mid-American,Mid-American,,Rynearson Stadium,11818
2025,14,regular,2025-11-28,Buffalo,Ohio,26,31,Mid-American,Mid-American,,UB Stadium,11096
2025,14,regular,2025-11-28,Colorado State,Air Force,21,42,Mountain West,Mountain West,,Canvas Stadium,25873
2025,14,regular,2025-11-28,Georgia Tech,Georgia,9,16,ACC,SEC,1,Mercedes-Benz Stadium,73728
2025,14,regular,2025-11-28,Kansas,Utah,21,31,Big 12,Big 12,,Memorial Stadium,32811
2025,14,regular,2025-11-28,Memphis,Navy,17,28,American Athletic,American Athletic,,Simmons Bank Liberty Stadium,27082
2025,14,regular,2025-11-28,Mississippi State,Ole Miss,19,38,SEC,SEC,,Davis Wade Stadium,60417
2025,14,regular,2025-11-28,Nebraska,Iowa,16,40,Big Ten,Big Ten,,"Memorial Stadium (Lincoln, NE)",86410
2025,14,regular,2025-11-28,New Mexico,San Diego State,23,17,Mountain West,Mountain West,,University Stadium (NM),30575
2025,14,regular,2025-11-28,North Texas,Temple,52,25,American Athletic,American Athletic,,DATCU Stadium,24492
2025,14,regular,2025-11-28,Northern Illinois,Kent State,31,35,Mid-American,Mid-American,,Huskie Stadium,3090
2025,14,regular,2025-11-28,Utah State,Boise State,24,25,Mountain West,Mountain West,,Maverik Stadium,21115
2025,14,regular,2025-11-29,App State,Arkansas State,29,30,Sun Belt,Sun Belt,,Kidd Brewer Stadium,23876
2025,14,regular,2025-11-29,Arizona State,Arizona,7,23,Big 12,Big 12,,Mountain America Stadium,54037
2025,14,regular,2025-11-29,Arkansas,Missouri,17,31,SEC,SEC,,Razorback Stadium,61508
2025,14,regular,2025-11-29,BYU,UCF,41,21,Big 12,Big 12,,LaVell Edwards Stadium,60389
2025,14,regular,2025-11-29,Baylor,Houston,24,31,Big 12,Big 12,,McLane Stadium,34720
2025,14,regular,2025-11-29,Central Michigan,Toledo,3,21,Mid-American,Mid-American,,Kelly/Shorts Stadium,6673
2025,14,regular,2025-11-29,Coastal Carolina,James Madison,10,59,Sun Belt,Sun Belt,,Brooks Stadium (SC),15137
2025,14,regular,2025-11-29,Delaware,UTEP,61,31,Conference USA,Conference USA,,Delaware Stadium,13560
2025,14,regular,2025-11-29,Duke,Wake Forest,49,32,ACC,ACC,,Wallace Wade Stadium,21045
2025,14,regular,2025-11-29,Florida,Florida State,40,21,SEC,ACC,,Ben Hill Griffin Stadium,90007
2025,14,regular,2025-11-29,Florida Atlantic,East Carolina,3,42,American Athletic,American Athletic,,FAU Stadium,14712
2025,14,regular,2025-11-29,Jacksonville State,Western Kentucky,37,34,Conference USA,Conference USA,,AmFirst Stadium,16733
2025,14,regular,2025-11-29,Kansas State,Colorado,24,14,Big 12,Big 12,,Bill Snyder Family Stadium,49549
2025,14,regular,2025-11-29,Liberty,Kennesaw State,42,48,Conference USA,Conference USA,,Williams Stadium (VA),12695
2025,14,regular,2025-11-29,Louisiana,UL Monroe,30,27,Sun Belt,Sun Belt,,Cajun Field,16270
2025,14,regular,2025-11-29,Louisville,Kentucky,41,0,ACC,SEC,,L&N Federal Credit Union Stadium,50634
2025,14,regular,2025-11-29,Marshall,Georgia Southern,19,24,Sun Belt,Sun Belt,,Joan C. Edwards Stadium,21524
2025,14,regular,2025-11-29,Miami (OH),Ball State,45,24,Mid-American,Mid-American,,Yager Stadium,11137
2025,14,regular,2025-11-29,Michigan,Ohio State,9,27,Big Ten,Big Ten,,Michigan Stadium,111373
2025,14,regular,2025-11-29,Minnesota,Wisconsin,17,7,Big Ten,Big Ten,,Huntington Bank Stadium,46038
2025,14,regular,2025-11-29,Missouri State,Louisiana Tech,30,42,Conference USA,Conference USA,,Plaster Sports Complex,7656
2025,14,regular,2025-11-29,New Mexico State,Middle Tennessee,24,31,Conference USA,Conference USA,,Aggie Memorial Stadium,7381
2025,14,regular,2025-11-29,Oklahoma,LSU,17,13,SEC,SEC,,"Memorial Stadium (Norman, OK)",83734
2025,14,regular,2025-11-29,Oklahoma State,Iowa State,13,20,Big 12,Big 12,,Boone Pickens Stadium,35127
2025,14,regular,2025-11-29,Old Dominion,Georgia State,27,10,Sun Belt,Sun Belt,,S.B. Ballard Stadium,17126
2025,14,regular,2025-11-29,Pittsburgh,Miami,7,38,ACC,ACC,,Acrisure Stadium,49845
2025,14,regular,2025-11-29,Purdue,Indiana,3,56,Big Ten,Big Ten,,Ross-Ade Stadium,59807
2025,14,regular,2025-11-29,Rutgers,Penn State,36,40,Big Ten,Big Ten,,SHI Stadium,55212
2025,14,regular,2025-11-29,Sam Houston,Florida International,16,56,Conference USA,Conference USA,1,BBVA Compass Stadium,4237
2025,14,regular,2025-11-29,South Carolina,Clemson,14,28,SEC,ACC,,Williams-Brice Stadium,79827
2025,14,regular,2025-11-29,Southern Miss,Troy,18,28,Sun Belt,Sun Belt,,M. M. Roberts Stadium,25987
2025,14,regular,2025-11-29,Syracuse,Boston College,12,34,ACC,ACC,,JMA Wireless Dome,32457
2025,14,regular,2025-11-29,TCU,Cincinnati,45,23,Big 12,Big 12,,Amon G. Carter Stadium,37259
2025,14,regular,2025-11-29,Tennessee,Vanderbilt,24,45,SEC,SEC,,Neyland Stadium,101915
2025,14,regular,2025-11-29,Texas,Texas A&M,27,17,SEC,SEC,,DKR-Texas Memorial Stadium,103632
2025,14,regular,2025-11-29,Texas State,South Alabama,49,26,Sun Belt,Sun Belt,,Bobcat Stadium (TX),16169
2025,14,regular,2025-11-29,Tulsa,UAB,24,31,American Athletic,American Athletic,,Chapman Stadium,13026
2025,14,regular,2025-11-29,UTSA,Army,24,27,American Athletic,American Athletic,,Alamodome,22620
2025,14,regular,2025-11-29,Washington,Oregon,14,26,Big Ten,Big Ten,,Husky Stadium,72376
2025,14,regular,2025-11-29,Washington State,Oregon State,32,8,Pac-12,Pac-12,,Gesa Field,24806
2025,14,regular,2025-11-29,West Virginia,Texas Tech,0,49,Big 12,Big 12,,Milan Puskar Stadium,44250
2025,14,regular,2025-11-30,Auburn,Alabama,20,27,SEC,SEC,,Jordan-Hare Stadium,88043
2025,14,regular,2025-11-30,California,SMU,38,35,ACC,ACC,,California Memorial Stadium,28956
2025,14,regular,2025-11-30,Hawai'i,Wyoming,27,7,Mountain West,Mountain West,,Clarence T.C. Ching Athletics Complex,15194
2025,14,regular,2025-11-30,Illinois,Northwestern,20,13,Big Ten,Big Ten,,"Memorial Stadium (Champaign, IL)",
2025,14,regular,2025-11-30,Michigan State,Maryland,38,28,Big Ten,Big Ten,1,Ford Field,30317
2025,14,regular,2025-11-30,NC State,North Carolina,42,19,ACC,ACC,,Carter-Finley Stadium,56919
2025,14,regular,2025-11-30,Nevada,UNLV,17,42,Mountain West,Mountain West,,Mackay Stadium,
2025,14,regular,2025-11-30,San José State,Fresno State,14,41,Mountain West,Mountain West,,CEFCU Stadium,14194
2025,14,regular,2025-11-30,South Florida,Rice,52,3,American Athletic,American Athletic,,Raymond James Stadium,28813
2025,14,regular,2025-11-30,Stanford,Notre Dame,20,49,ACC,FBS Independents,,Stanford Stadium,27456
2025,14,regular,2025-11-30,Tulane,Charlotte,27,0,American Athletic,American Athletic,,Yulman Stadium,22245
2025,14,regular,2025-11-30,USC,UCLA,29,10,Big Ten,Big Ten,,Los Angeles Memorial Coliseum,69614
2025,14,regular,2025-11-30,Virginia,Virginia Tech,27,7,ACC,ACC,,Scott Stadium,58832
2025,15,regular,2025-12-06,Alabama,Georgia,7,28,SEC,SEC,1,Mercedes-Benz Stadium,77247
2025,15,regular,2025-12-06,Boise State,UNLV,38,21,Mountain West,Mountain West,,Albertsons Stadium,27152
2025,15,regular,2025-12-06,Jacksonville State,Kennesaw State,15,19,Conference USA,Conference USA,,AmFirst Stadium,18142
2025,15,regular,2025-12-06,James Madison,Troy,31,14,Sun Belt,Sun Belt,,Bridgeforth Stadium,19836
2025,15,regular,2025-12-06,Texas Tech,BYU,34,7,Big 12,Big 12,1,AT&T Stadium,85519
2025,15,regular,2025-12-06,Tulane,North Texas,34,21,American Athletic,American Athletic,,Yulman Stadium,23986
2025,15,regular,2025-12-06,Western Michigan,Miami (OH),23,13,Mid-American,Mid-American,1,Ford Field,19114
2025,15,regular,2025-12-07,Ohio State,Indiana,10,13,Big Ten,Big Ten,1,Lucas Oil Stadium,68214
2025,15,regular,2025-12-07,Virginia,Duke,20,27,ACC,ACC,1,Bank of America Stadium,41672
2025,16,regular,2025-12-13,Navy,Army,17,16,American Athletic,American Athletic,1,M&T Bank Stadium,70936
2025,1,postseason,2025-12-14,Washington,Boise State,38,10,Big Ten,Mountain West,1,SoFi Stadium,23269
2025,1,postseason,2025-12-17,Jacksonville State,Troy,17,13,Conference USA,Sun Belt,1,Cramton Bowl,15721
2025,1,postseason,2025-12-17,South Florida,Old Dominion,10,24,American Athletic,Sun Belt,1,Camping World Stadium,15036
2025,1,postseason,2025-12-18,Delaware,Louisiana,20,13,Conference USA,Sun Belt,1,Hancock Whitney Stadium,17234
2025,1,postseason,2025-12-19,Arkansas State,Missouri State,34,28,Sun Belt,Conference USA,1,Ford Center At The Star,7782
2025,1,postseason,2025-12-19,NC State,Memphis,31,7,ACC,American Athletic,1,Raymond James Stadium,13336
2025,1,postseason,2025-12-19,Western Michigan,Kennesaw State,41,6,Mid-American,Conference USA,1,Brooks Stadium (SC),9139
2025,1,postseason,2025-12-20,Oklahoma,Alabama,24,34,SEC,SEC,,"Memorial Stadium (Norman, OK)",83550
2025,1,postseason,2025-12-20,Ole Miss,Tulane,41,10,SEC,American Athletic,,Vaught-Hemingway Stadium,68251
2025,1,postseason,2025-12-20,Texas A&M,Miami,3,10,SEC,ACC,,Kyle Field,104122
2025,1,postseason,2025-12-21,Oregon,James Madison,51,34,Big Ten,Sun Belt,,Autzen Stadium,55124
2025,1,postseason,2025-12-22,Utah State,Washington State,21,34,Mountain West,Pac-12,1,Albertsons Stadium,17031
2025,1,postseason,2025-12-23,Louisville,Toledo,27,22,ACC,Mid-American,1,FAU Stadium,
2025,1,postseason,2025-12-23,Southern Miss,Western Kentucky,16,27,Sun Belt,Conference USA,1,Caesars Superdome,16693
2025,1,postseason,2025-12-24,Ohio,UNLV,17,10,Mid-American,Mountain West,1,Ford Center At The Star,6521
2025,1,postseason,2025-12-25,Hawai'i,California,35,31,Mountain West,ACC,,Clarence T.C. Ching Athletics Complex,15194
2025,1,postseason,2025-12-26,Minnesota,New Mexico,20,17,Big Ten,Mountain West,1,Chase Field,27439
2025,1,postseason,2025-12-26,Northwestern,Central Michigan,34,7,Big Ten,Mid-American,1,Ford Field,27857
2025,1,postseason,2025-12-27,Army,UConn,41,16,American Athletic,FBS Independents,1,Fenway Park,22461
2025,1,postseason,2025-12-27,BYU,Georgia Tech,25,21,Big 12,ACC,1,Camping World Stadium,34126
2025,1,postseason,2025-12-27,Clemson,Penn State,10,22,ACC,Big Ten,1,Yankee Stadium,41101
2025,1,postseason,2025-12-27,East Carolina,Pittsburgh,23,17,American Athletic,ACC,1,Navy-Marine Corps Memorial Stadium,17016
2025,1,postseason,2025-12-27,Fresno State,Miami (OH),18,3,Mountain West,Mid-American,1,Arizona Stadium,37232
2025,1,postseason,2025-12-27,San Diego State,North Texas,47,49,Mountain West,American Athletic,1,University Stadium (NM),18867
2025,1,postseason,2025-12-27,UTSA,Florida International,57,20,American Athletic,Conference USA,1,Gerald J. Ford Stadium,8671
2025,1,postseason,2025-12-28,Houston,LSU,38,35,Big 12,SEC,1,NRG Stadium,63867
2025,1,postseason,2025-12-28,Missouri,Virginia,7,13,SEC,ACC,1,EverBank Stadium,31802
2025,1,postseason,2025-12-29,App State,Georgia Southern,10,29,Sun Belt,Sun Belt,1,Protective Stadium,12092
2025,1,postseason,2025-12-30,Illinois,Tennessee,30,28,Big Ten,SEC,1,Nissan Stadium,52815
2025,1,postseason,2025-12-30,Louisiana Tech,Coastal Carolina,23,14,Conference USA,Sun Belt,1,Independence Stadium,30298
2025,1,postseason,2025-12-31,Duke,Arizona State,42,39,ACC,Big 12,1,Sun Bowl,44975
2025,1,postseason,2025-12-31,TCU,USC,30,27,Big 12,Big Ten,1,Alamodome,54751
2025,1,postseason,2025-12-31,Texas,Michigan,41,27,SEC,Big Ten,1,Camping World Stadium,47316
2025,1,postseason,2025-12-31,Utah,Nebraska,44,22,Big 12,Big Ten,1,Allegiant Stadium,38879
2025,1,postseason,2025-12-31,Vanderbilt,Iowa,27,34,SEC,Big Ten,1,Raymond James Stadium,35382
2025,1,postseason,2026-01-01,Indiana,Alabama,38,3,Big Ten,SEC,1,Rose Bowl,90278
2025,1,postseason,2026-01-01,Ohio State,Miami,14,24,Big Ten,ACC,1,AT&T Stadium,71323
2025,1,postseason,2026-01-01,Texas Tech,Oregon,0,23,Big 12,Big Ten,1,Hard Rock Stadium,65021
2025,1,postseason,2026-01-02,Cincinnati,Navy,13,35,Big 12,American Athletic,1,Simmons Bank Liberty Stadium,21908
2025,1,postseason,2026-01-02,Georgia,Ole Miss,34,39,SEC,SEC,1,Caesars Superdome,68371
2025,1,postseason,2026-01-02,Texas State,Rice,41,10,Sun Belt,American Athletic,1,Amon G. Carter Stadium,28243
2025,1,postseason,2026-01-03,Mississippi State,Wake Forest,29,43,SEC,ACC,1,Bank of America Stadium,29328
2025,1,postseason,2026-01-03,SMU,Arizona,24,19,ACC,Big 12,1,Snapdragon Stadium,30602
2025,1,postseason,2026-01-09,Ole Miss,Miami,27,31,SEC,ACC,1,State Farm Stadium,67928
2025,1,postseason,2026-01-10,Indiana,Oregon,56,22,Big Ten,Big Ten,1,Mercedes-Benz Stadium,75604
2025,1,postseason,2026-01-20,Indiana,Miami,27,21,Big Ten,ACC,1,Hard Rock Stadium,67227
2026,1,regular,2026-08-29,Eastern Michigan,Sacramento State,28,17,Mid-American,Mid-American,,Rynearson Stadium,
2026,1,regular,2026-08-29,Florida State,New Mexico State,34,17,ACC,Conference USA,,Doak Campbell Stadium,
2026,1,regular,2026-08-29,North Dakota State,Jacksonville State,33,7,Mountain West,Conference USA,,Fargodome,
2026,1,regular,2026-08-29,Stanford,Hawai'i,37,27,ACC,Mountain West,,Stanford Stadium,
2026,1,regular,2026-08-29,TCU,North Carolina,10,15,Big 12,ACC,1,Aviva Stadium,
2026,1,regular,2026-08-29,USC,San José State,42,26,Big Ten,Mountain West,,Los Angeles Memorial Coliseum,
2026,1,regular,2026-08-29,Virginia,NC State,34,8,ACC,ACC,,Scott Stadium,
2026,1,regular,2026-08-30,UNLV,Memphis,21,27,Mountain West,American Athletic,,Allegiant Stadium,
2026,1,regular,2026-09-03,Buffalo,UAlbany,,,Mid-American,Coastal Athletic,,UB Stadium,
2026,1,regular,2026-09-03,Delaware,Merrimack,,,Conference USA,FCS Independents,,Delaware Stadium,
2026,1,regular,2026-09-03,Kennesaw State,West Georgia,,,Conference USA,UAC,,Fifth Third Stadium,
2026,1,regular,2026-09-03,Rutgers,Massachusetts,,,Big Ten,Mid-American,,SHI Stadium,
2026,1,regular,2026-09-03,UCF,Bethune-Cookman,,,Big 12,SWAC,,FBC Mortgage Stadium,
2026,1,regular,2026-09-03,Wake Forest,Akron,,,ACC,Mid-American,,Allegacy Federal Credit Union Stadium,
2026,1,regular,2026-09-04,Eastern Michigan,San José State,,,Mid-American,Mountain West,,Rynearson Stadium,
2026,1,regular,2026-09-04,Georgia State,North Carolina A&T,,,Sun Belt,Coastal Athletic,,Center Parc Stadium,
2026,1,regular,2026-09-04,Georgia Tech,Colorado,,,ACC,Big 12,,Bobby Dodd Stadium,
2026,1,regular,2026-09-04,Illinois,UAB,,,Big Ten,American Athletic,,"Memorial Stadium (Champaign, IL)",
2026,1,regular,2026-09-04,Minnesota,Eastern Illinois,,,Big Ten,OVC,,Huntington Bank Stadium,
2026,1,regular,2026-09-04,Missouri,Arkansas-Pine Bluff,,,SEC,SWAC,,Memorial Stadium,
2026,1,regular,2026-09-04,Purdue,Indiana State,,,Big Ten,MVFC,,Ross-Ade Stadium,
2026,1,regular,2026-09-04,Utah,Idaho,,,Big 12,Big Sky,,Rice-Eccles Stadium,
2026,1,regular,2026-09-05,Air Force,Duquesne,,,Mountain West,NEC,,Falcon Stadium,
2026,1,regular,2026-09-05,Alabama,East Carolina,,,SEC,American Athletic,,Bryant-Denny Stadium,
2026,1,regular,2026-09-05,App State,Maine,,,Sun Belt,Coastal Athletic,,Kidd Brewer Stadium,
2026,1,regular,2026-09-05,Arkansas,North Alabama,,,SEC,UAC,,Razorback Stadium,
2026,1,regular,2026-09-05,Army,Bryant,,,American Athletic,Coastal Athletic,,Michie Stadium,
2026,1,regular,2026-09-05,Auburn,Baylor,,,SEC,Big 12,1,Mercedes-Benz Stadium,
2026,1,regular,2026-09-05,Bowling Green,Tarleton State,,,Mid-American,UAC,,Doyt L. Perry Stadium,
2026,1,regular,2026-09-05,Charlotte,The Citadel,,,American Athletic,Southern,,Jerry Richardson Stadium,
2026,1,regular,2026-09-05,Cincinnati,Boston College,,,Big 12,ACC,,Nippert Stadium,
2026,1,regular,2026-09-05,Colorado State,Wyoming,,,Pac-12,Mountain West,,Canvas Stadium,
2026,1,regular,2026-09-05,Duke,Tulane,,,ACC,American Athletic,,Wallace Wade Stadium,
2026,1,regular,2026-09-05,Florida,Florida Atlantic,,,SEC,American Athletic,,Ben Hill Griffin Stadium,
2026,1,regular,2026-09-05,Georgia,Tennessee State,,,SEC,OVC,,Sanford Stadium,
2026,1,regular,2026-09-05,Georgia Southern,Charleston Southern,,,Sun Belt,OVC,,Allen E. Paulson Stadium,
2026,1,regular,2026-09-05,Houston,Oregon State,,,Big 12,Pac-12,,TDECU Stadium,
2026,1,regular,2026-09-05,Indiana,North Texas,,,Big Ten,American Athletic,,"Memorial Stadium (Bloomington, IN)",
2026,1,regular,2026-09-05,Iowa,Northern Illinois,,,Big Ten,Mountain West,,Kinnick Stadium,
2026,1,regular,2026-09-05,Iowa State,Southeast Missouri State,,,Big 12,OVC,,Jack Trice Stadium,
2026,1,regular,2026-09-05,Jacksonville State,Eastern Kentucky,,,Conference USA,UAC,,AmFirst Stadium,
2026,1,regular,2026-09-05,James Madison,Liberty,,,Sun Belt,Conference USA,,Bridgeforth Stadium,
2026,1,regular,2026-09-05,Kansas,Long Island University,,,Big 12,NEC,,Memorial Stadium,
2026,1,regular,2026-09-05,Kansas State,Nicholls,,,Big 12,Southland,,Bill Snyder Family Stadium,
2026,1,regular,2026-09-05,Kentucky,Youngstown State,,,SEC,MVFC,,Kroger Field,
2026,1,regular,2026-09-05,LSU,Clemson,,,SEC,ACC,,Tiger Stadium (LA),
2026,1,regular,2026-09-05,Louisiana Tech,Northwestern State,,,Sun Belt,Southland,,Joe Aillet Stadium,
2026,1,regular,2026-09-05,Memphis,Arkansas State,,,American Athletic,Sun Belt,,Simmons Bank Liberty Stadium,
2026,1,regular,2026-09-05,Michigan,Western Michigan,,,Big Ten,Mid-American,,Michigan Stadium,
2026,1,regular,2026-09-05,Michigan State,Toledo,,,Big Ten,Mid-American,,Spartan Stadium,
2026,1,regular,2026-09-05,Middle Tennessee,Murray State,,,Conference USA,MVFC,,"Johnny ""Red"" Floyd Stadium",
2026,1,regular,2026-09-05,Mississippi State,UL Monroe,,,SEC,Sun Belt,,Davis Wade Stadium,
2026,1,regular,2026-09-05,Navy,Towson,,,American Athletic,Coastal Athletic,,Navy-Marine Corps Memorial Stadium,
2026,1,regular,2026-09-05,Nebraska,Ohio,,,Big Ten,Mid-American,,"Memorial Stadium (Lincoln, NE)",
2026,1,regular,2026-09-05,North Dakota State,Fordham,,,Mountain West,Patriot,,Fargodome,
2026,1,regular,2026-09-05,Ohio State,Ball State,,,Big Ten,Mid-American,,Ohio Stadium,
2026,1,regular,2026-09-05,Oklahoma,UTEP,,,SEC,Mountain West,,"Memorial Stadium (Norman, OK)",
2026,1,regular,2026-09-05,Old Dominion,Norfolk State,,,Sun Belt,MEAC,,S.B. Ballard Stadium,
2026,1,regular,2026-09-05,Oregon,Boise State,,,Big Ten,Pac-12,,Autzen Stadium,
2026,1,regular,2026-09-05,Penn State,Marshall,,,Big Ten,Sun Belt,,Beaver Stadium,
2026,1,regular,2026-09-05,Pittsburgh,Miami (OH),,,ACC,Mid-American,,Acrisure Stadium,
2026,1,regular,2026-09-05,Rice,Houston Christian,,,American Athletic,Southland,,Rice Stadium,
2026,1,regular,2026-09-05,South Alabama,SE Louisiana,,,Sun Belt,Southland,,Hancock Whitney Stadium,
2026,1,regular,2026-09-05,South Carolina,Kent State,,,SEC,Mid-American,,Williams-Brice Stadium,
2026,1,regular,2026-09-05,South Florida,Florida International,,,American Athletic,Conference USA,,Raymond James Stadium,
2026,1,regular,2026-09-05,Southern Miss,Alcorn State,,,Sun Belt,SWAC,,M. M. Roberts Stadium,
2026,1,regular,2026-09-05,Stanford,Miami,,,ACC,ACC,,Stanford Stadium,
2026,1,regular,2026-09-05,Syracuse,New Hampshire,,,ACC,Coastal Athletic,,JMA Wireless Dome,
2026,1,regular,2026-09-05,Temple,Rhode Island,,,American Athletic,Coastal Athletic,,Lincoln Financial Field,
2026,1,regular,2026-09-05,Tennessee,Furman,,,SEC,Southern,,Neyland Stadium,
2026,1,regular,2026-09-05,Texas,Texas State,,,SEC,Pac-12,,DKR-Texas Memorial Stadium,
2026,1,regular,2026-09-05,Texas A&M,Missouri State,,,SEC,Conference USA,,Kyle Field,
2026,1,regular,2026-09-05,Texas Tech,Abilene Christian,,,Big 12,UAC,,Jones AT&T Stadium,
2026,1,regular,2026-09-05,Troy,Sam Houston,,,Sun Belt,Conference USA,,Veterans Memorial Stadium (AL),
2026,1,regular,2026-09-05,Tulsa,Oklahoma State,,,American Athletic,Big 12,,Chapman Stadium,
2026,1,regular,2026-09-05,UConn,Lafayette,,,FBS Independents,Patriot,,Pratt & Whitney Stadium,
2026,1,regular,2026-09-05,USC,Fresno State,,,Big Ten,Pac-12,,Los Angeles Memorial Coliseum,
2026,1,regular,2026-09-05,UTSA,UT Rio Grande Valley,,,American Athletic,Southland,,Alamodome,
2026,1,regular,2026-09-05,Utah State,Idaho State,,,Pac-12,Big Sky,,Maverik Stadium,
2026,1,regular,2026-09-05,Vanderbilt,Austin Peay,,,SEC,UAC,,FirstBank Stadium,
2026,1,regular,2026-09-05,Virginia Tech,VMI,,,ACC,Southern,,Lane Stadium,
2026,1,regular,2026-09-05,West Virginia,Coastal Carolina,,,Big 12,Sun Belt,,Milan Puskar Stadium,
2026,1,regular,2026-09-06,Arizona,Northern Arizona,,,Big 12,Big Sky,,Arizona Stadium,
2026,1,regular,2026-09-06,Arizona State,Morgan State,,,Big 12,MEAC,,Mountain America Stadium,
2026,1,regular,2026-09-06,BYU,Utah Tech,,,Big 12,Big Sky,,LaVell Edwards Stadium,
2026,1,regular,2026-09-06,California,UCLA,,,ACC,Big Ten,,California Memorial Stadium,
2026,1,regular,2026-09-06,Hawai'i,UNLV,,,Mountain West,Mountain West,,Clarence T.C. Ching Athletics Complex,
2026,1,regular,2026-09-06,Louisiana,Lamar,,,Sun Belt,Southland,,Cajun Field,
2026,1,regular,2026-09-06,Maryland,Hampton,,,Big Ten,Coastal Athletic,,SECU Stadium,
2026,1,regular,2026-09-06,Nevada,Western Kentucky,,,Mountain West,Conference USA,,Mackay Stadium,
2026,1,regular,2026-09-06,New Mexico,Central Michigan,,,Mountain West,Mid-American,,University Stadium (NM),
2026,1,regular,2026-09-06,New Mexico State,Mercyhurst,,,Conference USA,NEC,,Aggie Memorial Stadium,
2026,1,regular,2026-09-06,Northwestern,South Dakota State,,,Big Ten,MVFC,,Lanny and Sharon Martin Stadium,
2026,1,regular,2026-09-06,Notre Dame,Wisconsin,,,FBS Independents,Big Ten,1,Lambeau Field,
2026,1,regular,2026-09-06,Ole Miss,Louisville,,,SEC,ACC,1,Nissan Stadium,
2026,1,regular,2026-09-06,Sacramento State,Mississippi Valley State,,,Mid-American,SWAC,,Hornet Stadium,
2026,1,regular,2026-09-06,San Diego State,Portland State,,,Pac-12,Big Sky,,Snapdragon Stadium,
2026,1,regular,2026-09-06,Washington,Washington State,,,Big Ten,Pac-12,,Husky Stadium,
2026,1,regular,2026-09-07,Florida State,SMU,,,ACC,ACC,,Doak Campbell Stadium,
2026,2,regular,2026-09-11,Boston College,Rutgers,,,ACC,Big Ten,,"Alumni Stadium (Chestnut Hill, MA)",
2026,2,regular,2026-09-11,Louisville,Villanova,,,ACC,Patriot,,L&N Federal Credit Union Stadium,
2026,2,regular,2026-09-11,Miami,Florida A&M,,,ACC,SWAC,,Hard Rock Stadium,
2026,2,regular,2026-09-11,NC State,Richmond,,,ACC,Patriot,,Carter-Finley Stadium,
2026,2,regular,2026-09-11,Virginia,Norfolk State,,,ACC,MEAC,,Scott Stadium,
2026,2,regular,2026-09-12,Akron,Robert Morris,,,Mid-American,NEC,,InfoCision Stadium,
2026,2,regular,2026-09-12,Arkansas State,West Georgia,,,Sun Belt,UAC,,Centennial Bank Stadium,
2026,2,regular,2026-09-12,Army,South Florida,,,American Athletic,American Athletic,,Michie Stadium,
2026,2,regular,2026-09-12,Auburn,Southern Miss,,,SEC,Sun Belt,,Jordan-Hare Stadium,
2026,2,regular,2026-09-12,BYU,Arizona,,,Big 12,Big 12,,LaVell Edwards Stadium,
2026,2,regular,2026-09-12,Ball State,Stony Brook,,,Mid-American,Coastal Athletic,,Scheumann Stadium,
2026,2,regular,2026-09-12,Boise State,Memphis,,,Pac-12,American Athletic,,Albertsons Stadium,
2026,2,regular,2026-09-12,Central Michigan,Colgate,,,Mid-American,Patriot,,Kelly/Shorts Stadium,
2026,2,regular,2026-09-12,Cincinnati,Western Carolina,,,Big 12,Southern,,Nippert Stadium,
2026,2,regular,2026-09-12,Clemson,Georgia Southern,,,ACC,Sun Belt,,"Memorial Stadium (Clemson, SC)",
2026,2,regular,2026-09-12,Coastal Carolina,Fordham,,,Sun Belt,Patriot,,Brooks Stadium (SC),
2026,2,regular,2026-09-12,Colorado,Weber State,,,Big 12,Big Sky,,Folsom Field,
2026,2,regular,2026-09-12,Colorado State,Southern Utah,,,Pac-12,Big Sky,,Canvas Stadium,
2026,2,regular,2026-09-12,East Carolina,App State,,,American Athletic,Sun Belt,,Dowdy-Ficklen Stadium,
2026,2,regular,2026-09-12,Florida,Campbell,,,SEC,Coastal Athletic,,Ben Hill Griffin Stadium,
2026,2,regular,2026-09-12,Florida Atlantic,Navy,,,American Athletic,American Athletic,,FAU Stadium,
2026,2,regular,2026-09-12,Florida International,Buffalo,,,Conference USA,Mid-American,,Pitbull Stadium,
2026,2,regular,2026-09-12,Georgia,Western Kentucky,,,SEC,Conference USA,,Sanford Stadium,
2026,2,regular,2026-09-12,Georgia Tech,Tennessee,,,ACC,SEC,,Bobby Dodd Stadium,
2026,2,regular,2026-09-12,Houston,Southern,,,Big 12,SWAC,,TDECU Stadium,
2026,2,regular,2026-09-12,Illinois,Duke,,,Big Ten,ACC,,"Memorial Stadium (Champaign, IL)",
2026,2,regular,2026-09-12,Indiana,Howard,,,Big Ten,MEAC,,"Memorial Stadium (Bloomington, IN)",
2026,2,regular,2026-09-12,Iowa,Iowa State,,,Big Ten,Big 12,,Kinnick Stadium,
2026,2,regular,2026-09-12,James Madison,Wagner,,,Sun Belt,NEC,,Bridgeforth Stadium,
2026,2,regular,2026-09-12,Kansas,Missouri,,,Big 12,SEC,,Memorial Stadium,
2026,2,regular,2026-09-12,Kansas State,Washington State,,,Big 12,Pac-12,,Bill Snyder Family Stadium,
2026,2,regular,2026-09-12,Kennesaw State,Georgia State,,,Conference USA,Sun Belt,,Fifth Third Stadium,
2026,2,regular,2026-09-12,Kent State,Wofford,,,Mid-American,Southern,,Dix Stadium,
2026,2,regular,2026-09-12,Kentucky,Alabama,,,SEC,SEC,,Kroger Field,
2026,2,regular,2026-09-12,LSU,Louisiana Tech,,,SEC,Sun Belt,,Tiger Stadium (LA),
2026,2,regular,2026-09-12,Liberty,Gardner-Webb,,,Conference USA,OVC,,Williams Stadium (VA),
2026,2,regular,2026-09-12,Marshall,Middle Tennessee,,,Sun Belt,Conference USA,,Joan C. Edwards Stadium,
2026,2,regular,2026-09-12,Massachusetts,Sacred Heart,,,Mid-American,Coastal Athletic,,Warren McGuirk Alumni Stadium,
2026,2,regular,2026-09-12,Miami (OH),Holy Cross,,,Mid-American,Patriot,,Yager Stadium,
2026,2,regular,2026-09-12,Michigan,Oklahoma,,,Big Ten,SEC,,Michigan Stadium,
2026,2,regular,2026-09-12,Michigan State,Eastern Michigan,,,Big Ten,Mid-American,,Spartan Stadium,
2026,2,regular,2026-09-12,Minnesota,Mississippi State,,,Big Ten,SEC,,Huntington Bank Stadium,
2026,2,regular,2026-09-12,Missouri State,Lindenwood,,,Conference USA,OVC,,Plaster Sports Complex,
2026,2,regular,2026-09-12,Nebraska,Bowling Green,,,Big Ten,Mid-American,,"Memorial Stadium (Lincoln, NE)",
2026,2,regular,2026-09-12,New Mexico,Mercyhurst,,,Mountain West,NEC,,University Stadium (NM),
2026,2,regular,2026-09-12,North Carolina,East Tennessee State,,,ACC,Southern,,Kenan Stadium,
2026,2,regular,2026-09-12,North Texas,UNLV,,,American Athletic,Mountain West,,DATCU Stadium,
2026,2,regular,2026-09-12,Northern Illinois,Illinois State,,,Mountain West,MVFC,,Huskie Stadium,
2026,2,regular,2026-09-12,Notre Dame,Rice,,,FBS Independents,American Athletic,,Notre Dame Stadium,
2026,2,regular,2026-09-12,Ohio,Jacksonville State,,,Mid-American,Conference USA,,Peden Stadium,
2026,2,regular,2026-09-12,Oklahoma State,Oregon,,,Big 12,Big Ten,,Boone Pickens Stadium,
2026,2,regular,2026-09-12,Ole Miss,Charlotte,,,SEC,American Athletic,,Vaught-Hemingway Stadium,
2026,2,regular,2026-09-12,Oregon State,Texas Tech,,,Pac-12,Big 12,,Reser Stadium,
2026,2,regular,2026-09-12,Pittsburgh,UCF,,,ACC,Big 12,,Acrisure Stadium,
2026,2,regular,2026-09-12,Purdue,Wake Forest,,,Big Ten,ACC,,Ross-Ade Stadium,
2026,2,regular,2026-09-12,SMU,UC Davis,,,ACC,Big Sky,,Gerald J. Ford Stadium,
2026,2,regular,2026-09-12,Sam Houston,Tulsa,,,Conference USA,American Athletic,,Elliott T. Bowers Stadium,
2026,2,regular,2026-09-12,San José State,Cal Poly,,,Mountain West,Big Sky,,CEFCU Stadium,
2026,2,regular,2026-09-12,South Carolina,Towson,,,SEC,Coastal Athletic,,Williams-Brice Stadium,
2026,2,regular,2026-09-12,Syracuse,California,,,ACC,ACC,,JMA Wireless Dome,
2026,2,regular,2026-09-12,Temple,Penn State,,,American Athletic,Big Ten,,Lincoln Financial Field,
2026,2,regular,2026-09-12,Texas,Ohio State,,,SEC,Big Ten,,DKR-Texas Memorial Stadium,
2026,2,regular,2026-09-12,Texas A&M,Arizona State,,,SEC,Big 12,,Kyle Field,
2026,2,regular,2026-09-12,Texas State,UTSA,,,Pac-12,American Athletic,,Bobcat Stadium (TX),
2026,2,regular,2026-09-12,Toledo,Central Connecticut,,,Mid-American,NEC,,Glass Bowl,
2026,2,regular,2026-09-12,Troy,Alabama State,,,Sun Belt,SWAC,,Veterans Memorial Stadium (AL),
2026,2,regular,2026-09-12,Tulane,South Alabama,,,American Athletic,Sun Belt,,Yulman Stadium,
2026,2,regular,2026-09-12,UAB,UL Monroe,,,American Athletic,Sun Belt,,Protective Stadium,
2026,2,regular,2026-09-12,UCLA,San Diego State,,,Big Ten,Pac-12,,Rose Bowl,
2026,2,regular,2026-09-12,UConn,Maryland,,,FBS Independents,Big Ten,,Pratt & Whitney Stadium,
2026,2,regular,2026-09-12,Vanderbilt,Delaware,,,SEC,Conference USA,,FirstBank Stadium,
2026,2,regular,2026-09-12,Virginia Tech,Old Dominion,,,ACC,Sun Belt,,Lane Stadium,
2026,2,regular,2026-09-12,Washington,Utah State,,,Big Ten,Pac-12,,Husky Stadium,
2026,2,regular,2026-09-12,West Virginia,UT Martin,,,Big 12,OVC,,Milan Puskar Stadium,
2026,2,regular,2026-09-12,Western Michigan,Monmouth,,,Mid-American,Coastal Athletic,,Waldo Stadium,
2026,2,regular,2026-09-12,Wisconsin,Western Illinois,,,Big Ten,OVC,,Camp Randall Stadium,
2026,2,regular,2026-09-12,Wyoming,Northern Colorado,,,Mountain West,Big Sky,,War Memorial Stadium,
2026,2,regular,2026-09-13,Air Force,North Dakota State,,,Mountain West,Mountain West,,Falcon Stadium,
2026,2,regular,2026-09-13,Baylor,Prairie View A&M,,,Big 12,SWAC,,McLane Stadium,
2026,2,regular,2026-09-13,Fresno State,Sacramento State,,,Pac-12,Mid-American,,Valley Children's Stadium,
2026,2,regular,2026-09-13,Hawai'i,New Mexico State,,,Mountain West,Conference USA,,Clarence T.C. Ching Athletics Complex,
2026,2,regular,2026-09-13,Nevada,Montana State,,,Mountain West,Big Sky,,Mackay Stadium,
2026,2,regular,2026-09-13,TCU,Grambling,,,Big 12,SWAC,,Amon G. Carter Stadium,
2026,2,regular,2026-09-13,USC,Louisiana,,,Big Ten,Sun Belt,,Los Angeles Memorial Coliseum,
2026,2,regular,2026-09-13,UTEP,Texas Southern,,,Mountain West,SWAC,,Sun Bowl,
2026,2,regular,2026-09-13,Utah,Arkansas,,,Big 12,SEC,,Rice-Eccles Stadium,
2026,3,regular,2026-09-17,Pittsburgh,Syracuse,,,ACC,ACC,,Acrisure Stadium,
2026,3,regular,2026-09-18,Wake Forest,Miami,,,ACC,ACC,,Allegacy Federal Credit Union Stadium,
2026,3,regular,2026-09-19,Alabama,Florida State,,,SEC,ACC,,Bryant-Denny Stadium,
2026,3,regular,2026-09-19,App State,Charlotte,,,Sun Belt,American Athletic,,Kidd Brewer Stadium,
2026,3,regular,2026-09-19,Arkansas,Georgia,,,SEC,SEC,,Razorback Stadium,
2026,3,regular,2026-09-19,Auburn,Florida,,,SEC,SEC,,Jordan-Hare Stadium,
2026,3,regular,2026-09-19,Baylor,Louisiana Tech,,,Big 12,Sun Belt,,McLane Stadium,
2026,3,regular,2026-09-19,Boston College,Maine,,,ACC,Coastal Athletic,,"Alumni Stadium (Chestnut Hill, MA)",
2026,3,regular,2026-09-19,California,Wagner,,,ACC,NEC,,California Memorial Stadium,
2026,3,regular,2026-09-19,Central Michigan,Wyoming,,,Mid-American,Mountain West,,Kelly/Shorts Stadium,
2026,3,regular,2026-09-19,Cincinnati,Miami (OH),,,Big 12,Mid-American,,TQL Stadium,
2026,3,regular,2026-09-19,Clemson,North Carolina,,,ACC,ACC,,"Memorial Stadium (Clemson, SC)",
2026,3,regular,2026-09-19,Colorado State,BYU,,,Pac-12,Big 12,,Canvas Stadium,
2026,3,regular,2026-09-19,Delaware,Coastal Carolina,,,Conference USA,Sun Belt,,Delaware Stadium,
2026,3,regular,2026-09-19,Duke,Stanford,,,ACC,ACC,,Wallace Wade Stadium,
2026,3,regular,2026-09-19,Florida Atlantic,Florida International,,,American Athletic,Conference USA,,FAU Stadium,
2026,3,regular,2026-09-19,Georgia Tech,Mercer,,,ACC,Southern,,Bobby Dodd Stadium,
2026,3,regular,2026-09-19,Illinois,Southern Illinois,,,Big Ten,MVFC,,"Memorial Stadium (Champaign, IL)",
2026,3,regular,2026-09-19,Indiana,Western Kentucky,,,Big Ten,Conference USA,,"Memorial Stadium (Bloomington, IN)",
2026,3,regular,2026-09-19,Iowa,Northern Iowa,,,Big Ten,MVFC,,Kinnick Stadium,
2026,3,regular,2026-09-19,Iowa State,Bowling Green,,,Big 12,Mid-American,,Jack Trice Stadium,
2026,3,regular,2026-09-19,Jacksonville State,Georgia Southern,,,Conference USA,Sun Belt,,AmFirst Stadium,
2026,3,regular,2026-09-19,Kansas,Arizona State,,,Big 12,Big 12,1,Wembley Stadium,
2026,3,regular,2026-09-19,Kansas State,Tulane,,,Big 12,American Athletic,,Bill Snyder Family Stadium,
2026,3,regular,2026-09-19,Liberty,Ball State,,,Conference USA,Mid-American,,Williams Stadium (VA),
2026,3,regular,2026-09-19,Louisville,SMU,,,ACC,ACC,,L&N Federal Credit Union Stadium,
2026,3,regular,2026-09-19,Maryland,Virginia Tech,,,Big Ten,ACC,,SECU Stadium,
2026,3,regular,2026-09-19,Massachusetts,Stonehill,,,Mid-American,NEC,,Warren McGuirk Alumni Stadium,
2026,3,regular,2026-09-19,Memphis,UT Martin,,,American Athletic,OVC,,Simmons Bank Liberty Stadium,
2026,3,regular,2026-09-19,Michigan,UTEP,,,Big Ten,Mountain West,,Michigan Stadium,
2026,3,regular,2026-09-19,Middle Tennessee,Nevada,,,Conference USA,Mountain West,,"Johnny ""Red"" Floyd Stadium",
2026,3,regular,2026-09-19,Minnesota,Akron,,,Big Ten,Mid-American,,Huntington Bank Stadium,
2026,3,regular,2026-09-19,Missouri,Troy,,,SEC,Sun Belt,,Memorial Stadium,
2026,3,regular,2026-09-19,Missouri State,Marshall,,,Conference USA,Sun Belt,,Plaster Sports Complex,
2026,3,regular,2026-09-19,Nebraska,North Dakota,,,Big Ten,MVFC,,"Memorial Stadium (Lincoln, NE)",
2026,3,regular,2026-09-19,Northwestern,Colorado,,,Big Ten,Big 12,,Lanny and Sharon Martin Stadium,
2026,3,regular,2026-09-19,Notre Dame,Michigan State,,,FBS Independents,Big Ten,,Notre Dame Stadium,
2026,3,regular,2026-09-19,Ohio State,Kent State,,,Big Ten,Mid-American,,Ohio Stadium,
2026,3,regular,2026-09-19,Oklahoma,New Mexico,,,SEC,Mountain West,,"Memorial Stadium (Norman, OK)",
2026,3,regular,2026-09-19,Oklahoma State,Murray State,,,Big 12,MVFC,,Boone Pickens Stadium,
2026,3,regular,2026-09-19,Old Dominion,East Carolina,,,Sun Belt,American Athletic,,S.B. Ballard Stadium,
2026,3,regular,2026-09-19,Ole Miss,LSU,,,SEC,SEC,,Vaught-Hemingway Stadium,
2026,3,regular,2026-09-19,Oregon,Portland State,,,Big Ten,Big Sky,,Autzen Stadium,
2026,3,regular,2026-09-19,Penn State,Buffalo,,,Big Ten,Mid-American,,Beaver Stadium,
2026,3,regular,2026-09-19,Rice,Western Michigan,,,American Athletic,Mid-American,,Rice Stadium,
2026,3,regular,2026-09-19,Rutgers,USC,,,Big Ten,Big Ten,,SHI Stadium,
2026,3,regular,2026-09-19,Sam Houston,Nicholls,,,Conference USA,Southland,,Elliott T. Bowers Stadium,
2026,3,regular,2026-09-19,South Alabama,Ohio,,,Sun Belt,Mid-American,,Hancock Whitney Stadium,
2026,3,regular,2026-09-19,South Carolina,Mississippi State,,,SEC,SEC,,Williams-Brice Stadium,
2026,3,regular,2026-09-19,South Florida,Delaware State,,,American Athletic,MEAC,,Raymond James Stadium,
2026,3,regular,2026-09-19,Southern Miss,UConn,,,Sun Belt,FBS Independents,,M. M. Roberts Stadium,
2026,3,regular,2026-09-19,Tennessee,Kennesaw State,,,SEC,Conference USA,,Neyland Stadium,
2026,3,regular,2026-09-19,Texas A&M,Kentucky,,,SEC,SEC,,Kyle Field,
2026,3,regular,2026-09-19,Texas State,North Texas,,,Pac-12,American Athletic,,Bobcat Stadium (TX),
2026,3,regular,2026-09-19,Texas Tech,Houston,,,Big 12,Big 12,,Jones AT&T Stadium,
2026,3,regular,2026-09-19,Toledo,Temple,,,Mid-American,American Athletic,,Glass Bowl,
2026,3,regular,2026-09-19,UCF,Georgia State,,,Big 12,Sun Belt,,FBC Mortgage Stadium,
2026,3,regular,2026-09-19,UL Monroe,SE Louisiana,,,Sun Belt,Southland,,Malone Stadium,
2026,3,regular,2026-09-19,Utah,Utah State,,,Big 12,Pac-12,,Rice-Eccles Stadium,
2026,3,regular,2026-09-19,Vanderbilt,NC State,,,SEC,ACC,,FirstBank Stadium,
2026,3,regular,2026-09-19,Virginia,West Virginia,,,ACC,Big 12,1,Bank of America Stadium,
2026,3,regular,2026-09-19,Washington,Eastern Washington,,,Big Ten,Big Sky,,Husky Stadium,
2026,3,regular,2026-09-19,Washington State,Duquesne,,,Pac-12,NEC,,Gesa Field,
2026,3,regular,2026-09-19,Wisconsin,Eastern Michigan,,,Big Ten,Mid-American,,Camp Randall Stadium,
2026,3,regular,2026-09-20,Arizona,Northern Illinois,,,Big 12,Mountain West,,Arizona Stadium,
2026,3,regular,2026-09-20,Boise State,South Dakota,,,Pac-12,MVFC,,Albertsons Stadium,
2026,3,regular,2026-09-20,Louisiana,UAB,,,Sun Belt,American Athletic,,Cajun Field,
2026,3,regular,2026-09-20,Oregon State,Montana,,,Pac-12,Big Sky,,Reser Stadium,
2026,3,regular,2026-09-20,Sacramento State,North Dakota State,,,Mid-American,Mountain West,,Hornet Stadium,
2026,3,regular,2026-09-20,San Diego State,James Madison,,,Pac-12,Sun Belt,,Snapdragon Stadium,
2026,3,regular,2026-09-20,San José State,Fresno State,,,Mountain West,Pac-12,,CEFCU Stadium,
2026,3,regular,2026-09-20,TCU,Arkansas State,,,Big 12,Sun Belt,,Amon G. Carter Stadium,
2026,3,regular,2026-09-20,Texas,UTSA,,,SEC,American Athletic,,DKR-Texas Memorial Stadium,
2026,3,regular,2026-09-20,Tulsa,East Texas A&M,,,American Athletic,Southland,,Chapman Stadium,
2026,3,regular,2026-09-20,UCLA,Purdue,,,Big Ten,Big Ten,,Rose Bowl,
2026,4,regular,2026-09-24,Coastal Carolina,Liberty,,,Sun Belt,Conference USA,,Brooks Stadium (SC),
2026,4,regular,2026-09-25,Rutgers,Howard,,,Big Ten,MEAC,,SHI Stadium,
2026,4,regular,2026-09-25,Temple,Army,,,American Athletic,American Athletic,,Lincoln Financial Field,
2026,4,regular,2026-09-25,UAB,Navy,,,American Athletic,American Athletic,,Protective Stadium,
2026,4,regular,2026-09-26,Akron,UNLV,,,Mid-American,Mountain West,,InfoCision Stadium,
2026,4,regular,2026-09-26,Alabama,South Carolina,,,SEC,SEC,,Bryant-Denny Stadium,
2026,4,regular,2026-09-26,Arkansas State,Kennesaw State,,,Sun Belt,Conference USA,,Centennial Bank Stadium,
2026,4,regular,2026-09-26,Auburn,Vanderbilt,,,SEC,SEC,,Jordan-Hare Stadium,
2026,4,regular,2026-09-26,Baylor,Colorado,,,Big 12,Big 12,,McLane Stadium,
2026,4,regular,2026-09-26,Boston College,Virginia Tech,,,ACC,ACC,,"Alumni Stadium (Chestnut Hill, MA)",
2026,4,regular,2026-09-26,Bowling Green,South Florida,,,Mid-American,American Athletic,,Doyt L. Perry Stadium,
2026,4,regular,2026-09-26,Buffalo,Robert Morris,,,Mid-American,NEC,,UB Stadium,
2026,4,regular,2026-09-26,California,Clemson,,,ACC,ACC,,California Memorial Stadium,
2026,4,regular,2026-09-26,Charlotte,Louisiana,,,American Athletic,Sun Belt,,Jerry Richardson Stadium,
2026,4,regular,2026-09-26,Cincinnati,Kansas State,,,Big 12,Big 12,,Nippert Stadium,
2026,4,regular,2026-09-26,Duke,William & Mary,,,ACC,Patriot,,Wallace Wade Stadium,
2026,4,regular,2026-09-26,East Carolina,North Carolina Central,,,American Athletic,MEAC,,Dowdy-Ficklen Stadium,
2026,4,regular,2026-09-26,Eastern Michigan,Lindenwood,,,Mid-American,OVC,,Rynearson Stadium,
2026,4,regular,2026-09-26,Florida,Ole Miss,,,SEC,SEC,,Ben Hill Griffin Stadium,
2026,4,regular,2026-09-26,Florida International,Long Island University,,,Conference USA,NEC,,Pitbull Stadium,
2026,4,regular,2026-09-26,Florida State,Central Arkansas,,,ACC,UAC,,Doak Campbell Stadium,
2026,4,regular,2026-09-26,Georgia,Oklahoma,,,SEC,SEC,,Sanford Stadium,
2026,4,regular,2026-09-26,Georgia Southern,Houston,,,Sun Belt,Big 12,,Allen E. Paulson Stadium,
2026,4,regular,2026-09-26,Georgia State,Northern Illinois,,,Sun Belt,Mountain West,,Center Parc Stadium,
2026,4,regular,2026-09-26,Indiana,Northwestern,,,Big Ten,Big Ten,,"Memorial Stadium (Bloomington, IN)",
2026,4,regular,2026-09-26,Iowa State,Utah,,,Big 12,Big 12,,Jack Trice Stadium,
2026,4,regular,2026-09-26,Jacksonville State,Middle Tennessee,,,Conference USA,Conference USA,,AmFirst Stadium,
2026,4,regular,2026-09-26,Kent State,Ball State,,,Mid-American,Mid-American,,Dix Stadium,
2026,4,regular,2026-09-26,Kentucky,South Alabama,,,SEC,Sun Belt,,Kroger Field,
2026,4,regular,2026-09-26,LSU,Texas A&M,,,SEC,SEC,,Tiger Stadium (LA),
2026,4,regular,2026-09-26,Louisville,Wake Forest,,,ACC,ACC,,L&N Federal Credit Union Stadium,
2026,4,regular,2026-09-26,Marshall,Gardner-Webb,,,Sun Belt,OVC,,Joan C. Edwards Stadium,
2026,4,regular,2026-09-26,Maryland,UCLA,,,Big Ten,Big Ten,,SECU Stadium,
2026,4,regular,2026-09-26,Miami,Central Michigan,,,ACC,Mid-American,,Hard Rock Stadium,
2026,4,regular,2026-09-26,Miami (OH),UConn,,,Mid-American,FBS Independents,,Yager Stadium,
2026,4,regular,2026-09-26,Michigan,Iowa,,,Big Ten,Big Ten,,Michigan Stadium,
2026,4,regular,2026-09-26,Michigan State,Nebraska,,,Big Ten,Big Ten,,Spartan Stadium,
2026,4,regular,2026-09-26,Mississippi State,Missouri,,,SEC,SEC,,Davis Wade Stadium,
2026,4,regular,2026-09-26,NC State,App State,,,ACC,Sun Belt,,Carter-Finley Stadium,
2026,4,regular,2026-09-26,Nevada,Air Force,,,Mountain West,Mountain West,,Mackay Stadium,
2026,4,regular,2026-09-26,New Mexico State,New Mexico,,,Conference USA,Mountain West,,Aggie Memorial Stadium,
2026,4,regular,2026-09-26,North Texas,Houston Christian,,,American Athletic,Southland,,DATCU Stadium,
2026,4,regular,2026-09-26,Ohio,Stonehill,,,Mid-American,NEC,,Peden Stadium,
2026,4,regular,2026-09-26,Ohio State,Illinois,,,Big Ten,Big Ten,,Ohio Stadium,
2026,4,regular,2026-09-26,Old Dominion,James Madison,,,Sun Belt,Sun Belt,,S.B. Ballard Stadium,
2026,4,regular,2026-09-26,Penn State,Wisconsin,,,Big Ten,Big Ten,,Beaver Stadium,
2026,4,regular,2026-09-26,Pittsburgh,Bucknell,,,ACC,Patriot,,Acrisure Stadium,
2026,4,regular,2026-09-26,Purdue,Notre Dame,,,Big Ten,FBS Independents,,Ross-Ade Stadium,
2026,4,regular,2026-09-26,SMU,Missouri State,,,ACC,Conference USA,,Gerald J. Ford Stadium,
2026,4,regular,2026-09-26,Sacramento State,Massachusetts,,,Mid-American,Mid-American,,Hornet Stadium,
2026,4,regular,2026-09-26,Tennessee,Texas,,,SEC,SEC,,Neyland Stadium,
2026,4,regular,2026-09-26,Texas State,Incarnate Word,,,Pac-12,Southland,,Bobcat Stadium (TX),
2026,4,regular,2026-09-26,Texas Tech,Sam Houston,,,Big 12,Conference USA,,Jones AT&T Stadium,
2026,4,regular,2026-09-26,Toledo,San Diego State,,,Mid-American,Pac-12,,Glass Bowl,
2026,4,regular,2026-09-26,Tulane,Southern Miss,,,American Athletic,Sun Belt,,Yulman Stadium,
2026,4,regular,2026-09-26,UCF,TCU,,,Big 12,Big 12,,FBC Mortgage Stadium,
2026,4,regular,2026-09-26,UL Monroe,Florida Atlantic,,,Sun Belt,American Athletic,,Malone Stadium,
2026,4,regular,2026-09-26,USC,Oregon,,,Big Ten,Big Ten,,Los Angeles Memorial Coliseum,
2026,4,regular,2026-09-26,UTSA,Colorado State,,,American Athletic,Pac-12,,Alamodome,
2026,4,regular,2026-09-26,Utah State,Troy,,,Pac-12,Sun Belt,,Maverik Stadium,
2026,4,regular,2026-09-26,Virginia,Delaware,,,ACC,Conference USA,,Scott Stadium,
2026,4,regular,2026-09-26,Washington,Minnesota,,,Big Ten,Big Ten,,Husky Stadium,
2026,4,regular,2026-09-26,Washington State,Arizona,,,Pac-12,Big 12,,Gesa Field,
2026,4,regular,2026-09-26,West Virginia,Oklahoma State,,,Big 12,Big 12,,Milan Puskar Stadium,
2026,4,regular,2026-09-26,Western Kentucky,Mercyhurst,,,Conference USA,NEC,,Houchens Industries-L.T. Smith Stadium,
2026,4,regular,2026-09-26,Western Michigan,Boise State,,,Mid-American,Pac-12,,Waldo Stadium,
2026,4,regular,2026-09-26,Wyoming,Hawai'i,,,Mountain West,Mountain West,,War Memorial Stadium,
2026,4,regular,2026-09-27,Arkansas,Tulsa,,,SEC,American Athletic,,Razorback Stadium,
2026,4,regular,2026-09-27,Fresno State,Rice,,,Pac-12,American Athletic,,Valley Children's Stadium,
2026,4,regular,2026-09-27,Stanford,Georgia Tech,,,ACC,ACC,,Stanford Stadium,
2026,4,regular,2026-09-27,UTEP,Oregon State,,,Mountain West,Pac-12,,Sun Bowl,
2026,5,regular,2026-10-02,Delaware,Liberty,,,Conference USA,Conference USA,,Delaware Stadium,
2026,5,regular,2026-10-02,New Mexico State,Western Kentucky,,,Conference USA,Conference USA,,Aggie Memorial Stadium,
2026,5,regular,2026-10-02,Tulsa,North Texas,,,American Athletic,American Athletic,,Chapman Stadium,
2026,5,regular,2026-10-02,Virginia Tech,Pittsburgh,,,ACC,ACC,,Lane Stadium,
2026,5,regular,2026-10-03,Air Force,Navy,,,Mountain West,American Athletic,,Falcon Stadium,
2026,5,regular,2026-10-03,Arizona,Cincinnati,,,Big 12,Big 12,,Arizona Stadium,
2026,5,regular,2026-10-03,Arizona State,Baylor,,,Big 12,Big 12,,Mountain America Stadium,
2026,5,regular,2026-10-03,Ball State,Toledo,,,Mid-American,Mid-American,,Scheumann Stadium,
2026,5,regular,2026-10-03,Boise State,Utah State,,,Pac-12,Pac-12,,Albertsons Stadium,
2026,5,regular,2026-10-03,Buffalo,Western Michigan,,,Mid-American,Mid-American,,UB Stadium,
2026,5,regular,2026-10-03,Central Michigan,Akron,,,Mid-American,Mid-American,,Kelly/Shorts Stadium,
2026,5,regular,2026-10-03,Charlotte,Memphis,,,American Athletic,American Athletic,,Jerry Richardson Stadium,
2026,5,regular,2026-10-03,Clemson,Miami,,,ACC,ACC,,"Memorial Stadium (Clemson, SC)",
2026,5,regular,2026-10-03,Coastal Carolina,Georgia Southern,,,Sun Belt,Sun Belt,,Brooks Stadium (SC),
2026,5,regular,2026-10-03,Colorado,Texas Tech,,,Big 12,Big 12,,Folsom Field,
2026,5,regular,2026-10-03,Colorado State,Oregon State,,,Pac-12,Pac-12,,Canvas Stadium,
2026,5,regular,2026-10-03,Florida Atlantic,Texas Southern,,,American Athletic,SWAC,,FAU Stadium,
2026,5,regular,2026-10-03,Florida State,Virginia,,,ACC,ACC,,Doak Campbell Stadium,
2026,5,regular,2026-10-03,Georgia,Vanderbilt,,,SEC,SEC,,Sanford Stadium,
2026,5,regular,2026-10-03,Georgia State,Old Dominion,,,Sun Belt,Sun Belt,,Center Parc Stadium,
2026,5,regular,2026-10-03,Houston,UCF,,,Big 12,Big 12,,TDECU Stadium,
2026,5,regular,2026-10-03,Illinois,Purdue,,,Big Ten,Big Ten,,"Memorial Stadium (Champaign, IL)",
2026,5,regular,2026-10-03,Iowa,Ohio State,,,Big Ten,Big Ten,,Kinnick Stadium,
2026,5,regular,2026-10-03,Iowa State,West Virginia,,,Big 12,Big 12,,Jack Trice Stadium,
2026,5,regular,2026-10-03,James Madison,Marshall,,,Sun Belt,Sun Belt,,Bridgeforth Stadium,
2026,5,regular,2026-10-03,Kansas,Middle Tennessee,,,Big 12,Conference USA,,Memorial Stadium,
2026,5,regular,2026-10-03,Kent State,Ohio,,,Mid-American,Mid-American,,Dix Stadium,
2026,5,regular,2026-10-03,LSU,McNeese,,,SEC,Southland,,Tiger Stadium (LA),
2026,5,regular,2026-10-03,Louisiana,Arkansas State,,,Sun Belt,Sun Belt,,Cajun Field,
2026,5,regular,2026-10-03,Louisiana Tech,Army,,,Sun Belt,American Athletic,,Joe Aillet Stadium,
2026,5,regular,2026-10-03,Massachusetts,Eastern Michigan,,,Mid-American,Mid-American,,Warren McGuirk Alumni Stadium,
2026,5,regular,2026-10-03,Miami (OH),Bowling Green,,,Mid-American,Mid-American,,Yager Stadium,
2026,5,regular,2026-10-03,Minnesota,Michigan,,,Big Ten,Big Ten,,Huntington Bank Stadium,
2026,5,regular,2026-10-03,Mississippi State,Alabama,,,SEC,SEC,,Davis Wade Stadium,
2026,5,regular,2026-10-03,Missouri,Florida,,,SEC,SEC,,Memorial Stadium,
2026,5,regular,2026-10-03,NC State,Louisville,,,ACC,ACC,,Carter-Finley Stadium,
2026,5,regular,2026-10-03,Nebraska,Maryland,,,Big Ten,Big Ten,,"Memorial Stadium (Lincoln, NE)",
2026,5,regular,2026-10-03,New Mexico,UTEP,,,Mountain West,Mountain West,,University Stadium (NM),
2026,5,regular,2026-10-03,North Carolina,Notre Dame,,,ACC,FBS Independents,,Kenan Stadium,
2026,5,regular,2026-10-03,North Dakota State,Wyoming,,,Mountain West,Mountain West,,Fargodome,
2026,5,regular,2026-10-03,Northwestern,Penn State,,,Big Ten,Big Ten,,Ryan Field,
2026,5,regular,2026-10-03,Rice,UTSA,,,American Athletic,American Athletic,,Rice Stadium,
2026,5,regular,2026-10-03,SMU,Boston College,,,ACC,ACC,,Gerald J. Ford Stadium,
2026,5,regular,2026-10-03,South Alabama,UL Monroe,,,Sun Belt,Sun Belt,,Hancock Whitney Stadium,
2026,5,regular,2026-10-03,South Carolina,Kentucky,,,SEC,SEC,,Williams-Brice Stadium,
2026,5,regular,2026-10-03,South Florida,Temple,,,American Athletic,American Athletic,,Raymond James Stadium,
2026,5,regular,2026-10-03,TCU,BYU,,,Big 12,Big 12,,Amon G. Carter Stadium,
2026,5,regular,2026-10-03,Tennessee,Auburn,,,SEC,SEC,,Neyland Stadium,
2026,5,regular,2026-10-03,Texas A&M,Arkansas,,,SEC,SEC,,Kyle Field,
2026,5,regular,2026-10-03,UAB,Samford,,,American Athletic,Southern,,Protective Stadium,
2026,5,regular,2026-10-03,UConn,Syracuse,,,FBS Independents,ACC,,Pratt & Whitney Stadium,
2026,5,regular,2026-10-03,UNLV,California,,,Mountain West,ACC,,Allegiant Stadium,
2026,5,regular,2026-10-03,USC,Washington,,,Big Ten,Big Ten,,Los Angeles Memorial Coliseum,
2026,5,regular,2026-10-03,Wake Forest,Stanford,,,ACC,ACC,,Allegacy Federal Credit Union Stadium,
2026,5,regular,2026-10-03,Wisconsin,Michigan State,,,Big Ten,Big Ten,,Camp Randall Stadium,
2026,5,regular,2026-10-04,Hawai'i,San José State,,,Mountain West,Mountain West,,Clarence T.C. Ching Athletics Complex,
2026,5,regular,2026-10-04,Rutgers,Indiana,,,Big Ten,Big Ten,,SHI Stadium,
2026,5,regular,2026-10-04,San Diego State,Texas State,,,Pac-12,Pac-12,,Snapdragon Stadium,
2026,5,regular,2026-10-04,Washington State,Fresno State,,,Pac-12,Pac-12,,Gesa Field,
2026,6,regular,2026-10-07,Florida International,New Mexico State,,,Conference USA,Conference USA,,Pitbull Stadium,
2026,6,regular,2026-10-07,Kennesaw State,Jacksonville State,,,Conference USA,Conference USA,,Fifth Third Stadium,
2026,6,regular,2026-10-07,Troy,Southern Miss,,,Sun Belt,Sun Belt,,Veterans Memorial Stadium (AL),
2026,6,regular,2026-10-08,Arkansas State,South Alabama,,,Sun Belt,Sun Belt,,Centennial Bank Stadium,
2026,6,regular,2026-10-08,Liberty,Sam Houston,,,Conference USA,Conference USA,,Williams Stadium (VA),
2026,6,regular,2026-10-08,UTSA,South Florida,,,American Athletic,American Athletic,,Alamodome,
2026,6,regular,2026-10-08,Western Kentucky,Missouri State,,,Conference USA,Conference USA,,Houchens Industries-L.T. Smith Stadium,
2026,6,regular,2026-10-09,Louisville,Florida State,,,ACC,ACC,,L&N Federal Credit Union Stadium,
2026,6,regular,2026-10-10,Akron,Eastern Michigan,,,Mid-American,Mid-American,,InfoCision Stadium,
2026,6,regular,2026-10-10,Alabama,Georgia,,,SEC,SEC,,Bryant-Denny Stadium,
2026,6,regular,2026-10-10,App State,Old Dominion,,,Sun Belt,Sun Belt,,Kidd Brewer Stadium,
2026,6,regular,2026-10-10,Arizona State,Hawai'i,,,Big 12,Mountain West,,Mountain America Stadium,
2026,6,regular,2026-10-10,Arkansas,Tennessee,,,SEC,SEC,,Razorback Stadium,
2026,6,regular,2026-10-10,Army,Tulane,,,American Athletic,American Athletic,,Michie Stadium,
2026,6,regular,2026-10-10,BYU,Iowa State,,,Big 12,Big 12,,LaVell Edwards Stadium,
2026,6,regular,2026-10-10,Bowling Green,Sacramento State,,,Mid-American,Mid-American,,Doyt L. Perry Stadium,
2026,6,regular,2026-10-10,California,Virginia Tech,,,ACC,ACC,,California Memorial Stadium,
2026,6,regular,2026-10-10,East Carolina,Rice,,,American Athletic,American Athletic,,Dowdy-Ficklen Stadium,
2026,6,regular,2026-10-10,Florida,South Carolina,,,SEC,SEC,,Ben Hill Griffin Stadium,
2026,6,regular,2026-10-10,Georgia Southern,James Madison,,,Sun Belt,Sun Belt,,Allen E. Paulson Stadium,
2026,6,regular,2026-10-10,Georgia Tech,Duke,,,ACC,ACC,,Bobby Dodd Stadium,
2026,6,regular,2026-10-10,Kansas State,Houston,,,Big 12,Big 12,,Bill Snyder Family Stadium,
2026,6,regular,2026-10-10,Kentucky,LSU,,,SEC,SEC,,Kroger Field,
2026,6,regular,2026-10-10,Louisiana Tech,Louisiana,,,Sun Belt,Sun Belt,,Joe Aillet Stadium,
2026,6,regular,2026-10-10,Marshall,Coastal Carolina,,,Sun Belt,Sun Belt,,Joan C. Edwards Stadium,
2026,6,regular,2026-10-10,Massachusetts,Miami (OH),,,Mid-American,Mid-American,,Warren McGuirk Alumni Stadium,
2026,6,regular,2026-10-10,Memphis,UAB,,,American Athletic,American Athletic,,Simmons Bank Liberty Stadium,
2026,6,regular,2026-10-10,Michigan State,Illinois,,,Big Ten,Big Ten,,Spartan Stadium,
2026,6,regular,2026-10-10,Missouri,Texas A&M,,,SEC,SEC,,Memorial Stadium,
2026,6,regular,2026-10-10,NC State,Wake Forest,,,ACC,ACC,,Carter-Finley Stadium,
2026,6,regular,2026-10-10,Navy,Tulsa,,,American Athletic,American Athletic,,Navy-Marine Corps Memorial Stadium,
2026,6,regular,2026-10-10,Nebraska,Indiana,,,Big Ten,Big Ten,,"Memorial Stadium (Lincoln, NE)",
2026,6,regular,2026-10-10,North Texas,Charlotte,,,American Athletic,American Athletic,,DATCU Stadium,
2026,6,regular,2026-10-10,Northern Illinois,Air Force,,,Mountain West,Mountain West,,Huskie Stadium,
2026,6,regular,2026-10-10,Northwestern,Ball State,,,Big Ten,Mid-American,,Ryan Field,
2026,6,regular,2026-10-10,Notre Dame,Stanford,,,FBS Independents,ACC,,Notre Dame Stadium,
2026,6,regular,2026-10-10,Ohio,Central Michigan,,,Mid-American,Mid-American,,Peden Stadium,
2026,6,regular,2026-10-10,Ohio State,Maryland,,,Big Ten,Big Ten,,Ohio Stadium,
2026,6,regular,2026-10-10,Oklahoma,Texas,,,SEC,SEC,1,Cotton Bowl,
2026,6,regular,2026-10-10,Oklahoma State,UCF,,,Big 12,Big 12,,Boone Pickens Stadium,
2026,6,regular,2026-10-10,Oregon,UCLA,,,Big Ten,Big Ten,,Autzen Stadium,
2026,6,regular,2026-10-10,Oregon State,San Diego State,,,Pac-12,Pac-12,,Reser Stadium,
2026,6,regular,2026-10-10,Penn State,USC,,,Big Ten,Big Ten,,Beaver Stadium,
2026,6,regular,2026-10-10,Pittsburgh,North Carolina,,,ACC,ACC,,Acrisure Stadium,
2026,6,regular,2026-10-10,Purdue,Minnesota,,,Big Ten,Big Ten,,Ross-Ade Stadium,
2026,6,regular,2026-10-10,San José State,Wyoming,,,Mountain West,Mountain West,,CEFCU Stadium,
2026,6,regular,2026-10-10,Temple,UConn,,,American Athletic,FBS Independents,,Lincoln Financial Field,
2026,6,regular,2026-10-10,Toledo,Buffalo,,,Mid-American,Mid-American,,Glass Bowl,
2026,6,regular,2026-10-10,UNLV,North Dakota State,,,Mountain West,Mountain West,,Allegiant Stadium,
2026,6,regular,2026-10-10,UTEP,Nevada,,,Mountain West,Mountain West,,Sun Bowl,
2026,6,regular,2026-10-10,Utah,Kansas,,,Big 12,Big 12,,Rice-Eccles Stadium,
2026,6,regular,2026-10-10,Utah State,Washington State,,,Pac-12,Pac-12,,Maverik Stadium,
2026,6,regular,2026-10-10,Vanderbilt,Ole Miss,,,SEC,SEC,,FirstBank Stadium,
2026,6,regular,2026-10-10,Virginia,Syracuse,,,ACC,ACC,,Scott Stadium,
2026,6,regular,2026-10-10,Washington,Iowa,,,Big Ten,Big Ten,,Husky Stadium,
2026,6,regular,2026-10-10,West Virginia,Arizona,,,Big 12,Big 12,,Milan Puskar Stadium,
2026,6,regular,2026-10-10,Western Michigan,Kent State,,,Mid-American,Mid-American,,Waldo Stadium,
2026,6,regular,2026-10-11,Fresno State,Boise State,,,Pac-12,Pac-12,,Valley Children's Stadium,
2026,7,regular,2026-10-13,Middle Tennessee,Delaware,,,Conference USA,Conference USA,,"Johnny ""Red"" Floyd Stadium",
2026,7,regular,2026-10-14,Jacksonville State,Florida International,,,Conference USA,Conference USA,,AmFirst Stadium,
2026,7,regular,2026-10-14,Missouri State,Kennesaw State,,,Conference USA,Conference USA,,Plaster Sports Complex,
2026,7,regular,2026-10-15,Old Dominion,Georgia Southern,,,Sun Belt,Sun Belt,,S.B. Ballard Stadium,
2026,7,regular,2026-10-15,Sam Houston,Western Kentucky,,,Conference USA,Conference USA,,Elliott T. Bowers Stadium,
2026,7,regular,2026-10-15,UAB,East Carolina,,,American Athletic,American Athletic,,Protective Stadium,
2026,7,regular,2026-10-16,Texas State,Colorado State,,,Pac-12,Pac-12,,Bobcat Stadium (TX),
2026,7,regular,2026-10-16,Tulane,Memphis,,,American Athletic,American Athletic,,Yulman Stadium,
2026,7,regular,2026-10-17,Air Force,UNLV,,,Mountain West,Mountain West,,Falcon Stadium,
2026,7,regular,2026-10-17,Army,Florida Atlantic,,,American Athletic,American Athletic,,Michie Stadium,
2026,7,regular,2026-10-17,BYU,Notre Dame,,,Big 12,FBS Independents,,LaVell Edwards Stadium,
2026,7,regular,2026-10-17,Baylor,TCU,,,Big 12,Big 12,,McLane Stadium,
2026,7,regular,2026-10-17,Boston College,Pittsburgh,,,ACC,ACC,,"Alumni Stadium (Chestnut Hill, MA)",
2026,7,regular,2026-10-17,Bowling Green,Ball State,,,Mid-American,Mid-American,,Doyt L. Perry Stadium,
2026,7,regular,2026-10-17,Buffalo,Massachusetts,,,Mid-American,Mid-American,,UB Stadium,
2026,7,regular,2026-10-17,California,Wake Forest,,,ACC,ACC,,California Memorial Stadium,
2026,7,regular,2026-10-17,Central Michigan,Western Michigan,,,Mid-American,Mid-American,,Kelly/Shorts Stadium,
2026,7,regular,2026-10-17,Clemson,Charleston Southern,,,ACC,OVC,,"Memorial Stadium (Clemson, SC)",
2026,7,regular,2026-10-17,Coastal Carolina,App State,,,Sun Belt,Sun Belt,,Brooks Stadium (SC),
2026,7,regular,2026-10-17,Colorado,Utah,,,Big 12,Big 12,,Folsom Field,
2026,7,regular,2026-10-17,Duke,North Carolina,,,ACC,ACC,,Wallace Wade Stadium,
2026,7,regular,2026-10-17,Eastern Michigan,Toledo,,,Mid-American,Mid-American,,Rynearson Stadium,
2026,7,regular,2026-10-17,Georgia,Auburn,,,SEC,SEC,,Sanford Stadium,
2026,7,regular,2026-10-17,Hawai'i,New Mexico,,,Mountain West,Mountain West,,Clarence T.C. Ching Athletics Complex,
2026,7,regular,2026-10-17,Houston,Oklahoma State,,,Big 12,Big 12,,TDECU Stadium,
2026,7,regular,2026-10-17,Indiana,Ohio State,,,Big Ten,Big Ten,,"Memorial Stadium (Bloomington, IN)",
2026,7,regular,2026-10-17,James Madison,Georgia State,,,Sun Belt,Sun Belt,,Bridgeforth Stadium,
2026,7,regular,2026-10-17,Kansas State,Kansas,,,Big 12,Big 12,,Bill Snyder Family Stadium,
2026,7,regular,2026-10-17,LSU,Mississippi State,,,SEC,SEC,,Tiger Stadium (LA),
2026,7,regular,2026-10-17,Louisiana,Troy,,,Sun Belt,Sun Belt,,Cajun Field,
2026,7,regular,2026-10-17,Maryland,Rutgers,,,Big Ten,Big Ten,,SECU Stadium,
2026,7,regular,2026-10-17,Miami,Florida State,,,ACC,ACC,,Hard Rock Stadium,
2026,7,regular,2026-10-17,Miami (OH),Akron,,,Mid-American,Mid-American,,Yager Stadium,
2026,7,regular,2026-10-17,Michigan,Penn State,,,Big Ten,Big Ten,,Michigan Stadium,
2026,7,regular,2026-10-17,Michigan State,Northwestern,,,Big Ten,Big Ten,,Spartan Stadium,
2026,7,regular,2026-10-17,North Dakota State,Nevada,,,Mountain West,Mountain West,,Fargodome,
2026,7,regular,2026-10-17,Oklahoma,Kentucky,,,SEC,SEC,,"Memorial Stadium (Norman, OK)",
2026,7,regular,2026-10-17,Ole Miss,Missouri,,,SEC,SEC,,Vaught-Hemingway Stadium,
2026,7,regular,2026-10-17,Oregon,Nebraska,,,Big Ten,Big Ten,,Autzen Stadium,
2026,7,regular,2026-10-17,Oregon State,Washington State,,,Pac-12,Pac-12,,Reser Stadium,
2026,7,regular,2026-10-17,Purdue,Washington,,,Big Ten,Big Ten,,Ross-Ade Stadium,
2026,7,regular,2026-10-17,Rice,Tulsa,,,American Athletic,American Athletic,,Rice Stadium,
2026,7,regular,2026-10-17,SMU,Virginia,,,ACC,ACC,,Gerald J. Ford Stadium,
2026,7,regular,2026-10-17,Sacramento State,Ohio,,,Mid-American,Mid-American,,Hornet Stadium,
2026,7,regular,2026-10-17,South Florida,Kent State,,,American Athletic,Mid-American,,Raymond James Stadium,
2026,7,regular,2026-10-17,Southern Miss,Arkansas State,,,Sun Belt,Sun Belt,,M. M. Roberts Stadium,
2026,7,regular,2026-10-17,Stanford,Elon,,,ACC,Coastal Athletic,,Stanford Stadium,
2026,7,regular,2026-10-17,Syracuse,Louisville,,,ACC,ACC,,JMA Wireless Dome,
2026,7,regular,2026-10-17,Temple,Charlotte,,,American Athletic,American Athletic,,Lincoln Financial Field,
2026,7,regular,2026-10-17,Tennessee,Alabama,,,SEC,SEC,,Neyland Stadium,
2026,7,regular,2026-10-17,Texas,Florida,,,SEC,SEC,,DKR-Texas Memorial Stadium,
2026,7,regular,2026-10-17,Texas A&M,The Citadel,,,SEC,Southern,,Kyle Field,
2026,7,regular,2026-10-17,Texas Tech,Arizona State,,,Big 12,Big 12,,Jones AT&T Stadium,
2026,7,regular,2026-10-17,UCLA,Wisconsin,,,Big Ten,Big Ten,,Rose Bowl,
2026,7,regular,2026-10-17,UL Monroe,Louisiana Tech,,,Sun Belt,Sun Belt,,Malone Stadium,
2026,7,regular,2026-10-17,UTSA,Navy,,,American Athletic,American Athletic,,Alamodome,
2026,7,regular,2026-10-17,Vanderbilt,Arkansas,,,SEC,SEC,,FirstBank Stadium,
2026,7,regular,2026-10-17,Virginia Tech,Georgia Tech,,,ACC,ACC,,Lane Stadium,
2026,7,regular,2026-10-17,West Virginia,Cincinnati,,,Big 12,Big 12,,Milan Puskar Stadium,
2026,7,regular,2026-10-17,Wyoming,Northern Illinois,,,Mountain West,Mountain West,,War Memorial Stadium,
2026,7,regular,2026-10-18,San Diego State,Fresno State,,,Pac-12,Pac-12,,Snapdragon Stadium,
2026,7,regular,2026-10-18,UTEP,San José State,,,Mountain West,Mountain West,,Sun Bowl,
2026,8,regular,2026-10-20,Delaware,Missouri State,,,Conference USA,Conference USA,,Delaware Stadium,
2026,8,regular,2026-10-20,Florida International,Middle Tennessee,,,Conference USA,Conference USA,,Pitbull Stadium,
2026,8,regular,2026-10-20,Marshall,South Alabama,,,Sun Belt,Sun Belt,,Joan C. Edwards Stadium,
2026,8,regular,2026-10-22,App State,James Madison,,,Sun Belt,Sun Belt,,Kidd Brewer Stadium,
2026,8,regular,2026-10-22,Kennesaw State,Liberty,,,Conference USA,Conference USA,,Fifth Third Stadium,
2026,8,regular,2026-10-22,Memphis,East Carolina,,,American Athletic,American Athletic,,Simmons Bank Liberty Stadium,
2026,8,regular,2026-10-22,Sam Houston,New Mexico State,,,Conference USA,Conference USA,,Elliott T. Bowers Stadium,
2026,8,regular,2026-10-23,UConn,Massachusetts,,,FBS Independents,Mid-American,,Pratt & Whitney Stadium,
2026,8,regular,2026-10-23,Virginia,Duke,,,ACC,ACC,,Scott Stadium,
2026,8,regular,2026-10-24,Alabama,Texas A&M,,,SEC,SEC,,Bryant-Denny Stadium,
2026,8,regular,2026-10-24,Arizona,Iowa State,,,Big 12,Big 12,,Arizona Stadium,
2026,8,regular,2026-10-24,Arizona State,Kansas State,,,Big 12,Big 12,,Mountain America Stadium,
2026,8,regular,2026-10-24,Arkansas State,Georgia State,,,Sun Belt,Sun Belt,,Centennial Bank Stadium,
2026,8,regular,2026-10-24,Auburn,LSU,,,SEC,SEC,,Jordan-Hare Stadium,
2026,8,regular,2026-10-24,Ball State,Sacramento State,,,Mid-American,Mid-American,,Scheumann Stadium,
2026,8,regular,2026-10-24,Buffalo,Bowling Green,,,Mid-American,Mid-American,,UB Stadium,
2026,8,regular,2026-10-24,Central Michigan,Miami (OH),,,Mid-American,Mid-American,,Kelly/Shorts Stadium,
2026,8,regular,2026-10-24,Cincinnati,Texas Tech,,,Big 12,Big 12,,Nippert Stadium,
2026,8,regular,2026-10-24,Clemson,Virginia Tech,,,ACC,ACC,,"Memorial Stadium (Clemson, SC)",
2026,8,regular,2026-10-24,Colorado State,San Diego State,,,Pac-12,Pac-12,,Canvas Stadium,
2026,8,regular,2026-10-24,Florida Atlantic,Rice,,,American Athletic,American Athletic,,FAU Stadium,
2026,8,regular,2026-10-24,Georgia Tech,Boston College,,,ACC,ACC,,Bobby Dodd Stadium,
2026,8,regular,2026-10-24,Illinois,Oregon,,,Big Ten,Big Ten,,"Memorial Stadium (Champaign, IL)",
2026,8,regular,2026-10-24,Kansas,Baylor,,,Big 12,Big 12,,Memorial Stadium,
2026,8,regular,2026-10-24,Kent State,Akron,,,Mid-American,Mid-American,,Dix Stadium,
2026,8,regular,2026-10-24,Kentucky,Vanderbilt,,,SEC,SEC,,Kroger Field,
2026,8,regular,2026-10-24,Louisiana Tech,Old Dominion,,,Sun Belt,Sun Belt,,Joe Aillet Stadium,
2026,8,regular,2026-10-24,Miami,Pittsburgh,,,ACC,ACC,,Hard Rock Stadium,
2026,8,regular,2026-10-24,Michigan,Indiana,,,Big Ten,Big Ten,,Michigan Stadium,
2026,8,regular,2026-10-24,Minnesota,Iowa,,,Big Ten,Big Ten,,Huntington Bank Stadium,
2026,8,regular,2026-10-24,Mississippi State,Oklahoma,,,SEC,SEC,,Davis Wade Stadium,
2026,8,regular,2026-10-24,Navy,North Texas,,,American Athletic,American Athletic,,Navy-Marine Corps Memorial Stadium,
2026,8,regular,2026-10-24,Nevada,San José State,,,Mountain West,Mountain West,,Mackay Stadium,
2026,8,regular,2026-10-24,North Carolina,Syracuse,,,ACC,ACC,,Kenan Stadium,
2026,8,regular,2026-10-24,Northern Illinois,Hawai'i,,,Mountain West,Mountain West,,Huskie Stadium,
2026,8,regular,2026-10-24,Northwestern,Rutgers,,,Big Ten,Big Ten,,Ryan Field,
2026,8,regular,2026-10-24,Ohio,Eastern Michigan,,,Mid-American,Mid-American,,Peden Stadium,
2026,8,regular,2026-10-24,Oklahoma State,Colorado,,,Big 12,Big 12,,Boone Pickens Stadium,
2026,8,regular,2026-10-24,SMU,California,,,ACC,ACC,,Gerald J. Ford Stadium,
2026,8,regular,2026-10-24,South Carolina,Tennessee,,,SEC,SEC,,Williams-Brice Stadium,
2026,8,regular,2026-10-24,Southern Miss,Louisiana,,,Sun Belt,Sun Belt,,M. M. Roberts Stadium,
2026,8,regular,2026-10-24,Stanford,NC State,,,ACC,ACC,,Stanford Stadium,
2026,8,regular,2026-10-24,TCU,West Virginia,,,Big 12,Big 12,,Amon G. Carter Stadium,
2026,8,regular,2026-10-24,Texas,Ole Miss,,,SEC,SEC,,DKR-Texas Memorial Stadium,
2026,8,regular,2026-10-24,Texas State,Utah State,,,Pac-12,Pac-12,,Bobcat Stadium (TX),
2026,8,regular,2026-10-24,Toledo,Western Michigan,,,Mid-American,Mid-American,,Glass Bowl,
2026,8,regular,2026-10-24,Troy,UL Monroe,,,Sun Belt,Sun Belt,,Veterans Memorial Stadium (AL),
2026,8,regular,2026-10-24,Tulane,UTSA,,,American Athletic,American Athletic,,Yulman Stadium,
2026,8,regular,2026-10-24,Tulsa,Army,,,American Athletic,American Athletic,,Chapman Stadium,
2026,8,regular,2026-10-24,UCF,BYU,,,Big 12,Big 12,,FBC Mortgage Stadium,
2026,8,regular,2026-10-24,UCLA,Michigan State,,,Big Ten,Big Ten,,Rose Bowl,
2026,8,regular,2026-10-24,Utah,Houston,,,Big 12,Big 12,,Rice-Eccles Stadium,
2026,8,regular,2026-10-24,Washington State,Boise State,,,Pac-12,Pac-12,,Gesa Field,
2026,8,regular,2026-10-24,Wisconsin,USC,,,Big Ten,Big Ten,,Camp Randall Stadium,
2026,8,regular,2026-10-24,Wyoming,Air Force,,,Mountain West,Mountain West,,War Memorial Stadium,
2026,8,regular,2026-10-25,New Mexico,North Dakota State,,,Mountain West,Mountain West,,University Stadium (NM),
2026,9,regular,2026-10-27,Western Kentucky,Delaware,,,Conference USA,Conference USA,,Houchens Industries-L.T. Smith Stadium,
2026,9,regular,2026-10-28,Middle Tennessee,Kennesaw State,,,Conference USA,Conference USA,,"Johnny ""Red"" Floyd Stadium",
2026,9,regular,2026-10-28,Missouri State,Sam Houston,,,Conference USA,Conference USA,,Plaster Sports Complex,
2026,9,regular,2026-10-29,James Madison,Troy,,,Sun Belt,Sun Belt,,Bridgeforth Stadium,
2026,9,regular,2026-10-29,New Mexico State,Jacksonville State,,,Conference USA,Conference USA,,Aggie Memorial Stadium,
2026,9,regular,2026-10-29,North Texas,Florida Atlantic,,,American Athletic,American Athletic,,DATCU Stadium,
2026,9,regular,2026-10-30,Charlotte,Tulane,,,American Athletic,American Athletic,,Jerry Richardson Stadium,
2026,9,regular,2026-10-30,UCF,Baylor,,,Big 12,Big 12,,FBC Mortgage Stadium,
2026,9,regular,2026-10-31,Air Force,UConn,,,Mountain West,FBS Independents,,Falcon Stadium,
2026,9,regular,2026-10-31,Arkansas,Missouri,,,SEC,SEC,,Razorback Stadium,
2026,9,regular,2026-10-31,BYU,Arizona State,,,Big 12,Big 12,,LaVell Edwards Stadium,
2026,9,regular,2026-10-31,Cincinnati,Utah,,,Big 12,Big 12,,Nippert Stadium,
2026,9,regular,2026-10-31,Colorado,Kansas State,,,Big 12,Big 12,,Folsom Field,
2026,9,regular,2026-10-31,Duke,Boston College,,,ACC,ACC,,Wallace Wade Stadium,
2026,9,regular,2026-10-31,East Carolina,Temple,,,American Athletic,American Athletic,,Dowdy-Ficklen Stadium,
2026,9,regular,2026-10-31,Florida State,Clemson,,,ACC,ACC,,Doak Campbell Stadium,
2026,9,regular,2026-10-31,Fresno State,Oregon State,,,Pac-12,Pac-12,,Valley Children's Stadium,
2026,9,regular,2026-10-31,Georgia,Florida,,,SEC,SEC,1,Mercedes-Benz Stadium,
2026,9,regular,2026-10-31,Georgia Southern,App State,,,Sun Belt,Sun Belt,,Allen E. Paulson Stadium,
2026,9,regular,2026-10-31,Georgia State,Coastal Carolina,,,Sun Belt,Sun Belt,,Center Parc Stadium,
2026,9,regular,2026-10-31,Indiana,Minnesota,,,Big Ten,Big Ten,,"Memorial Stadium (Bloomington, IN)",
2026,9,regular,2026-10-31,Iowa,Wisconsin,,,Big Ten,Big Ten,,Kinnick Stadium,
2026,9,regular,2026-10-31,Iowa State,Oklahoma State,,,Big 12,Big 12,,Jack Trice Stadium,
2026,9,regular,2026-10-31,Liberty,Florida International,,,Conference USA,Conference USA,,Williams Stadium (VA),
2026,9,regular,2026-10-31,Louisville,Stanford,,,ACC,ACC,,L&N Federal Credit Union Stadium,
2026,9,regular,2026-10-31,Maryland,Illinois,,,Big Ten,Big Ten,,SECU Stadium,
2026,9,regular,2026-10-31,Memphis,Army,,,American Athletic,American Athletic,,Simmons Bank Liberty Stadium,
2026,9,regular,2026-10-31,NC State,California,,,ACC,ACC,,Carter-Finley Stadium,
2026,9,regular,2026-10-31,Navy,Notre Dame,,,American Athletic,FBS Independents,1,Gillette Stadium,
2026,9,regular,2026-10-31,Nebraska,Washington,,,Big Ten,Big Ten,,"Memorial Stadium (Lincoln, NE)",
2026,9,regular,2026-10-31,North Carolina,Miami,,,ACC,ACC,,Kenan Stadium,
2026,9,regular,2026-10-31,North Dakota State,UTEP,,,Mountain West,Mountain West,,Fargodome,
2026,9,regular,2026-10-31,Oklahoma,South Carolina,,,SEC,SEC,,"Memorial Stadium (Norman, OK)",
2026,9,regular,2026-10-31,Old Dominion,Marshall,,,Sun Belt,Sun Belt,,S.B. Ballard Stadium,
2026,9,regular,2026-10-31,Ole Miss,Auburn,,,SEC,SEC,,Vaught-Hemingway Stadium,
2026,9,regular,2026-10-31,Oregon,Northwestern,,,Big Ten,Big Ten,,Autzen Stadium,
2026,9,regular,2026-10-31,Penn State,Purdue,,,Big Ten,Big Ten,,Beaver Stadium,
2026,9,regular,2026-10-31,Pittsburgh,Georgia Tech,,,ACC,ACC,,Acrisure Stadium,
2026,9,regular,2026-10-31,Rutgers,Michigan,,,Big Ten,Big Ten,,SHI Stadium,
2026,9,regular,2026-10-31,Sacramento State,Kent State,,,Mid-American,Mid-American,,Hornet Stadium,
2026,9,regular,2026-10-31,San Diego State,Washington State,,,Pac-12,Pac-12,,Snapdragon Stadium,
2026,9,regular,2026-10-31,San José State,New Mexico,,,Mountain West,Mountain West,,CEFCU Stadium,
2026,9,regular,2026-10-31,South Alabama,Louisiana Tech,,,Sun Belt,Sun Belt,,Hancock Whitney Stadium,
2026,9,regular,2026-10-31,South Florida,UAB,,,American Athletic,American Athletic,,Raymond James Stadium,
2026,9,regular,2026-10-31,Syracuse,SMU,,,ACC,ACC,,JMA Wireless Dome,
2026,9,regular,2026-10-31,TCU,Kansas,,,Big 12,Big 12,,Amon G. Carter Stadium,
2026,9,regular,2026-10-31,Texas,Mississippi State,,,SEC,SEC,,DKR-Texas Memorial Stadium,
2026,9,regular,2026-10-31,Texas Tech,Arizona,,,Big 12,Big 12,,Jones AT&T Stadium,
2026,9,regular,2026-10-31,UCLA,Nevada,,,Big Ten,Mountain West,,Rose Bowl,
2026,9,regular,2026-10-31,UL Monroe,Southern Miss,,,Sun Belt,Sun Belt,,Malone Stadium,
2026,9,regular,2026-10-31,USC,Ohio State,,,Big Ten,Big Ten,,Los Angeles Memorial Coliseum,
2026,9,regular,2026-10-31,Utah State,Colorado State,,,Pac-12,Pac-12,,Maverik Stadium,
2026,9,regular,2026-10-31,Wake Forest,Virginia,,,ACC,ACC,,Allegacy Federal Credit Union Stadium,
2026,9,regular,2026-10-31,Western Michigan,Bowling Green,,,Mid-American,Mid-American,,Waldo Stadium,
2026,9,regular,2026-11-01,Boise State,Texas State,,,Pac-12,Pac-12,,Albertsons Stadium,
2026,9,regular,2026-11-01,UNLV,Northern Illinois,,,Mountain West,Mountain West,,Allegiant Stadium,
2026,10,regular,2026-11-04,Akron,Ohio,,,Mid-American,Mid-American,,InfoCision Stadium,
2026,10,regular,2026-11-04,Eastern Michigan,Central Michigan,,,Mid-American,Mid-American,1,Ford Field,
2026,10,regular,2026-11-04,Massachusetts,Ball State,,,Mid-American,Mid-American,,Warren McGuirk Alumni Stadium,
2026,10,regular,2026-11-04,Miami (OH),Buffalo,,,Mid-American,Mid-American,,Yager Stadium,
2026,10,regular,2026-11-04,Sacramento State,Toledo,,,Mid-American,Mid-American,,Hornet Stadium,
2026,10,regular,2026-11-06,Florida Atlantic,UTSA,,,American Athletic,American Athletic,,FAU Stadium,
2026,10,regular,2026-11-06,Southern Miss,James Madison,,,Sun Belt,Sun Belt,,M. M. Roberts Stadium,
2026,10,regular,2026-11-07,App State,Georgia State,,,Sun Belt,Sun Belt,,Kidd Brewer Stadium,
2026,10,regular,2026-11-07,Arizona,TCU,,,Big 12,Big 12,,Arizona Stadium,
2026,10,regular,2026-11-07,Arizona State,Colorado,,,Big 12,Big 12,,Mountain America Stadium,
2026,10,regular,2026-11-07,Arkansas State,UL Monroe,,,Sun Belt,Sun Belt,,Centennial Bank Stadium,
2026,10,regular,2026-11-07,Auburn,Arkansas,,,SEC,SEC,,Jordan-Hare Stadium,
2026,10,regular,2026-11-07,Baylor,Iowa State,,,Big 12,Big 12,,McLane Stadium,
2026,10,regular,2026-11-07,Boston College,Florida State,,,ACC,ACC,,"Alumni Stadium (Chestnut Hill, MA)",
2026,10,regular,2026-11-07,Coastal Carolina,Old Dominion,,,Sun Belt,Sun Belt,,Brooks Stadium (SC),
2026,10,regular,2026-11-07,Colorado State,Boise State,,,Pac-12,Pac-12,,Canvas Stadium,
2026,10,regular,2026-11-07,East Carolina,South Florida,,,American Athletic,American Athletic,,Dowdy-Ficklen Stadium,
2026,10,regular,2026-11-07,Florida,Oklahoma,,,SEC,SEC,,Ben Hill Griffin Stadium,
2026,10,regular,2026-11-07,Florida International,Missouri State,,,Conference USA,Conference USA,,Pitbull Stadium,
2026,10,regular,2026-11-07,Georgia Southern,Marshall,,,Sun Belt,Sun Belt,,Allen E. Paulson Stadium,
2026,10,regular,2026-11-07,Georgia Tech,Louisville,,,ACC,ACC,,Bobby Dodd Stadium,
2026,10,regular,2026-11-07,Houston,Cincinnati,,,Big 12,Big 12,,TDECU Stadium,
2026,10,regular,2026-11-07,Illinois,Nebraska,,,Big Ten,Big Ten,,"Memorial Stadium (Champaign, IL)",
2026,10,regular,2026-11-07,Kansas,UCF,,,Big 12,Big 12,,Memorial Stadium,
2026,10,regular,2026-11-07,Kansas State,Oklahoma State,,,Big 12,Big 12,,Bill Snyder Family Stadium,
2026,10,regular,2026-11-07,Kennesaw State,Delaware,,,Conference USA,Conference USA,,Fifth Third Stadium,
2026,10,regular,2026-11-07,LSU,Alabama,,,SEC,SEC,,Tiger Stadium (LA),
2026,10,regular,2026-11-07,Louisiana,South Alabama,,,Sun Belt,Sun Belt,,Cajun Field,
2026,10,regular,2026-11-07,Michigan,Michigan State,,,Big Ten,Big Ten,,Michigan Stadium,
2026,10,regular,2026-11-07,Middle Tennessee,Western Kentucky,,,Conference USA,Conference USA,,"Johnny ""Red"" Floyd Stadium",
2026,10,regular,2026-11-07,Minnesota,UCLA,,,Big Ten,Big Ten,,Huntington Bank Stadium,
2026,10,regular,2026-11-07,Mississippi State,Vanderbilt,,,SEC,SEC,,Davis Wade Stadium,
2026,10,regular,2026-11-07,Missouri,Texas,,,SEC,SEC,,Memorial Stadium,
2026,10,regular,2026-11-07,NC State,Duke,,,ACC,ACC,,Carter-Finley Stadium,
2026,10,regular,2026-11-07,Navy,Temple,,,American Athletic,American Athletic,,Navy-Marine Corps Memorial Stadium,
2026,10,regular,2026-11-07,Nevada,New Mexico,,,Mountain West,Mountain West,,Mackay Stadium,
2026,10,regular,2026-11-07,New Mexico State,Liberty,,,Conference USA,Conference USA,,Aggie Memorial Stadium,
2026,10,regular,2026-11-07,North Texas,Rice,,,American Athletic,American Athletic,,DATCU Stadium,
2026,10,regular,2026-11-07,Northwestern,Iowa,,,Big Ten,Big Ten,,Ryan Field,
2026,10,regular,2026-11-07,Ohio State,Oregon,,,Big Ten,Big Ten,,Ohio Stadium,
2026,10,regular,2026-11-07,Ole Miss,Georgia,,,SEC,SEC,,Vaught-Hemingway Stadium,
2026,10,regular,2026-11-07,Purdue,Maryland,,,Big Ten,Big Ten,,Ross-Ade Stadium,
2026,10,regular,2026-11-07,SMU,Virginia Tech,,,ACC,ACC,,Gerald J. Ford Stadium,
2026,10,regular,2026-11-07,San José State,Northern Illinois,,,Mountain West,Mountain West,,CEFCU Stadium,
2026,10,regular,2026-11-07,South Carolina,Texas A&M,,,SEC,SEC,,Williams-Brice Stadium,
2026,10,regular,2026-11-07,Syracuse,Clemson,,,ACC,ACC,,JMA Wireless Dome,
2026,10,regular,2026-11-07,Tennessee,Kentucky,,,SEC,SEC,,Neyland Stadium,
2026,10,regular,2026-11-07,Texas Tech,West Virginia,,,Big 12,Big 12,,Jones AT&T Stadium,
2026,10,regular,2026-11-07,Troy,Louisiana Tech,,,Sun Belt,Sun Belt,,Veterans Memorial Stadium (AL),
2026,10,regular,2026-11-07,Tulane,Tulsa,,,American Athletic,American Athletic,,Yulman Stadium,
2026,10,regular,2026-11-07,UAB,Charlotte,,,American Athletic,American Athletic,,Protective Stadium,
2026,10,regular,2026-11-07,UConn,North Carolina,,,FBS Independents,ACC,,Pratt & Whitney Stadium,
2026,10,regular,2026-11-07,UTEP,Hawai'i,,,Mountain West,Mountain West,,Sun Bowl,
2026,10,regular,2026-11-07,Utah,BYU,,,Big 12,Big 12,,Rice-Eccles Stadium,
2026,10,regular,2026-11-07,Wake Forest,Merrimack,,,ACC,FCS Independents,,Allegacy Federal Credit Union Stadium,
2026,10,regular,2026-11-07,Washington,Penn State,,,Big Ten,Big Ten,,Husky Stadium,
2026,10,regular,2026-11-07,Wisconsin,Rutgers,,,Big Ten,Big Ten,,Camp Randall Stadium,
2026,10,regular,2026-11-08,Army,Air Force,,,American Athletic,Mountain West,,Michie Stadium,
2026,10,regular,2026-11-08,Jacksonville State,Sam Houston,,,Conference USA,Conference USA,,AmFirst Stadium,
2026,10,regular,2026-11-08,Notre Dame,Miami,,,FBS Independents,ACC,,Notre Dame Stadium,
2026,10,regular,2026-11-08,Oregon State,Texas State,,,Pac-12,Pac-12,,Reser Stadium,
2026,10,regular,2026-11-08,UNLV,Wyoming,,,Mountain West,Mountain West,,Allegiant Stadium,
2026,10,regular,2026-11-08,Utah State,Fresno State,,,Pac-12,Pac-12,,Maverik Stadium,
2026,11,regular,2026-11-11,Akron,Western Michigan,,,Mid-American,Mid-American,,InfoCision Stadium,
2026,11,regular,2026-11-11,Ball State,Buffalo,,,Mid-American,Mid-American,,Scheumann Stadium,
2026,11,regular,2026-11-11,Bowling Green,Kent State,,,Mid-American,Mid-American,,Doyt L. Perry Stadium,
2026,11,regular,2026-11-11,Central Michigan,Sacramento State,,,Mid-American,Mid-American,,Kelly/Shorts Stadium,
2026,11,regular,2026-11-11,Miami (OH),Ohio,,,Mid-American,Mid-American,,Yager Stadium,
2026,11,regular,2026-11-11,Toledo,Massachusetts,,,Mid-American,Mid-American,,Glass Bowl,
2026,11,regular,2026-11-13,South Florida,Memphis,,,American Athletic,American Athletic,,Raymond James Stadium,
2026,11,regular,2026-11-13,UL Monroe,Louisiana,,,Sun Belt,Sun Belt,,Malone Stadium,
2026,11,regular,2026-11-14,Arizona,Utah,,,Big 12,Big 12,,Arizona Stadium,
2026,11,regular,2026-11-14,Arkansas,South Carolina,,,SEC,SEC,,Razorback Stadium,
2026,11,regular,2026-11-14,BYU,Baylor,,,Big 12,Big 12,,LaVell Edwards Stadium,
2026,11,regular,2026-11-14,Boise State,Oregon State,,,Pac-12,Pac-12,,Albertsons Stadium,
2026,11,regular,2026-11-14,Charlotte,East Carolina,,,American Athletic,American Athletic,,Jerry Richardson Stadium,
2026,11,regular,2026-11-14,Clemson,Georgia Tech,,,ACC,ACC,,"Memorial Stadium (Clemson, SC)",
2026,11,regular,2026-11-14,Coastal Carolina,Arkansas State,,,Sun Belt,Sun Belt,,Brooks Stadium (SC),
2026,11,regular,2026-11-14,Colorado,Houston,,,Big 12,Big 12,,Folsom Field,
2026,11,regular,2026-11-14,Delaware,Florida International,,,Conference USA,Conference USA,,Delaware Stadium,
2026,11,regular,2026-11-14,Georgia,Missouri,,,SEC,SEC,,Sanford Stadium,
2026,11,regular,2026-11-14,Georgia State,Georgia Southern,,,Sun Belt,Sun Belt,,Center Parc Stadium,
2026,11,regular,2026-11-14,Indiana,USC,,,Big Ten,Big Ten,,"Memorial Stadium (Bloomington, IN)",
2026,11,regular,2026-11-14,Iowa,Purdue,,,Big Ten,Big Ten,,Kinnick Stadium,
2026,11,regular,2026-11-14,Iowa State,Cincinnati,,,Big 12,Big 12,,Jack Trice Stadium,
2026,11,regular,2026-11-14,Kentucky,Florida,,,SEC,SEC,,Kroger Field,
2026,11,regular,2026-11-14,LSU,Texas,,,SEC,SEC,,Tiger Stadium (LA),
2026,11,regular,2026-11-14,Liberty,Middle Tennessee,,,Conference USA,Conference USA,,Williams Stadium (VA),
2026,11,regular,2026-11-14,Louisiana Tech,Southern Miss,,,Sun Belt,Sun Belt,,Joe Aillet Stadium,
2026,11,regular,2026-11-14,Marshall,App State,,,Sun Belt,Sun Belt,,Joan C. Edwards Stadium,
2026,11,regular,2026-11-14,Maryland,Wisconsin,,,Big Ten,Big Ten,,SECU Stadium,
2026,11,regular,2026-11-14,Miami,Duke,,,ACC,ACC,,Hard Rock Stadium,
2026,11,regular,2026-11-14,Michigan State,Washington,,,Big Ten,Big Ten,,Spartan Stadium,
2026,11,regular,2026-11-14,Mississippi State,Auburn,,,SEC,SEC,,Davis Wade Stadium,
2026,11,regular,2026-11-14,Missouri State,New Mexico State,,,Conference USA,Conference USA,,Plaster Sports Complex,
2026,11,regular,2026-11-14,NC State,Syracuse,,,ACC,ACC,,Carter-Finley Stadium,
2026,11,regular,2026-11-14,North Carolina,Louisville,,,ACC,ACC,,Kenan Stadium,
2026,11,regular,2026-11-14,Northern Illinois,Nevada,,,Mountain West,Mountain West,,Huskie Stadium,
2026,11,regular,2026-11-14,Notre Dame,Boston College,,,FBS Independents,ACC,,Notre Dame Stadium,
2026,11,regular,2026-11-14,Ohio State,Northwestern,,,Big Ten,Big Ten,,Ohio Stadium,
2026,11,regular,2026-11-14,Oklahoma,Ole Miss,,,SEC,SEC,,"Memorial Stadium (Norman, OK)",
2026,11,regular,2026-11-14,Oklahoma State,Texas Tech,,,Big 12,Big 12,,Boone Pickens Stadium,
2026,11,regular,2026-11-14,Oregon,Michigan,,,Big Ten,Big Ten,,Autzen Stadium,
2026,11,regular,2026-11-14,Penn State,Minnesota,,,Big Ten,Big Ten,,Beaver Stadium,
2026,11,regular,2026-11-14,Pittsburgh,Florida State,,,ACC,ACC,,Acrisure Stadium,
2026,11,regular,2026-11-14,Rice,Tulane,,,American Athletic,American Athletic,,Rice Stadium,
2026,11,regular,2026-11-14,Rutgers,Nebraska,,,Big Ten,Big Ten,,SHI Stadium,
2026,11,regular,2026-11-14,SMU,Wake Forest,,,ACC,ACC,,Gerald J. Ford Stadium,
2026,11,regular,2026-11-14,Sam Houston,Kennesaw State,,,Conference USA,Conference USA,,Elliott T. Bowers Stadium,
2026,11,regular,2026-11-14,South Alabama,Troy,,,Sun Belt,Sun Belt,,Hancock Whitney Stadium,
2026,11,regular,2026-11-14,TCU,Kansas State,,,Big 12,Big 12,,Amon G. Carter Stadium,
2026,11,regular,2026-11-14,Temple,UAB,,,American Athletic,American Athletic,,Lincoln Financial Field,
2026,11,regular,2026-11-14,Texas A&M,Tennessee,,,SEC,SEC,,Kyle Field,
2026,11,regular,2026-11-14,Texas State,Fresno State,,,Pac-12,Pac-12,,Bobcat Stadium (TX),
2026,11,regular,2026-11-14,Tulsa,Florida Atlantic,,,American Athletic,American Athletic,,Chapman Stadium,
2026,11,regular,2026-11-14,UCF,Arizona State,,,Big 12,Big 12,,FBC Mortgage Stadium,
2026,11,regular,2026-11-14,UCLA,Illinois,,,Big Ten,Big Ten,,Rose Bowl,
2026,11,regular,2026-11-14,UConn,James Madison,,,FBS Independents,Sun Belt,,Pratt & Whitney Stadium,
2026,11,regular,2026-11-14,UTEP,Wyoming,,,Mountain West,Mountain West,,Sun Bowl,
2026,11,regular,2026-11-14,UTSA,North Texas,,,American Athletic,American Athletic,,Alamodome,
2026,11,regular,2026-11-14,Vanderbilt,Alabama,,,SEC,SEC,,FirstBank Stadium,
2026,11,regular,2026-11-14,Virginia,California,,,ACC,ACC,,Scott Stadium,
2026,11,regular,2026-11-14,Virginia Tech,Stanford,,,ACC,ACC,,Lane Stadium,
2026,11,regular,2026-11-14,West Virginia,Kansas,,,Big 12,Big 12,,Milan Puskar Stadium,
2026,11,regular,2026-11-14,Western Kentucky,Jacksonville State,,,Conference USA,Conference USA,,Houchens Industries-L.T. Smith Stadium,
2026,11,regular,2026-11-15,Air Force,San José State,,,Mountain West,Mountain West,,Falcon Stadium,
2026,11,regular,2026-11-15,Hawai'i,North Dakota State,,,Mountain West,Mountain West,,Clarence T.C. Ching Athletics Complex,
2026,11,regular,2026-11-15,New Mexico,UNLV,,,Mountain West,Mountain West,,University Stadium (NM),
2026,11,regular,2026-11-15,San Diego State,Utah State,,,Pac-12,Pac-12,,Snapdragon Stadium,
2026,11,regular,2026-11-15,Washington State,Colorado State,,,Pac-12,Pac-12,,Gesa Field,
2026,12,regular,2026-11-18,Buffalo,Central Michigan,,,Mid-American,Mid-American,,UB Stadium,
2026,12,regular,2026-11-18,Kent State,Miami (OH),,,Mid-American,Mid-American,,Dix Stadium,
2026,12,regular,2026-11-18,Massachusetts,Akron,,,Mid-American,Mid-American,,Warren McGuirk Alumni Stadium,
2026,12,regular,2026-11-18,Ohio,Ball State,,,Mid-American,Mid-American,,Peden Stadium,
2026,12,regular,2026-11-18,Western Michigan,Eastern Michigan,,,Mid-American,Mid-American,,Waldo Stadium,
2026,12,regular,2026-11-20,Temple,Rice,,,American Athletic,American Athletic,,Lincoln Financial Field,
2026,12,regular,2026-11-20,UCF,Iowa State,,,Big 12,Big 12,,FBC Mortgage Stadium,
2026,12,regular,2026-11-21,Air Force,UTEP,,,Mountain West,Mountain West,,Falcon Stadium,
2026,12,regular,2026-11-21,Alabama,Chattanooga,,,SEC,Southern,,Bryant-Denny Stadium,
2026,12,regular,2026-11-21,App State,UL Monroe,,,Sun Belt,Sun Belt,,Kidd Brewer Stadium,
2026,12,regular,2026-11-21,Arizona State,Oklahoma State,,,Big 12,Big 12,,Mountain America Stadium,
2026,12,regular,2026-11-21,Army,East Carolina,,,American Athletic,American Athletic,,Michie Stadium,
2026,12,regular,2026-11-21,Auburn,Samford,,,SEC,Southern,,Jordan-Hare Stadium,
2026,12,regular,2026-11-21,Baylor,Texas Tech,,,Big 12,Big 12,,McLane Stadium,
2026,12,regular,2026-11-21,Boston College,Syracuse,,,ACC,ACC,,"Alumni Stadium (Chestnut Hill, MA)",
2026,12,regular,2026-11-21,California,Stanford,,,ACC,ACC,,California Memorial Stadium,
2026,12,regular,2026-11-21,Cincinnati,Colorado,,,Big 12,Big 12,,Nippert Stadium,
2026,12,regular,2026-11-21,Duke,Clemson,,,ACC,ACC,,Wallace Wade Stadium,
2026,12,regular,2026-11-21,Florida,Vanderbilt,,,SEC,SEC,,Ben Hill Griffin Stadium,
2026,12,regular,2026-11-21,Florida Atlantic,South Florida,,,American Athletic,American Athletic,,FAU Stadium,
2026,12,regular,2026-11-21,Florida State,NC State,,,ACC,ACC,,Doak Campbell Stadium,
2026,12,regular,2026-11-21,Georgia Tech,Wake Forest,,,ACC,ACC,,Bobby Dodd Stadium,
2026,12,regular,2026-11-21,Illinois,Iowa,,,Big Ten,Big Ten,,"Memorial Stadium (Champaign, IL)",
2026,12,regular,2026-11-21,Jacksonville State,Missouri State,,,Conference USA,Conference USA,,AmFirst Stadium,
2026,12,regular,2026-11-21,Kansas,BYU,,,Big 12,Big 12,,Memorial Stadium,
2026,12,regular,2026-11-21,Kansas State,Arizona,,,Big 12,Big 12,,Bill Snyder Family Stadium,
2026,12,regular,2026-11-21,Kennesaw State,Florida International,,,Conference USA,Conference USA,,Fifth Third Stadium,
2026,12,regular,2026-11-21,Liberty,Western Kentucky,,,Conference USA,Conference USA,,Williams Stadium (VA),
2026,12,regular,2026-11-21,Louisiana,Coastal Carolina,,,Sun Belt,Sun Belt,,Cajun Field,
2026,12,regular,2026-11-21,Louisiana Tech,Arkansas State,,,Sun Belt,Sun Belt,,Joe Aillet Stadium,
2026,12,regular,2026-11-21,Louisville,Pittsburgh,,,ACC,ACC,,L&N Federal Credit Union Stadium,
2026,12,regular,2026-11-21,Marshall,Georgia State,,,Sun Belt,Sun Belt,,Joan C. Edwards Stadium,
2026,12,regular,2026-11-21,Miami,Virginia Tech,,,ACC,ACC,,Hard Rock Stadium,
2026,12,regular,2026-11-21,Michigan,UCLA,,,Big Ten,Big Ten,,Michigan Stadium,
2026,12,regular,2026-11-21,Michigan State,Oregon,,,Big Ten,Big Ten,,Spartan Stadium,
2026,12,regular,2026-11-21,Minnesota,Northwestern,,,Big Ten,Big Ten,,Huntington Bank Stadium,
2026,12,regular,2026-11-21,Mississippi State,Tennessee Tech,,,SEC,Southern,,Davis Wade Stadium,
2026,12,regular,2026-11-21,Missouri,Kentucky,,,SEC,SEC,,Memorial Stadium,
2026,12,regular,2026-11-21,Navy,Memphis,,,American Athletic,American Athletic,,Navy-Marine Corps Memorial Stadium,
2026,12,regular,2026-11-21,Nebraska,Ohio State,,,Big Ten,Big Ten,,"Memorial Stadium (Lincoln, NE)",
2026,12,regular,2026-11-21,Nevada,Hawai'i,,,Mountain West,Mountain West,,Mackay Stadium,
2026,12,regular,2026-11-21,New Mexico State,Delaware,,,Conference USA,Conference USA,,Aggie Memorial Stadium,
2026,12,regular,2026-11-21,North Dakota State,Northern Illinois,,,Mountain West,Mountain West,,Fargodome,
2026,12,regular,2026-11-21,Oklahoma,Texas A&M,,,SEC,SEC,,"Memorial Stadium (Norman, OK)",
2026,12,regular,2026-11-21,Ole Miss,Wofford,,,SEC,Southern,,Vaught-Hemingway Stadium,
2026,12,regular,2026-11-21,Penn State,Rutgers,,,Big Ten,Big Ten,,Beaver Stadium,
2026,12,regular,2026-11-21,Purdue,Wisconsin,,,Big Ten,Big Ten,,Ross-Ade Stadium,
2026,12,regular,2026-11-21,Sam Houston,Middle Tennessee,,,Conference USA,Conference USA,,Elliott T. Bowers Stadium,
2026,12,regular,2026-11-21,South Carolina,Georgia,,,SEC,SEC,,Williams-Brice Stadium,
2026,12,regular,2026-11-21,Southern Miss,South Alabama,,,Sun Belt,Sun Belt,,M. M. Roberts Stadium,
2026,12,regular,2026-11-21,TCU,Utah,,,Big 12,Big 12,,Amon G. Carter Stadium,
2026,12,regular,2026-11-21,Tennessee,LSU,,,SEC,SEC,,Neyland Stadium,
2026,12,regular,2026-11-21,Texas,Arkansas,,,SEC,SEC,,DKR-Texas Memorial Stadium,
2026,12,regular,2026-11-21,Texas State,Washington State,,,Pac-12,Pac-12,,Bobcat Stadium (TX),
2026,12,regular,2026-11-21,Toledo,Bowling Green,,,Mid-American,Mid-American,,Glass Bowl,
2026,12,regular,2026-11-21,Troy,Georgia Southern,,,Sun Belt,Sun Belt,,Veterans Memorial Stadium (AL),
2026,12,regular,2026-11-21,Tulane,North Texas,,,American Athletic,American Athletic,,Yulman Stadium,
2026,12,regular,2026-11-21,Tulsa,Charlotte,,,American Athletic,American Athletic,,Chapman Stadium,
2026,12,regular,2026-11-21,UAB,UTSA,,,American Athletic,American Athletic,,Protective Stadium,
2026,12,regular,2026-11-21,UConn,Old Dominion,,,FBS Independents,Sun Belt,,Pratt & Whitney Stadium,
2026,12,regular,2026-11-21,USC,Maryland,,,Big Ten,Big Ten,,Los Angeles Memorial Coliseum,
2026,12,regular,2026-11-21,Virginia,North Carolina,,,ACC,ACC,,Scott Stadium,
2026,12,regular,2026-11-21,Washington,Indiana,,,Big Ten,Big Ten,,Husky Stadium,
2026,12,regular,2026-11-21,West Virginia,Houston,,,Big 12,Big 12,,Milan Puskar Stadium,
2026,12,regular,2026-11-22,Boise State,San Diego State,,,Pac-12,Pac-12,,Albertsons Stadium,
2026,12,regular,2026-11-22,Fresno State,Colorado State,,,Pac-12,Pac-12,,Valley Children's Stadium,
2026,12,regular,2026-11-22,Notre Dame,SMU,,,FBS Independents,ACC,,Notre Dame Stadium,
2026,12,regular,2026-11-22,Oregon State,Utah State,,,Pac-12,Pac-12,,Reser Stadium,
2026,12,regular,2026-11-22,San José State,UNLV,,,Mountain West,Mountain West,,CEFCU Stadium,
2026,12,regular,2026-11-22,Wyoming,New Mexico,,,Mountain West,Mountain West,,War Memorial Stadium,
2026,13,regular,2026-11-24,Western Michigan,Miami (OH),,,Mid-American,Mid-American,,Waldo Stadium,
2026,13,regular,2026-11-25,Eastern Michigan,Kent State,,,Mid-American,Mid-American,,Rynearson Stadium,
2026,13,regular,2026-11-27,Akron,Buffalo,,,Mid-American,Mid-American,,InfoCision Stadium,
2026,13,regular,2026-11-27,East Carolina,Florida Atlantic,,,American Athletic,American Athletic,,Dowdy-Ficklen Stadium,
2026,13,regular,2026-11-27,Florida State,Florida,,,ACC,SEC,,Doak Campbell Stadium,
2026,13,regular,2026-11-27,Iowa,Nebraska,,,Big Ten,Big Ten,,Kinnick Stadium,
2026,13,regular,2026-11-27,Memphis,Temple,,,American Athletic,American Athletic,,Simmons Bank Liberty Stadium,
2026,13,regular,2026-11-27,Ohio,Toledo,,,Mid-American,Mid-American,,Peden Stadium,
2026,13,regular,2026-11-27,Ole Miss,Mississippi State,,,SEC,SEC,,Vaught-Hemingway Stadium,
2026,13,regular,2026-11-27,San José State,North Dakota State,,,Mountain West,Mountain West,,CEFCU Stadium,
2026,13,regular,2026-11-27,South Alabama,App State,,,Sun Belt,Sun Belt,,Hancock Whitney Stadium,
2026,13,regular,2026-11-27,South Florida,Tulane,,,American Athletic,American Athletic,,Raymond James Stadium,
2026,13,regular,2026-11-27,Texas Tech,TCU,,,Big 12,Big 12,,Jones AT&T Stadium,
2026,13,regular,2026-11-28,Alabama,Auburn,,,SEC,SEC,,Bryant-Denny Stadium,
2026,13,regular,2026-11-28,Arizona,Arizona State,,,Big 12,Big 12,,Arizona Stadium,
2026,13,regular,2026-11-28,Arkansas,LSU,,,SEC,SEC,,Razorback Stadium,
2026,13,regular,2026-11-28,Arkansas State,Troy,,,Sun Belt,Sun Belt,,Centennial Bank Stadium,
2026,13,regular,2026-11-28,BYU,Cincinnati,,,Big 12,Big 12,,LaVell Edwards Stadium,
2026,13,regular,2026-11-28,Ball State,Central Michigan,,,Mid-American,Mid-American,,Scheumann Stadium,
2026,13,regular,2026-11-28,Bowling Green,Massachusetts,,,Mid-American,Mid-American,,Doyt L. Perry Stadium,
2026,13,regular,2026-11-28,California,Pittsburgh,,,ACC,ACC,,California Memorial Stadium,
2026,13,regular,2026-11-28,Charlotte,Navy,,,American Athletic,American Athletic,,Jerry Richardson Stadium,
2026,13,regular,2026-11-28,Clemson,South Carolina,,,ACC,SEC,,"Memorial Stadium (Clemson, SC)",
2026,13,regular,2026-11-28,Colorado,UCF,,,Big 12,Big 12,,Folsom Field,
2026,13,regular,2026-11-28,Delaware,Jacksonville State,,,Conference USA,Conference USA,,Delaware Stadium,
2026,13,regular,2026-11-28,Florida International,Sam Houston,,,Conference USA,Conference USA,,Pitbull Stadium,
2026,13,regular,2026-11-28,Georgia,Georgia Tech,,,SEC,ACC,,Sanford Stadium,
2026,13,regular,2026-11-28,Georgia Southern,Louisiana Tech,,,Sun Belt,Sun Belt,,Allen E. Paulson Stadium,
2026,13,regular,2026-11-28,Georgia State,Louisiana,,,Sun Belt,Sun Belt,,Center Parc Stadium,
2026,13,regular,2026-11-28,Houston,Baylor,,,Big 12,Big 12,,TDECU Stadium,
2026,13,regular,2026-11-28,Indiana,Purdue,,,Big Ten,Big Ten,,"Memorial Stadium (Bloomington, IN)",
2026,13,regular,2026-11-28,Iowa State,Kansas State,,,Big 12,Big 12,,Jack Trice Stadium,
2026,13,regular,2026-11-28,James Madison,Coastal Carolina,,,Sun Belt,Sun Belt,,Bridgeforth Stadium,
2026,13,regular,2026-11-28,Kentucky,Louisville,,,SEC,ACC,,Kroger Field,
2026,13,regular,2026-11-28,Maryland,Penn State,,,Big Ten,Big Ten,,SECU Stadium,
2026,13,regular,2026-11-28,Miami,Boston College,,,ACC,ACC,,Hard Rock Stadium,
2026,13,regular,2026-11-28,Middle Tennessee,New Mexico State,,,Conference USA,Conference USA,,"Johnny ""Red"" Floyd Stadium",
2026,13,regular,2026-11-28,Missouri,Oklahoma,,,SEC,SEC,,Memorial Stadium,
2026,13,regular,2026-11-28,Missouri State,Liberty,,,Conference USA,Conference USA,,Plaster Sports Complex,
2026,13,regular,2026-11-28,New Mexico,Air Force,,,Mountain West,Mountain West,,University Stadium (NM),
2026,13,regular,2026-11-28,North Carolina,NC State,,,ACC,ACC,,Kenan Stadium,
2026,13,regular,2026-11-28,North Texas,UAB,,,American Athletic,American Athletic,,DATCU Stadium,
2026,13,regular,2026-11-28,Northern Illinois,UTEP,,,Mountain West,Mountain West,,Huskie Stadium,
2026,13,regular,2026-11-28,Northwestern,Illinois,,,Big Ten,Big Ten,,Ryan Field,
2026,13,regular,2026-11-28,Ohio State,Michigan,,,Big Ten,Big Ten,,Ohio Stadium,
2026,13,regular,2026-11-28,Oklahoma State,Kansas,,,Big 12,Big 12,,Boone Pickens Stadium,
2026,13,regular,2026-11-28,Old Dominion,Southern Miss,,,Sun Belt,Sun Belt,,S.B. Ballard Stadium,
2026,13,regular,2026-11-28,Oregon,Washington,,,Big Ten,Big Ten,,Autzen Stadium,
2026,13,regular,2026-11-28,Rice,Army,,,American Athletic,American Athletic,,Rice Stadium,
2026,13,regular,2026-11-28,Rutgers,Michigan State,,,Big Ten,Big Ten,,SHI Stadium,
2026,13,regular,2026-11-28,Stanford,SMU,,,ACC,ACC,,Stanford Stadium,
2026,13,regular,2026-11-28,Syracuse,Notre Dame,,,ACC,FBS Independents,,JMA Wireless Dome,
2026,13,regular,2026-11-28,Texas A&M,Texas,,,SEC,SEC,,Kyle Field,
2026,13,regular,2026-11-28,UCLA,USC,,,Big Ten,Big Ten,,Rose Bowl,
2026,13,regular,2026-11-28,UL Monroe,Marshall,,,Sun Belt,Sun Belt,,Malone Stadium,
2026,13,regular,2026-11-28,UTSA,Tulsa,,,American Athletic,American Athletic,,Alamodome,
2026,13,regular,2026-11-28,Utah,West Virginia,,,Big 12,Big 12,,Rice-Eccles Stadium,
2026,13,regular,2026-11-28,Vanderbilt,Tennessee,,,SEC,SEC,,FirstBank Stadium,
2026,13,regular,2026-11-28,Virginia Tech,Virginia,,,ACC,ACC,,Lane Stadium,
2026,13,regular,2026-11-28,Wake Forest,Duke,,,ACC,ACC,,Allegacy Federal Credit Union Stadium,
2026,13,regular,2026-11-28,Western Kentucky,Kennesaw State,,,Conference USA,Conference USA,,Houchens Industries-L.T. Smith Stadium,
2026,13,regular,2026-11-28,Wisconsin,Minnesota,,,Big Ten,Big Ten,,Camp Randall Stadium,
2026,13,regular,2026-11-28,Wyoming,UConn,,,Mountain West,FBS Independents,,War Memorial Stadium,
2026,13,regular,2026-11-29,Hawai'i,Sacramento State,,,Mountain West,Mid-American,,Clarence T.C. Ching Athletics Complex,
2026,13,regular,2026-11-29,UNLV,Nevada,,,Mountain West,Mountain West,,Allegiant Stadium,
2026,15,regular,2026-12-12,Army,Navy,,,American Athletic,American Athletic,1,MetLife Stadium,
