Stagione,Settimana,Tipo,Data,Ora,Casa,Ospite,PuntiCasa,PuntiOspite,Stadio,Copertura,Superficie,Temperatura,Vento
2022,1,REG,2022-09-08,20:20,LA,BUF,10,31,SoFi Stadium,dome,matrixturf,,
2022,1,REG,2022-09-11,16:25,ARI,KC,21,44,State Farm Stadium,closed,grass,,
2022,1,REG,2022-09-11,13:00,ATL,NO,26,27,Mercedes-Benz Stadium,closed,fieldturf,,
2022,1,REG,2022-09-11,13:00,CAR,CLE,24,26,Bank of America Stadium,outdoors,grass,,
2022,1,REG,2022-09-11,13:00,CHI,SF,19,10,Soldier Field,outdoors,grass,,
2022,1,REG,2022-09-11,13:00,CIN,PIT,20,23,Paycor Stadium,outdoors,fieldturf,,
2022,1,REG,2022-09-11,20:20,DAL,TB,3,19,AT&T Stadium,closed,matrixturf,,
2022,1,REG,2022-09-11,13:00,DET,PHI,35,38,Ford Field,dome,fieldturf,,
2022,1,REG,2022-09-11,13:00,HOU,IND,20,20,NRG Stadium,closed,astroturf,,
2022,1,REG,2022-09-11,16:25,LAC,LV,24,19,SoFi Stadium,dome,matrixturf,,
2022,1,REG,2022-09-11,13:00,MIA,NE,20,7,Hard Rock Stadium,outdoors,grass,,
2022,1,REG,2022-09-11,16:25,MIN,GB,23,7,U.S. Bank Stadium,dome,sportturf,,
2022,1,REG,2022-09-11,13:00,NYJ,BAL,9,24,MetLife Stadium,outdoors,fieldturf,,
2022,1,REG,2022-09-11,16:25,TEN,NYG,20,21,Nissan Stadium,outdoors,grass,,
2022,1,REG,2022-09-11,13:00,WAS,JAX,28,22,FedExField,outdoors,grass,,
2022,1,REG,2022-09-12,20:15,SEA,DEN,17,16,Lumen Field,outdoors,fieldturf,,
2022,2,REG,2022-09-15,20:15,KC,LAC,27,24,GEHA Field at Arrowhead Stadium,outdoors,grass,,
2022,2,REG,2022-09-18,13:00,BAL,MIA,38,42,M&T Bank Stadium,outdoors,grass,,
2022,2,REG,2022-09-18,13:00,CLE,NYJ,30,31,FirstEnergy Stadium,outdoors,grass,,
2022,2,REG,2022-09-18,16:25,DAL,CIN,20,17,AT&T Stadium,closed,matrixturf,,
2022,2,REG,2022-09-18,16:25,DEN,HOU,16,9,Empower Field at Mile High,outdoors,grass,,
2022,2,REG,2022-09-18,13:00,DET,WAS,36,27,Ford Field,dome,fieldturf,,
2022,2,REG,2022-09-18,20:20,GB,CHI,27,10,Lambeau Field,outdoors,grass,,
2022,2,REG,2022-09-18,13:00,JAX,IND,24,0,TIAA Bank Stadium,outdoors,grass,,
2022,2,REG,2022-09-18,16:05,LA,ATL,31,27,SoFi Stadium,dome,matrixturf,,
2022,2,REG,2022-09-18,16:25,LV,ARI,23,29,Allegiant Stadium,dome,grass,,
2022,2,REG,2022-09-18,13:00,NO,TB,10,20,Mercedes-Benz Superdome,dome,sportturf,,
2022,2,REG,2022-09-18,13:00,NYG,CAR,19,16,MetLife Stadium,outdoors,fieldturf,,
2022,2,REG,2022-09-18,13:00,PIT,NE,14,17,Acrisure Stadium,outdoors,grass,,
2022,2,REG,2022-09-18,16:05,SF,SEA,27,7,Levi's Stadium,outdoors,grass,,
2022,2,REG,2022-09-19,19:15,BUF,TEN,41,7,New Era Field,outdoors,a_turf,,
2022,2,REG,2022-09-19,20:30,PHI,MIN,24,7,Lincoln Financial Field,outdoors,grass,,
2022,3,REG,2022-09-22,20:15,CLE,PIT,29,17,FirstEnergy Stadium,outdoors,grass,,
2022,3,REG,2022-09-25,16:25,ARI,LA,12,20,State Farm Stadium,closed,grass,,
2022,3,REG,2022-09-25,13:00,CAR,NO,22,14,Bank of America Stadium,outdoors,grass,,
2022,3,REG,2022-09-25,13:00,CHI,HOU,23,20,Soldier Field,outdoors,grass,,
2022,3,REG,2022-09-25,20:20,DEN,SF,11,10,Empower Field at Mile High,outdoors,grass,,
2022,3,REG,2022-09-25,13:00,IND,KC,20,17,Lucas Oil Stadium,open,fieldturf,,
2022,3,REG,2022-09-25,16:05,LAC,JAX,10,38,SoFi Stadium,dome,matrixturf,,
2022,3,REG,2022-09-25,13:00,MIA,BUF,21,19,Hard Rock Stadium,outdoors,grass,,
2022,3,REG,2022-09-25,13:00,MIN,DET,28,24,U.S. Bank Stadium,dome,sportturf,,
2022,3,REG,2022-09-25,13:00,NE,BAL,26,37,Gillette Stadium,outdoors,fieldturf,,
2022,3,REG,2022-09-25,13:00,NYJ,CIN,12,27,MetLife Stadium,outdoors,fieldturf,,
2022,3,REG,2022-09-25,16:25,SEA,ATL,23,27,Lumen Field,outdoors,fieldturf,,
2022,3,REG,2022-09-25,16:25,TB,GB,12,14,Raymond James Stadium,outdoors,grass,,
2022,3,REG,2022-09-25,13:00,TEN,LV,24,22,Nissan Stadium,outdoors,grass,,
2022,3,REG,2022-09-25,13:00,WAS,PHI,8,24,FedExField,outdoors,grass,,
2022,3,REG,2022-09-26,20:15,NYG,DAL,16,23,MetLife Stadium,outdoors,fieldturf,,
2022,4,REG,2022-09-29,20:15,CIN,MIA,27,15,Paycor Stadium,outdoors,fieldturf,,
2022,4,REG,2022-10-02,13:00,ATL,CLE,23,20,Mercedes-Benz Stadium,open,fieldturf,,
2022,4,REG,2022-10-02,13:00,BAL,BUF,20,23,M&T Bank Stadium,outdoors,grass,,
2022,4,REG,2022-10-02,16:05,CAR,ARI,16,26,Bank of America Stadium,outdoors,grass,,
2022,4,REG,2022-10-02,13:00,DAL,WAS,25,10,AT&T Stadium,closed,matrixturf,,
2022,4,REG,2022-10-02,13:00,DET,SEA,45,48,Ford Field,dome,fieldturf,,
2022,4,REG,2022-10-02,16:25,GB,NE,27,24,Lambeau Field,outdoors,grass,,
2022,4,REG,2022-10-02,13:00,HOU,LAC,24,34,NRG Stadium,closed,astroturf,,
2022,4,REG,2022-10-02,13:00,IND,TEN,17,24,Lucas Oil Stadium,open,fieldturf,,
2022,4,REG,2022-10-02,16:25,LV,DEN,32,23,Allegiant Stadium,dome,grass,,
2022,4,REG,2022-10-02,09:30,NO,MIN,25,28,Tottenham Stadium,outdoors,,,
2022,4,REG,2022-10-02,13:00,NYG,CHI,20,12,MetLife Stadium,outdoors,fieldturf,,
2022,4,REG,2022-10-02,13:00,PHI,JAX,29,21,Lincoln Financial Field,outdoors,grass,,
2022,4,REG,2022-10-02,13:00,PIT,NYJ,20,24,Acrisure Stadium,outdoors,grass,,
2022,4,REG,2022-10-02,20:20,TB,KC,31,41,Raymond James Stadium,outdoors,grass,,
2022,4,REG,2022-10-03,20:15,SF,LA,24,9,Levi's Stadium,outdoors,grass,,
2022,5,REG,2022-10-06,20:15,DEN,IND,9,12,Empower Field at Mile High,outdoors,grass,,
2022,5,REG,2022-10-09,16:25,ARI,PHI,17,20,State Farm Stadium,closed,grass,,
2022,5,REG,2022-10-09,20:20,BAL,CIN,19,17,M&T Bank Stadium,outdoors,grass,,
2022,5,REG,2022-10-09,13:00,BUF,PIT,38,3,New Era Field,outdoors,a_turf,,
2022,5,REG,2022-10-09,16:05,CAR,SF,15,37,Bank of America Stadium,outdoors,grass,,
2022,5,REG,2022-10-09,13:00,CLE,LAC,28,30,FirstEnergy Stadium,outdoors,grass,,
2022,5,REG,2022-10-09,09:30,GB,NYG,22,27,Tottenham Stadium,outdoors,,,
2022,5,REG,2022-10-09,13:00,JAX,HOU,6,13,TIAA Bank Stadium,outdoors,grass,,
2022,5,REG,2022-10-09,16:25,LA,DAL,10,22,SoFi Stadium,dome,matrixturf,,
2022,5,REG,2022-10-09,13:00,MIN,CHI,29,22,U.S. Bank Stadium,dome,sportturf,,
2022,5,REG,2022-10-09,13:00,NE,DET,29,0,Gillette Stadium,outdoors,fieldturf,,
2022,5,REG,2022-10-09,13:00,NO,SEA,39,32,Mercedes-Benz Superdome,dome,sportturf,,
2022,5,REG,2022-10-09,13:00,NYJ,MIA,40,17,MetLife Stadium,outdoors,fieldturf,,
2022,5,REG,2022-10-09,13:00,TB,ATL,21,15,Raymond James Stadium,outdoors,grass,,
2022,5,REG,2022-10-09,13:00,WAS,TEN,17,21,FedExField,outdoors,grass,,
2022,5,REG,2022-10-10,20:15,KC,LV,30,29,GEHA Field at Arrowhead Stadium,outdoors,grass,,
2022,6,REG,2022-10-13,20:15,CHI,WAS,7,12,Soldier Field,outdoors,grass,,
2022,6,REG,2022-10-16,13:00,ATL,SF,28,14,Mercedes-Benz Stadium,open,fieldturf,,
2022,6,REG,2022-10-16,13:00,CLE,NE,15,38,FirstEnergy Stadium,outdoors,grass,,
2022,6,REG,2022-10-16,13:00,GB,NYJ,10,27,Lambeau Field,outdoors,grass,,
2022,6,REG,2022-10-16,13:00,IND,JAX,34,27,Lucas Oil Stadium,open,fieldturf,,
2022,6,REG,2022-10-16,16:25,KC,BUF,20,24,GEHA Field at Arrowhead Stadium,outdoors,grass,,
2022,6,REG,2022-10-16,16:05,LA,CAR,24,10,SoFi Stadium,dome,matrixturf,,
2022,6,REG,2022-10-16,13:00,MIA,MIN,16,24,Hard Rock Stadium,outdoors,grass,,
2022,6,REG,2022-10-16,13:00,NO,CIN,26,30,Mercedes-Benz Superdome,dome,sportturf,,
2022,6,REG,2022-10-16,13:00,NYG,BAL,24,20,MetLife Stadium,outdoors,fieldturf,,
2022,6,REG,2022-10-16,20:20,PHI,DAL,26,17,Lincoln Financial Field,outdoors,grass,,
2022,6,REG,2022-10-16,13:00,PIT,TB,20,18,Acrisure Stadium,outdoors,grass,,
2022,6,REG,2022-10-16,16:05,SEA,ARI,19,9,Lumen Field,outdoors,fieldturf,,
2022,6,REG,2022-10-17,20:15,LAC,DEN,19,16,SoFi Stadium,dome,matrixturf,,
2022,7,REG,2022-10-20,20:15,ARI,NO,42,34,State Farm Stadium,open,grass,,
2022,7,REG,2022-10-23,13:00,BAL,CLE,23,20,M&T Bank Stadium,outdoors,grass,,
2022,7,REG,2022-10-23,13:00,CAR,TB,21,3,Bank of America Stadium,outdoors,grass,,
2022,7,REG,2022-10-23,13:00,CIN,ATL,35,17,Paycor Stadium,outdoors,fieldturf,,
2022,7,REG,2022-10-23,13:00,DAL,DET,24,6,AT&T Stadium,closed,matrixturf,,
2022,7,REG,2022-10-23,16:05,DEN,NYJ,9,16,Empower Field at Mile High,outdoors,grass,,
2022,7,REG,2022-10-23,13:00,JAX,NYG,17,23,TIAA Bank Stadium,outdoors,grass,,
2022,7,REG,2022-10-23,16:25,LAC,SEA,23,37,SoFi Stadium,dome,matrixturf,,
2022,7,REG,2022-10-23,16:05,LV,HOU,38,20,Allegiant Stadium,dome,grass,,
2022,7,REG,2022-10-23,20:20,MIA,PIT,16,10,Hard Rock Stadium,outdoors,grass,,
2022,7,REG,2022-10-23,16:25,SF,KC,23,44,Levi's Stadium,outdoors,,,
2022,7,REG,2022-10-23,13:00,TEN,IND,19,10,Nissan Stadium,outdoors,grass,,
2022,7,REG,2022-10-23,13:00,WAS,GB,23,21,FedExField,outdoors,grass,,
2022,7,REG,2022-10-24,20:15,NE,CHI,14,33,Gillette Stadium,outdoors,fieldturf,,
2022,8,REG,2022-10-27,20:15,TB,BAL,22,27,Raymond James Stadium,outdoors,grass,,
2022,8,REG,2022-10-30,13:00,ATL,CAR,37,34,Mercedes-Benz Stadium,closed,fieldturf,,
2022,8,REG,2022-10-30,20:20,BUF,GB,27,17,New Era Field,outdoors,a_turf,,
2022,8,REG,2022-10-30,13:00,DAL,CHI,49,29,AT&T Stadium,open,matrixturf,,
2022,8,REG,2022-10-30,13:00,DET,MIA,27,31,Ford Field,dome,fieldturf,,
2022,8,REG,2022-10-30,16:05,HOU,TEN,10,17,NRG Stadium,closed,astroturf,,
2022,8,REG,2022-10-30,16:25,IND,WAS,16,17,Lucas Oil Stadium,closed,fieldturf,,
2022,8,REG,2022-10-30,09:30,JAX,DEN,17,21,Wembley Stadium,outdoors,,,
2022,8,REG,2022-10-30,16:25,LA,SF,14,31,SoFi Stadium,dome,matrixturf,,
2022,8,REG,2022-10-30,13:00,MIN,ARI,34,26,U.S. Bank Stadium,dome,sportturf,,
2022,8,REG,2022-10-30,13:00,NO,LV,24,0,Mercedes-Benz Superdome,dome,sportturf,,
2022,8,REG,2022-10-30,13:00,NYJ,NE,17,22,MetLife Stadium,outdoors,fieldturf,,
2022,8,REG,2022-10-30,13:00,PHI,PIT,35,13,Lincoln Financial Field,outdoors,grass,,
2022,8,REG,2022-10-30,16:25,SEA,NYG,27,13,Lumen Field,outdoors,fieldturf,,
2022,8,REG,2022-10-31,20:15,CLE,CIN,32,13,FirstEnergy Stadium,outdoors,grass,66,9
2022,9,REG,2022-11-03,20:15,HOU,PHI,17,29,NRG Stadium,closed,astroturf,,
2022,9,REG,2022-11-06,16:05,ARI,SEA,21,31,State Farm Stadium,open,grass,,
2022,9,REG,2022-11-06,13:00,ATL,LAC,17,20,Mercedes-Benz Stadium,open,fieldturf,,
2022,9,REG,2022-11-06,13:00,CHI,MIA,32,35,Soldier Field,outdoors,grass,58,17
2022,9,REG,2022-11-06,13:00,CIN,CAR,42,21,Paycor Stadium,outdoors,fieldturf,68,11
2022,9,REG,2022-11-06,13:00,DET,GB,15,9,Ford Field,dome,fieldturf,,
2022,9,REG,2022-11-06,13:00,JAX,LV,27,20,TIAA Bank Stadium,outdoors,grass,81,14
2022,9,REG,2022-11-06,20:20,KC,TEN,20,17,GEHA Field at Arrowhead Stadium,outdoors,grass,54,7
2022,9,REG,2022-11-06,13:00,NE,IND,26,3,Gillette Stadium,outdoors,fieldturf,78,13
2022,9,REG,2022-11-06,13:00,NYJ,BUF,20,17,MetLife Stadium,outdoors,fieldturf,69,17
2022,9,REG,2022-11-06,16:25,TB,LA,16,13,Raymond James Stadium,outdoors,grass,88,2
2022,9,REG,2022-11-06,13:00,WAS,MIN,17,20,FedExField,outdoors,grass,71,11
2022,9,REG,2022-11-07,20:15,NO,BAL,13,27,Mercedes-Benz Superdome,dome,sportturf,,
2022,10,REG,2022-11-10,20:15,CAR,ATL,25,15,Bank of America Stadium,outdoors,grass,61,12
2022,10,REG,2022-11-13,13:00,BUF,MIN,30,33,New Era Field,outdoors,a_turf,38,11
2022,10,REG,2022-11-13,13:00,CHI,DET,30,31,Soldier Field,outdoors,grass,34,13
2022,10,REG,2022-11-13,16:25,GB,DAL,31,28,Lambeau Field,outdoors,grass,33,8
2022,10,REG,2022-11-13,13:00,KC,JAX,27,17,GEHA Field at Arrowhead Stadium,outdoors,grass,33,7
2022,10,REG,2022-11-13,16:25,LA,ARI,17,27,SoFi Stadium,dome,matrixturf,,
2022,10,REG,2022-11-13,16:05,LV,IND,20,25,Allegiant Stadium,dome,grass,,
2022,10,REG,2022-11-13,13:00,MIA,CLE,39,17,Hard Rock Stadium,outdoors,grass,85,7
2022,10,REG,2022-11-13,13:00,NYG,HOU,24,16,MetLife Stadium,outdoors,fieldturf,50,15
2022,10,REG,2022-11-13,13:00,PIT,NO,20,10,Acrisure Stadium,outdoors,grass,37,15
2022,10,REG,2022-11-13,20:20,SF,LAC,22,16,Levi's Stadium,outdoors,grass,57,6
2022,10,REG,2022-11-13,09:30,TB,SEA,21,16,Allianz Arena,outdoors,,,
2022,10,REG,2022-11-13,13:00,TEN,DEN,17,10,Nissan Stadium,outdoors,grass,36,9
2022,10,REG,2022-11-14,20:15,PHI,WAS,21,32,Lincoln Financial Field,outdoors,grass,43,6
2022,11,REG,2022-11-17,20:15,GB,TEN,17,27,Lambeau Field,outdoors,grass,25,11
2022,11,REG,2022-11-20,13:00,ATL,CHI,27,24,Mercedes-Benz Stadium,closed,fieldturf,,
2022,11,REG,2022-11-20,13:00,BAL,CAR,13,3,M&T Bank Stadium,outdoors,grass,36,2
2022,11,REG,2022-11-20,13:00,BUF,CLE,31,23,Ford Field,dome,fieldturf,,
2022,11,REG,2022-11-20,16:05,DEN,LV,16,22,Empower Field at Mile High,outdoors,grass,49,11
2022,11,REG,2022-11-20,13:00,HOU,WAS,10,23,NRG Stadium,closed,astroturf,,
2022,11,REG,2022-11-20,13:00,IND,PHI,16,17,Lucas Oil Stadium,closed,fieldturf,,
2022,11,REG,2022-11-20,20:20,LAC,KC,27,30,SoFi Stadium,dome,matrixturf,,
2022,11,REG,2022-11-20,16:25,MIN,DAL,3,40,U.S. Bank Stadium,dome,sportturf,,
2022,11,REG,2022-11-20,13:00,NE,NYJ,10,3,Gillette Stadium,outdoors,fieldturf,42,2
2022,11,REG,2022-11-20,13:00,NO,LA,27,20,Mercedes-Benz Superdome,dome,sportturf,,
2022,11,REG,2022-11-20,13:00,NYG,DET,18,31,MetLife Stadium,outdoors,fieldturf,35,21
2022,11,REG,2022-11-20,16:25,PIT,CIN,30,37,Acrisure Stadium,outdoors,grass,27,12
2022,11,REG,2022-11-21,20:15,ARI,SF,10,38,Azteca Stadium,outdoors,,,
2022,12,REG,2022-11-24,16:30,DAL,NYG,28,20,AT&T Stadium,closed,matrixturf,,
2022,12,REG,2022-11-24,12:30,DET,BUF,25,28,Ford Field,dome,fieldturf,,
2022,12,REG,2022-11-24,20:20,MIN,NE,33,26,U.S. Bank Stadium,dome,sportturf,,
2022,12,REG,2022-11-27,16:05,ARI,LAC,24,25,State Farm Stadium,closed,grass,,
2022,12,REG,2022-11-27,13:00,CAR,DEN,23,10,Bank of America Stadium,outdoors,grass,66,15
2022,12,REG,2022-11-27,13:00,CLE,TB,23,17,FirstEnergy Stadium,outdoors,grass,56,14
2022,12,REG,2022-11-27,13:00,JAX,BAL,28,27,TIAA Bank Stadium,outdoors,grass,77,19
2022,12,REG,2022-11-27,16:25,KC,LA,26,10,GEHA Field at Arrowhead Stadium,outdoors,grass,44,6
2022,12,REG,2022-11-27,13:00,MIA,HOU,30,15,Hard Rock Stadium,outdoors,grass,84,13
2022,12,REG,2022-11-27,13:00,NYJ,CHI,31,10,MetLife Stadium,outdoors,fieldturf,50,9
2022,12,REG,2022-11-27,20:20,PHI,GB,40,33,Lincoln Financial Field,outdoors,grass,62,24
2022,12,REG,2022-11-27,16:05,SEA,LV,34,40,Lumen Field,outdoors,fieldturf,44,8
2022,12,REG,2022-11-27,16:25,SF,NO,13,0,Levi's Stadium,outdoors,grass,59,2
2022,12,REG,2022-11-27,13:00,TEN,CIN,16,20,Nissan Stadium,outdoors,grass,56,14
2022,12,REG,2022-11-27,13:00,WAS,ATL,19,13,FedExField,outdoors,grass,46,9
2022,12,REG,2022-11-28,20:15,IND,PIT,17,24,Lucas Oil Stadium,closed,fieldturf,,
2022,13,REG,2022-12-01,20:15,NE,BUF,10,24,Gillette Stadium,outdoors,fieldturf,35,2
2022,13,REG,2022-12-04,13:00,ATL,PIT,16,19,Mercedes-Benz Stadium,closed,fieldturf,,
2022,13,REG,2022-12-04,13:00,BAL,DEN,10,9,M&T Bank Stadium,outdoors,grass,63,8
2022,13,REG,2022-12-04,13:00,CHI,GB,19,28,Soldier Field,outdoors,grass,38,12
2022,13,REG,2022-12-04,16:25,CIN,KC,27,24,Paycor Stadium,outdoors,fieldturf,57,2
2022,13,REG,2022-12-04,20:20,DAL,IND,54,19,AT&T Stadium,closed,matrixturf,,
2022,13,REG,2022-12-04,13:00,DET,JAX,40,14,Ford Field,dome,fieldturf,,
2022,13,REG,2022-12-04,13:00,HOU,CLE,14,27,NRG Stadium,closed,astroturf,,
2022,13,REG,2022-12-04,16:05,LA,SEA,23,27,SoFi Stadium,dome,matrixturf,,
2022,13,REG,2022-12-04,16:25,LV,LAC,27,20,Allegiant Stadium,dome,grass,,
2022,13,REG,2022-12-04,13:00,MIN,NYJ,27,22,U.S. Bank Stadium,dome,sportturf,,
2022,13,REG,2022-12-04,13:00,NYG,WAS,20,20,MetLife Stadium,outdoors,fieldturf,40,9
2022,13,REG,2022-12-04,13:00,PHI,TEN,35,10,Lincoln Financial Field,outdoors,grass,60,7
2022,13,REG,2022-12-04,16:05,SF,MIA,33,17,Levi's Stadium,outdoors,grass,38,6
2022,13,REG,2022-12-05,20:15,TB,NO,17,16,Raymond James Stadium,outdoors,grass,69,2
2022,14,REG,2022-12-08,20:15,LA,LV,17,16,SoFi Stadium,dome,matrixturf,,
2022,14,REG,2022-12-11,13:00,BUF,NYJ,20,12,New Era Field,outdoors,a_turf,36,11
2022,14,REG,2022-12-11,13:00,CIN,CLE,23,10,Paycor Stadium,outdoors,fieldturf,47,8
2022,14,REG,2022-12-11,13:00,DAL,HOU,27,23,AT&T Stadium,closed,matrixturf,,
2022,14,REG,2022-12-11,16:05,DEN,KC,28,34,Empower Field at Mile High,outdoors,grass,55,4
2022,14,REG,2022-12-11,13:00,DET,MIN,34,23,Ford Field,dome,fieldturf,,
2022,14,REG,2022-12-11,20:20,LAC,MIA,23,17,SoFi Stadium,dome,matrixturf,,
2022,14,REG,2022-12-11,13:00,NYG,PHI,22,48,MetLife Stadium,outdoors,fieldturf,37,6
2022,14,REG,2022-12-11,13:00,PIT,BAL,14,16,Acrisure Stadium,outdoors,grass,42,12
2022,14,REG,2022-12-11,16:25,SEA,CAR,24,30,Lumen Field,outdoors,fieldturf,45,4
2022,14,REG,2022-12-11,16:25,SF,TB,35,7,Levi's Stadium,outdoors,grass,54,8
2022,14,REG,2022-12-11,13:00,TEN,JAX,22,36,Nissan Stadium,outdoors,grass,54,8
2022,14,REG,2022-12-12,20:15,ARI,NE,13,27,State Farm Stadium,closed,grass,,
2022,15,REG,2022-12-15,20:15,SEA,SF,13,21,Lumen Field,outdoors,fieldturf,,
2022,15,REG,2022-12-17,20:15,BUF,MIA,32,29,New Era Field,outdoors,a_turf,29,4
2022,15,REG,2022-12-17,16:30,CLE,BAL,13,3,FirstEnergy Stadium,outdoors,grass,34,12
2022,15,REG,2022-12-17,13:00,MIN,IND,39,36,U.S. Bank Stadium,dome,sportturf,,
2022,15,REG,2022-12-18,13:00,CAR,PIT,16,24,Bank of America Stadium,outdoors,grass,47,7
2022,15,REG,2022-12-18,13:00,CHI,PHI,20,25,Soldier Field,outdoors,grass,17,17
2022,15,REG,2022-12-18,16:05,DEN,ARI,24,15,Empower Field at Mile High,outdoors,grass,37,4
2022,15,REG,2022-12-18,13:00,HOU,KC,24,30,NRG Stadium,closed,astroturf,,
2022,15,REG,2022-12-18,13:00,JAX,DAL,40,34,TIAA Bank Stadium,outdoors,grass,54,9
2022,15,REG,2022-12-18,16:25,LAC,TEN,17,14,SoFi Stadium,dome,matrixturf,,
2022,15,REG,2022-12-18,16:05,LV,NE,30,24,Allegiant Stadium,dome,grass,,
2022,15,REG,2022-12-18,13:00,NO,ATL,21,18,Mercedes-Benz Superdome,dome,sportturf,,
2022,15,REG,2022-12-18,13:00,NYJ,DET,17,20,MetLife Stadium,outdoors,fieldturf,38,13
2022,15,REG,2022-12-18,16:25,TB,CIN,23,34,Raymond James Stadium,outdoors,grass,66,6
2022,15,REG,2022-12-18,20:20,WAS,NYG,12,20,FedExField,outdoors,grass,35,13
2022,15,REG,2022-12-19,20:15,GB,LA,24,12,Lambeau Field,outdoors,grass,15,4
2022,16,REG,2022-12-22,20:15,NYJ,JAX,3,19,MetLife Stadium,outdoors,fieldturf,43,17
2022,16,REG,2022-12-24,13:00,BAL,ATL,17,9,M&T Bank Stadium,outdoors,grass,17,9
2022,16,REG,2022-12-24,13:00,CAR,DET,37,23,Bank of America Stadium,outdoors,grass,20,12
2022,16,REG,2022-12-24,13:00,CHI,BUF,13,35,Soldier Field,outdoors,grass,7,17
2022,16,REG,2022-12-24,13:00,CLE,NO,10,17,FirstEnergy Stadium,outdoors,grass,6,27
2022,16,REG,2022-12-24,16:25,DAL,PHI,40,34,AT&T Stadium,closed,matrixturf,,
2022,16,REG,2022-12-24,13:00,KC,SEA,24,10,GEHA Field at Arrowhead Stadium,outdoors,grass,12,9
2022,16,REG,2022-12-24,13:00,MIN,NYG,27,24,U.S. Bank Stadium,dome,sportturf,,
2022,16,REG,2022-12-24,13:00,NE,CIN,18,22,Gillette Stadium,outdoors,fieldturf,21,2
2022,16,REG,2022-12-24,20:15,PIT,LV,13,10,Acrisure Stadium,outdoors,grass,9,21
2022,16,REG,2022-12-24,16:05,SF,WAS,37,20,Levi's Stadium,outdoors,grass,54,2
2022,16,REG,2022-12-24,14:00,TEN,HOU,14,19,Nissan Stadium,outdoors,grass,22,14
2022,16,REG,2022-12-25,20:20,ARI,TB,16,19,State Farm Stadium,open,grass,,
2022,16,REG,2022-12-25,16:30,LA,DEN,51,14,SoFi Stadium,dome,matrixturf,,
2022,16,REG,2022-12-25,13:00,MIA,GB,20,26,Hard Rock Stadium,outdoors,grass,45,14
2022,16,REG,2022-12-26,20:15,IND,LAC,3,20,Lucas Oil Stadium,closed,fieldturf,,
2022,17,REG,2022-12-29,20:15,TEN,DAL,13,27,Nissan Stadium,outdoors,grass,56,4
2022,17,REG,2023-01-01,13:00,ATL,ARI,20,19,Mercedes-Benz Stadium,closed,fieldturf,,
2022,17,REG,2023-01-01,20:20,BAL,PIT,13,16,M&T Bank Stadium,outdoors,grass,44,2
2022,17,REG,2023-01-01,13:00,DET,CHI,41,10,Ford Field,dome,fieldturf,,
2022,17,REG,2023-01-01,16:25,GB,MIN,41,17,Lambeau Field,outdoors,grass,39,7
2022,17,REG,2023-01-01,13:00,HOU,JAX,3,31,NRG Stadium,closed,astroturf,,
2022,17,REG,2023-01-01,13:00,KC,DEN,27,24,GEHA Field at Arrowhead Stadium,outdoors,grass,47,2
2022,17,REG,2023-01-01,16:25,LAC,LA,31,10,SoFi Stadium,dome,matrixturf,,
2022,17,REG,2023-01-01,16:05,LV,SF,34,37,Allegiant Stadium,dome,grass,,
2022,17,REG,2023-01-01,13:00,NE,MIA,23,21,Gillette Stadium,outdoors,fieldturf,53,2
2022,17,REG,2023-01-01,13:00,NYG,IND,38,10,MetLife Stadium,outdoors,fieldturf,52,14
2022,17,REG,2023-01-01,13:00,PHI,NO,10,20,Lincoln Financial Field,outdoors,grass,54,11
2022,17,REG,2023-01-01,16:05,SEA,NYJ,23,6,Lumen Field,outdoors,fieldturf,45,2
2022,17,REG,2023-01-01,13:00,TB,CAR,30,24,Raymond James Stadium,outdoors,grass,75,2
2022,17,REG,2023-01-01,13:00,WAS,CLE,10,24,FedExField,outdoors,grass,59,9
2022,18,REG,2023-01-07,20:15,JAX,TEN,20,16,TIAA Bank Stadium,outdoors,grass,56,4
2022,18,REG,2023-01-07,16:30,LV,KC,13,31,Allegiant Stadium,dome,grass,,
2022,18,REG,2023-01-08,13:00,ATL,TB,30,17,Mercedes-Benz Stadium,closed,fieldturf,,
2022,18,REG,2023-01-08,13:00,BUF,NE,35,23,New Era Field,outdoors,a_turf,30,6
2022,18,REG,2023-01-08,13:00,CHI,MIN,13,29,Soldier Field,outdoors,grass,32,2
2022,18,REG,2023-01-08,13:00,CIN,BAL,27,16,Paycor Stadium,outdoors,fieldturf,38,7
2022,18,REG,2023-01-08,16:25,DEN,LAC,31,28,Empower Field at Mile High,outdoors,grass,43,4
2022,18,REG,2023-01-08,20:20,GB,DET,16,20,Lambeau Field,outdoors,grass,21,4
2022,18,REG,2023-01-08,13:00,IND,HOU,31,32,Lucas Oil Stadium,closed,fieldturf,,
2022,18,REG,2023-01-08,13:00,MIA,NYJ,11,6,Hard Rock Stadium,outdoors,grass,75,9
2022,18,REG,2023-01-08,13:00,NO,CAR,7,10,Mercedes-Benz Superdome,dome,sportturf,,
2022,18,REG,2023-01-08,16:25,PHI,NYG,22,16,Lincoln Financial Field,outdoors,grass,43,12
2022,18,REG,2023-01-08,13:00,PIT,CLE,28,14,Acrisure Stadium,outdoors,grass,36,8
2022,18,REG,2023-01-08,16:25,SEA,LA,19,16,Lumen Field,outdoors,fieldturf,45,4
2022,18,REG,2023-01-08,16:25,SF,ARI,38,13,Levi's Stadium,outdoors,grass,57,2
2022,18,REG,2023-01-08,16:25,WAS,DAL,26,6,FedExField,outdoors,grass,42,7
2022,19,WC,2023-01-14,20:15,JAX,LAC,31,30,TIAA Bank Stadium,outdoors,grass,37,4
2022,19,WC,2023-01-14,16:30,SF,SEA,41,23,Levi's Stadium,outdoors,grass,57,11
2022,19,WC,2023-01-15,13:00,BUF,MIA,34,31,New Era Field,outdoors,a_turf,27,4
2022,19,WC,2023-01-15,20:15,CIN,BAL,24,17,Paycor Stadium,outdoors,fieldturf,30,4
2022,19,WC,2023-01-15,16:50,MIN,NYG,24,31,U.S. Bank Stadium,dome,sportturf,,
2022,19,WC,2023-01-16,20:15,TB,DAL,14,31,Raymond James Stadium,outdoors,grass,58,2
2022,20,DIV,2023-01-21,16:30,KC,JAX,27,20,GEHA Field at Arrowhead Stadium,outdoors,grass,36,6
2022,20,DIV,2023-01-21,20:15,PHI,NYG,38,7,Lincoln Financial Field,outdoors,grass,40,6
2022,20,DIV,2023-01-22,15:00,BUF,CIN,10,27,New Era Field,outdoors,a_turf,32,4
2022,20,DIV,2023-01-22,18:30,SF,DAL,19,12,Levi's Stadium,outdoors,grass,55,19
2022,21,CON,2023-01-29,18:30,KC,CIN,23,20,GEHA Field at Arrowhead Stadium,outdoors,grass,22,13
2022,21,CON,2023-01-29,15:00,PHI,SF,31,7,Lincoln Financial Field,outdoors,grass,52,14
2022,22,SB,2023-02-12,18:30,PHI,KC,35,38,State Farm Stadium,closed,grass,,
2023,1,REG,2023-09-07,20:20,KC,DET,20,21,GEHA Field at Arrowhead Stadium,outdoors,,,
2023,1,REG,2023-09-10,13:00,ATL,CAR,24,10,Mercedes-Benz Stadium,closed,,,
2023,1,REG,2023-09-10,13:00,BAL,HOU,25,9,M&T Bank Stadium,outdoors,,,
2023,1,REG,2023-09-10,16:25,CHI,GB,20,38,Soldier Field,outdoors,,,
2023,1,REG,2023-09-10,13:00,CLE,CIN,24,3,FirstEnergy Stadium,outdoors,,,
2023,1,REG,2023-09-10,16:25,DEN,LV,16,17,Empower Field at Mile High,outdoors,,,
2023,1,REG,2023-09-10,13:00,IND,JAX,21,31,Lucas Oil Stadium,closed,,,
2023,1,REG,2023-09-10,16:25,LAC,MIA,34,36,SoFi Stadium,dome,,,
2023,1,REG,2023-09-10,13:00,MIN,TB,17,20,U.S. Bank Stadium,dome,,,
2023,1,REG,2023-09-10,16:25,NE,PHI,20,25,Gillette Stadium,outdoors,,,
2023,1,REG,2023-09-10,13:00,NO,TEN,16,15,Mercedes-Benz Superdome,dome,,,
2023,1,REG,2023-09-10,20:20,NYG,DAL,0,40,MetLife Stadium,outdoors,,,
2023,1,REG,2023-09-10,13:00,PIT,SF,7,30,Acrisure Stadium,outdoors,,,
2023,1,REG,2023-09-10,16:25,SEA,LA,13,30,Lumen Field,outdoors,,,
2023,1,REG,2023-09-10,13:00,WAS,ARI,20,16,FedExField,outdoors,,,
2023,1,REG,2023-09-11,20:15,NYJ,BUF,22,16,MetLife Stadium,outdoors,,,
2023,2,REG,2023-09-14,20:15,PHI,MIN,34,28,Lincoln Financial Field,outdoors,,,
2023,2,REG,2023-09-17,16:05,ARI,NYG,28,31,State Farm Stadium,closed,,,
2023,2,REG,2023-09-17,13:00,ATL,GB,25,24,Mercedes-Benz Stadium,open,,,
2023,2,REG,2023-09-17,13:00,BUF,LV,38,10,New Era Field,outdoors,,,
2023,2,REG,2023-09-17,13:00,CIN,BAL,24,27,Paycor Stadium,outdoors,,,
2023,2,REG,2023-09-17,16:25,DAL,NYJ,30,10,AT&T Stadium,open,,,
2023,2,REG,2023-09-17,16:25,DEN,WAS,33,35,Empower Field at Mile High,outdoors,,,
2023,2,REG,2023-09-17,13:00,DET,SEA,31,37,Ford Field,dome,,,
2023,2,REG,2023-09-17,13:00,HOU,IND,20,31,NRG Stadium,open,,,
2023,2,REG,2023-09-17,13:00,JAX,KC,9,17,TIAA Bank Stadium,outdoors,,,
2023,2,REG,2023-09-17,16:05,LA,SF,23,30,SoFi Stadium,dome,,,
2023,2,REG,2023-09-17,20:20,NE,MIA,17,24,Gillette Stadium,outdoors,,,
2023,2,REG,2023-09-17,13:00,TB,CHI,27,17,Raymond James Stadium,outdoors,,,
2023,2,REG,2023-09-17,13:00,TEN,LAC,27,24,Nissan Stadium,outdoors,,,
2023,2,REG,2023-09-18,19:15,CAR,NO,17,20,Bank of America Stadium,outdoors,,,
2023,2,REG,2023-09-18,20:15,PIT,CLE,26,22,Acrisure Stadium,outdoors,,,
2023,3,REG,2023-09-21,20:15,SF,NYG,30,12,Levi's Stadium,outdoors,grass,77,13
2023,3,REG,2023-09-24,16:25,ARI,DAL,28,16,State Farm Stadium,open,grass,,
2023,3,REG,2023-09-24,13:00,BAL,IND,19,22,M&T Bank Stadium,outdoors,grass,68,3
2023,3,REG,2023-09-24,13:00,CLE,TEN,27,3,FirstEnergy Stadium,outdoors,grass,68,5
2023,3,REG,2023-09-24,13:00,DET,ATL,20,6,Ford Field,dome,fieldturf,,
2023,3,REG,2023-09-24,13:00,GB,NO,18,17,Lambeau Field,outdoors,grass,68,10
2023,3,REG,2023-09-24,13:00,JAX,HOU,17,37,TIAA Bank Stadium,outdoors,grass,84,6
2023,3,REG,2023-09-24,16:25,KC,CHI,41,10,GEHA Field at Arrowhead Stadium,outdoors,grass,,
2023,3,REG,2023-09-24,20:20,LV,PIT,18,23,Allegiant Stadium,dome,grass,,
2023,3,REG,2023-09-24,13:00,MIA,DEN,70,20,Hard Rock Stadium,outdoors,grass,86,5
2023,3,REG,2023-09-24,13:00,MIN,LAC,24,28,U.S. Bank Stadium,dome,sportturf,,
2023,3,REG,2023-09-24,13:00,NYJ,NE,10,15,MetLife Stadium,outdoors,fieldturf,64,14
2023,3,REG,2023-09-24,16:05,SEA,CAR,37,27,Lumen Field,outdoors,fieldturf,61,2
2023,3,REG,2023-09-24,13:00,WAS,BUF,3,37,FedExField,outdoors,grass,65,1
2023,3,REG,2023-09-25,20:15,CIN,LA,19,16,Paycor Stadium,outdoors,fieldturf,74,7
2023,3,REG,2023-09-25,19:15,TB,PHI,11,25,Raymond James Stadium,outdoors,grass,90,4
2023,4,REG,2023-09-28,20:15,GB,DET,20,34,Lambeau Field,outdoors,grass,64,8
2023,4,REG,2023-10-01,13:00,BUF,MIA,48,20,New Era Field,outdoors,a_turf,70,2
2023,4,REG,2023-10-01,13:00,CAR,MIN,13,21,Bank of America Stadium,outdoors,grass,78,7
2023,4,REG,2023-10-01,13:00,CHI,DEN,28,31,Soldier Field,outdoors,grass,80,2
2023,4,REG,2023-10-01,13:00,CLE,BAL,3,28,FirstEnergy Stadium,outdoors,grass,71,7
2023,4,REG,2023-10-01,16:25,DAL,NE,38,3,AT&T Stadium,closed,matrixturf,,
2023,4,REG,2023-10-01,13:00,HOU,PIT,30,6,NRG Stadium,open,astroturf,,
2023,4,REG,2023-10-01,13:00,IND,LA,23,29,Lucas Oil Stadium,open,fieldturf,,
2023,4,REG,2023-10-01,09:30,JAX,ATL,23,7,Wembley Stadium,outdoors,,,
2023,4,REG,2023-10-01,16:05,LAC,LV,24,17,SoFi Stadium,dome,matrixturf,,
2023,4,REG,2023-10-01,13:00,NO,TB,9,26,Mercedes-Benz Superdome,dome,sportturf,,
2023,4,REG,2023-10-01,20:20,NYJ,KC,20,23,MetLife Stadium,outdoors,fieldturf,69,5
2023,4,REG,2023-10-01,13:00,PHI,WAS,34,31,Lincoln Financial Field,outdoors,grass,,
2023,4,REG,2023-10-01,16:25,SF,ARI,35,16,Levi's Stadium,outdoors,grass,75,9
2023,4,REG,2023-10-01,13:00,TEN,CIN,27,3,Nissan Stadium,outdoors,grass,82,4
2023,4,REG,2023-10-02,20:15,NYG,SEA,3,24,MetLife Stadium,outdoors,fieldturf,67,8
2023,5,REG,2023-10-05,20:15,WAS,CHI,20,40,FedExField,outdoors,grass,70,1
2023,5,REG,2023-10-08,16:05,ARI,CIN,20,34,State Farm Stadium,closed,grass,,
2023,5,REG,2023-10-08,13:00,ATL,HOU,21,19,Mercedes-Benz Stadium,open,fieldturf,,
2023,5,REG,2023-10-08,09:30,BUF,JAX,20,25,Tottenham Stadium,outdoors,,,
2023,5,REG,2023-10-08,16:25,DEN,NYJ,21,31,Empower Field at Mile High,outdoors,grass,73,9
2023,5,REG,2023-10-08,13:00,DET,CAR,42,24,Ford Field,dome,fieldturf,,
2023,5,REG,2023-10-08,13:00,IND,TEN,23,16,Lucas Oil Stadium,open,fieldturf,,
2023,5,REG,2023-10-08,16:05,LA,PHI,14,23,SoFi Stadium,dome,matrixturf,,
2023,5,REG,2023-10-08,13:00,MIA,NYG,31,16,Hard Rock Stadium,outdoors,grass,88,8
2023,5,REG,2023-10-08,16:25,MIN,KC,20,27,U.S. Bank Stadium,dome,sportturf,,
2023,5,REG,2023-10-08,13:00,NE,NO,0,34,Gillette Stadium,outdoors,fieldturf,61,10
2023,5,REG,2023-10-08,13:00,PIT,BAL,17,10,Acrisure Stadium,outdoors,grass,53,13
2023,5,REG,2023-10-08,20:20,SF,DAL,42,10,Levi's Stadium,outdoors,grass,78,10
2023,5,REG,2023-10-09,20:15,LV,GB,17,13,Allegiant Stadium,dome,grass,,
2023,6,REG,2023-10-12,20:15,KC,DEN,19,8,GEHA Field at Arrowhead Stadium,outdoors,grass,,
2023,6,REG,2023-10-15,13:00,ATL,WAS,16,24,Mercedes-Benz Stadium,closed,fieldturf,,
2023,6,REG,2023-10-15,20:20,BUF,NYG,14,9,New Era Field,outdoors,a_turf,46,7
2023,6,REG,2023-10-15,13:00,CHI,MIN,13,19,Soldier Field,outdoors,grass,53,16
2023,6,REG,2023-10-15,13:00,CIN,SEA,17,13,Paycor Stadium,outdoors,fieldturf,57,15
2023,6,REG,2023-10-15,13:00,CLE,SF,19,17,FirstEnergy Stadium,outdoors,grass,53,15
2023,6,REG,2023-10-15,13:00,HOU,NO,20,13,NRG Stadium,closed,astroturf,,
2023,6,REG,2023-10-15,13:00,JAX,IND,37,20,TIAA Bank Stadium,outdoors,grass,,
2023,6,REG,2023-10-15,16:25,LA,ARI,26,9,SoFi Stadium,dome,matrixturf,,
2023,6,REG,2023-10-15,16:05,LV,NE,21,17,Allegiant Stadium,dome,grass,,
2023,6,REG,2023-10-15,13:00,MIA,CAR,42,21,Hard Rock Stadium,outdoors,grass,87,12
2023,6,REG,2023-10-15,16:25,NYJ,PHI,20,14,MetLife Stadium,outdoors,fieldturf,59,11
2023,6,REG,2023-10-15,16:25,TB,DET,6,20,Raymond James Stadium,outdoors,grass,77,13
2023,6,REG,2023-10-15,09:30,TEN,BAL,16,24,Tottenham Stadium,outdoors,,,
2023,6,REG,2023-10-16,20:15,LAC,DAL,17,20,SoFi Stadium,dome,matrixturf,,
2023,7,REG,2023-10-19,20:15,NO,JAX,24,31,Mercedes-Benz Superdome,dome,sportturf,,
2023,7,REG,2023-10-22,13:00,BAL,DET,38,6,M&T Bank Stadium,outdoors,grass,62,16
2023,7,REG,2023-10-22,13:00,CHI,LV,30,12,Soldier Field,outdoors,grass,52,8
2023,7,REG,2023-10-22,16:25,DEN,GB,19,17,Empower Field at Mile High,outdoors,grass,72,9
2023,7,REG,2023-10-22,13:00,IND,CLE,38,39,Lucas Oil Stadium,open,fieldturf,,
2023,7,REG,2023-10-22,16:25,KC,LAC,31,17,GEHA Field at Arrowhead Stadium,outdoors,grass,72,10
2023,7,REG,2023-10-22,16:05,LA,PIT,17,24,SoFi Stadium,dome,matrixturf,,
2023,7,REG,2023-10-22,13:00,NE,BUF,29,25,Gillette Stadium,outdoors,fieldturf,55,13
2023,7,REG,2023-10-22,13:00,NYG,WAS,14,7,MetLife Stadium,outdoors,fieldturf,54,14
2023,7,REG,2023-10-22,20:20,PHI,MIA,31,17,Lincoln Financial Field,outdoors,grass,55,17
2023,7,REG,2023-10-22,16:05,SEA,ARI,20,10,Lumen Field,outdoors,fieldturf,56,5
2023,7,REG,2023-10-22,13:00,TB,ATL,13,16,Raymond James Stadium,outdoors,grass,79,3
2023,7,REG,2023-10-23,20:15,MIN,SF,22,17,U.S. Bank Stadium,dome,sportturf,,
2023,8,REG,2023-10-26,20:15,BUF,TB,24,18,New Era Field,outdoors,a_turf,66,10
2023,8,REG,2023-10-29,16:25,ARI,BAL,24,31,State Farm Stadium,closed,grass,,
2023,8,REG,2023-10-29,13:00,CAR,HOU,15,13,Bank of America Stadium,outdoors,grass,77,14
2023,8,REG,2023-10-29,13:00,DAL,LA,43,20,AT&T Stadium,closed,matrixturf,,
2023,8,REG,2023-10-29,16:25,DEN,KC,24,9,Empower Field at Mile High,outdoors,grass,26,7
2023,8,REG,2023-10-29,13:00,GB,MIN,10,24,Lambeau Field,outdoors,grass,39,8
2023,8,REG,2023-10-29,13:00,IND,NO,27,38,Lucas Oil Stadium,closed,fieldturf,,
2023,8,REG,2023-10-29,20:20,LAC,CHI,30,13,SoFi Stadium,dome,matrixturf,,
2023,8,REG,2023-10-29,13:00,MIA,NE,31,17,Hard Rock Stadium,outdoors,grass,83,17
2023,8,REG,2023-10-29,13:00,NYG,NYJ,10,13,MetLife Stadium,outdoors,fieldturf,52,6
2023,8,REG,2023-10-29,13:00,PIT,JAX,10,20,Acrisure Stadium,outdoors,grass,58,2
2023,8,REG,2023-10-29,16:05,SEA,CLE,24,20,Lumen Field,outdoors,fieldturf,47,3
2023,8,REG,2023-10-29,16:25,SF,CIN,17,31,Levi's Stadium,outdoors,grass,74,10
2023,8,REG,2023-10-29,13:00,TEN,ATL,28,23,Nissan Stadium,outdoors,grass,77,7
2023,8,REG,2023-10-29,13:00,WAS,PHI,31,38,FedExField,outdoors,grass,69,4
2023,8,REG,2023-10-30,20:15,DET,LV,26,14,Ford Field,dome,fieldturf,,
2023,9,REG,2023-11-02,20:15,PIT,TEN,20,16,Acrisure Stadium,outdoors,grass,40,5
2023,9,REG,2023-11-05,13:00,ATL,MIN,28,31,Mercedes-Benz Stadium,open,fieldturf,,
2023,9,REG,2023-11-05,13:00,BAL,SEA,37,3,M&T Bank Stadium,outdoors,grass,70,6
2023,9,REG,2023-11-05,16:05,CAR,IND,13,27,Bank of America Stadium,outdoors,grass,75,2
2023,9,REG,2023-11-05,20:20,CIN,BUF,24,18,Paycor Stadium,outdoors,fieldturf,51,5
2023,9,REG,2023-11-05,13:00,CLE,ARI,27,0,FirstEnergy Stadium,outdoors,grass,56,7
2023,9,REG,2023-11-05,13:00,GB,LA,20,3,Lambeau Field,outdoors,grass,51,8
2023,9,REG,2023-11-05,13:00,HOU,TB,39,37,NRG Stadium,closed,astroturf,,
2023,9,REG,2023-11-05,09:30,KC,MIA,21,14,Deutsche Bank Park,outdoors,grass,,
2023,9,REG,2023-11-05,16:25,LV,NYG,30,6,Allegiant Stadium,dome,grass,,
2023,9,REG,2023-11-05,13:00,NE,WAS,17,20,Gillette Stadium,outdoors,fieldturf,62,6
2023,9,REG,2023-11-05,13:00,NO,CHI,24,17,Mercedes-Benz Superdome,dome,sportturf,,
2023,9,REG,2023-11-05,16:25,PHI,DAL,28,23,Lincoln Financial Field,outdoors,grass,64,6
2023,9,REG,2023-11-06,20:15,NYJ,LAC,6,27,MetLife Stadium,outdoors,fieldturf,48,4
2023,10,REG,2023-11-09,20:15,CHI,CAR,16,13,Soldier Field,outdoors,grass,51,8
2023,10,REG,2023-11-12,16:05,ARI,ATL,25,23,State Farm Stadium,closed,grass,,
2023,10,REG,2023-11-12,13:00,BAL,CLE,31,33,M&T Bank Stadium,outdoors,grass,49,4
2023,10,REG,2023-11-12,13:00,CIN,HOU,27,30,Paycor Stadium,outdoors,fieldturf,56,6
2023,10,REG,2023-11-12,16:25,DAL,NYG,49,17,AT&T Stadium,closed,matrixturf,,
2023,10,REG,2023-11-12,13:00,JAX,SF,3,34,TIAA Bank Stadium,outdoors,grass,59,11
2023,10,REG,2023-11-12,16:05,LAC,DET,38,41,SoFi Stadium,dome,matrixturf,,
2023,10,REG,2023-11-12,20:20,LV,NYJ,16,12,Allegiant Stadium,dome,grass,,
2023,10,REG,2023-11-12,13:00,MIN,NO,27,19,U.S. Bank Stadium,dome,sportturf,,
2023,10,REG,2023-11-12,09:30,NE,IND,6,10,Deutsche Bank Park,outdoors,grass,,
2023,10,REG,2023-11-12,13:00,PIT,GB,23,19,Acrisure Stadium,outdoors,grass,50,5
2023,10,REG,2023-11-12,16:25,SEA,WAS,29,26,Lumen Field,outdoors,fieldturf,52,4
2023,10,REG,2023-11-12,13:00,TB,TEN,20,6,Raymond James Stadium,outdoors,grass,85,6
2023,10,REG,2023-11-13,20:15,BUF,DEN,22,24,New Era Field,outdoors,a_turf,49,10
2023,11,REG,2023-11-16,20:15,BAL,CIN,34,20,M&T Bank Stadium,outdoors,grass,56,1
2023,11,REG,2023-11-19,16:25,BUF,NYJ,32,6,New Era Field,outdoors,a_turf,40,9
2023,11,REG,2023-11-19,13:00,CAR,DAL,10,33,Bank of America Stadium,outdoors,grass,65,2
2023,11,REG,2023-11-19,13:00,CLE,PIT,13,10,FirstEnergy Stadium,outdoors,grass,48,11
2023,11,REG,2023-11-19,20:20,DEN,MIN,21,20,Empower Field at Mile High,outdoors,grass,53,3
2023,11,REG,2023-11-19,13:00,DET,CHI,31,26,Ford Field,dome,fieldturf,,
2023,11,REG,2023-11-19,13:00,GB,LAC,23,20,Lambeau Field,outdoors,grass,45,5
2023,11,REG,2023-11-19,13:00,HOU,ARI,21,16,NRG Stadium,closed,astroturf,,
2023,11,REG,2023-11-19,13:00,JAX,TEN,34,14,TIAA Bank Stadium,outdoors,grass,75,3
2023,11,REG,2023-11-19,16:25,LA,SEA,17,16,SoFi Stadium,dome,matrixturf,,
2023,11,REG,2023-11-19,13:00,MIA,LV,20,13,Hard Rock Stadium,outdoors,grass,82,7
2023,11,REG,2023-11-19,16:05,SF,TB,27,14,Levi's Stadium,outdoors,grass,65,10
2023,11,REG,2023-11-19,13:00,WAS,NYG,19,31,FedExField,outdoors,grass,56,7
2023,11,REG,2023-11-20,20:15,KC,PHI,17,21,GEHA Field at Arrowhead Stadium,outdoors,grass,45,12
2023,12,REG,2023-11-23,16:30,DAL,WAS,45,10,AT&T Stadium,closed,matrixturf,,
2023,12,REG,2023-11-23,12:30,DET,GB,22,29,Ford Field,dome,fieldturf,,
2023,12,REG,2023-11-23,20:20,SEA,SF,13,31,Lumen Field,outdoors,fieldturf,39,4
2023,12,REG,2023-11-24,15:00,NYJ,MIA,13,34,MetLife Stadium,outdoors,fieldturf,48,11
2023,12,REG,2023-11-26,16:05,ARI,LA,14,37,State Farm Stadium,closed,grass,,
2023,12,REG,2023-11-26,13:00,ATL,NO,24,15,Mercedes-Benz Stadium,closed,fieldturf,,
2023,12,REG,2023-11-26,13:00,CIN,PIT,10,16,Paycor Stadium,outdoors,fieldturf,48,9
2023,12,REG,2023-11-26,16:05,DEN,CLE,29,12,Empower Field at Mile High,outdoors,grass,40,5
2023,12,REG,2023-11-26,13:00,HOU,JAX,21,24,NRG Stadium,closed,astroturf,,
2023,12,REG,2023-11-26,13:00,IND,TB,27,20,Lucas Oil Stadium,closed,fieldturf,,
2023,12,REG,2023-11-26,20:20,LAC,BAL,10,20,SoFi Stadium,dome,matrixturf,,
2023,12,REG,2023-11-26,16:25,LV,KC,17,31,Allegiant Stadium,dome,grass,,
2023,12,REG,2023-11-26,13:00,NYG,NE,10,7,MetLife Stadium,outdoors,fieldturf,43,6
2023,12,REG,2023-11-26,16:25,PHI,BUF,37,34,Lincoln Financial Field,outdoors,grass,47,6
2023,12,REG,2023-11-26,13:00,TEN,CAR,17,10,Nissan Stadium,outdoors,grass,51,13
2023,12,REG,2023-11-27,20:15,MIN,CHI,10,12,U.S. Bank Stadium,dome,sportturf,,
2023,13,REG,2023-11-30,20:15,DAL,SEA,41,35,AT&T Stadium,closed,matrixturf,,
2023,13,REG,2023-12-03,20:20,GB,KC,27,19,Lambeau Field,outdoors,grass,31,9
2023,13,REG,2023-12-03,13:00,HOU,DEN,22,17,NRG Stadium,closed,astroturf,,
2023,13,REG,2023-12-03,16:25,LA,CLE,36,19,SoFi Stadium,dome,matrixturf,,
2023,13,REG,2023-12-03,13:00,NE,LAC,0,6,Gillette Stadium,outdoors,fieldturf,44,8
2023,13,REG,2023-12-03,13:00,NO,DET,28,33,Mercedes-Benz Superdome,dome,sportturf,,
2023,13,REG,2023-12-03,13:00,NYJ,ATL,8,13,MetLife Stadium,outdoors,fieldturf,50,8
2023,13,REG,2023-12-03,16:25,PHI,SF,19,42,Lincoln Financial Field,outdoors,grass,52,44
2023,13,REG,2023-12-03,13:00,PIT,ARI,10,24,Acrisure Stadium,outdoors,grass,56,12
2023,13,REG,2023-12-03,16:05,TB,CAR,21,18,Raymond James Stadium,outdoors,grass,81,8
2023,13,REG,2023-12-03,13:00,TEN,IND,28,31,Nissan Stadium,outdoors,grass,53,13
2023,13,REG,2023-12-03,13:00,WAS,MIA,15,45,FedExField,outdoors,grass,53,2
2023,13,REG,2023-12-04,20:15,JAX,CIN,31,34,TIAA Bank Stadium,outdoors,grass,61,4
2023,14,REG,2023-12-07,20:15,PIT,NE,18,21,Acrisure Stadium,outdoors,grass,42,5
2023,14,REG,2023-12-10,13:00,ATL,TB,25,29,Mercedes-Benz Stadium,closed,fieldturf,,
2023,14,REG,2023-12-10,13:00,BAL,LA,37,31,M&T Bank Stadium,outdoors,grass,57,5
2023,14,REG,2023-12-10,13:00,CHI,DET,28,13,Soldier Field,outdoors,grass,36,12
2023,14,REG,2023-12-10,13:00,CIN,IND,34,14,Paycor Stadium,outdoors,fieldturf,40,9
2023,14,REG,2023-12-10,13:00,CLE,JAX,31,27,FirstEnergy Stadium,outdoors,grass,39,11
2023,14,REG,2023-12-10,20:20,DAL,PHI,33,13,AT&T Stadium,closed,matrixturf,,
2023,14,REG,2023-12-10,16:25,KC,BUF,17,20,GEHA Field at Arrowhead Stadium,outdoors,grass,45,5
2023,14,REG,2023-12-10,16:25,LAC,DEN,7,24,SoFi Stadium,dome,matrixturf,,
2023,14,REG,2023-12-10,16:05,LV,MIN,0,3,Allegiant Stadium,dome,grass,,
2023,14,REG,2023-12-10,13:00,NO,CAR,28,6,Mercedes-Benz Superdome,dome,sportturf,,
2023,14,REG,2023-12-10,13:00,NYJ,HOU,30,6,MetLife Stadium,outdoors,fieldturf,58,7
2023,14,REG,2023-12-10,16:05,SF,SEA,28,16,Levi's Stadium,outdoors,grass,63,5
2023,14,REG,2023-12-11,20:15,MIA,TEN,27,28,Hard Rock Stadium,outdoors,grass,64,9
2023,14,REG,2023-12-11,20:15,NYG,GB,24,22,MetLife Stadium,outdoors,fieldturf,39,14
2023,15,REG,2023-12-14,20:15,LV,LAC,63,21,Allegiant Stadium,dome,grass,,
2023,15,REG,2023-12-16,13:00,CIN,MIN,27,24,Paycor Stadium,outdoors,fieldturf,53,5
2023,15,REG,2023-12-16,20:15,DET,DEN,42,17,Ford Field,dome,fieldturf,,
2023,15,REG,2023-12-16,16:30,IND,PIT,30,13,Lucas Oil Stadium,closed,fieldturf,,
2023,15,REG,2023-12-17,16:05,ARI,SF,29,45,State Farm Stadium,open,grass,,
2023,15,REG,2023-12-17,16:25,BUF,DAL,31,10,New Era Field,outdoors,a_turf,48,9
2023,15,REG,2023-12-17,13:00,CAR,ATL,9,7,Bank of America Stadium,outdoors,grass,47,11
2023,15,REG,2023-12-17,13:00,CLE,CHI,20,17,FirstEnergy Stadium,outdoors,grass,45,15
2023,15,REG,2023-12-17,13:00,GB,TB,20,34,Lambeau Field,outdoors,grass,42,8
2023,15,REG,2023-12-17,20:20,JAX,BAL,7,23,TIAA Bank Stadium,outdoors,grass,58,13
2023,15,REG,2023-12-17,16:05,LA,WAS,28,20,SoFi Stadium,dome,matrixturf,,
2023,15,REG,2023-12-17,13:00,MIA,NYJ,30,0,Hard Rock Stadium,outdoors,grass,76,15
2023,15,REG,2023-12-17,13:00,NE,KC,17,27,Gillette Stadium,outdoors,fieldturf,53,7
2023,15,REG,2023-12-17,13:00,NO,NYG,24,6,Mercedes-Benz Superdome,dome,sportturf,,
2023,15,REG,2023-12-17,13:00,TEN,HOU,16,19,Nissan Stadium,outdoors,grass,48,9
2023,15,REG,2023-12-18,20:15,SEA,PHI,20,17,Lumen Field,outdoors,fieldturf,46,2
2023,16,REG,2023-12-21,20:15,LA,NO,30,22,SoFi Stadium,dome,matrixturf,,
2023,16,REG,2023-12-23,20:00,LAC,BUF,22,24,SoFi Stadium,dome,matrixturf,,
2023,16,REG,2023-12-23,16:30,PIT,CIN,34,11,Acrisure Stadium,outdoors,grass,49,5
2023,16,REG,2023-12-24,13:00,ATL,IND,29,10,Mercedes-Benz Stadium,closed,fieldturf,,
2023,16,REG,2023-12-24,13:00,CAR,GB,30,33,Bank of America Stadium,outdoors,grass,67,1
2023,16,REG,2023-12-24,16:25,CHI,ARI,27,16,Soldier Field,outdoors,grass,52,4
2023,16,REG,2023-12-24,20:15,DEN,NE,23,26,Empower Field at Mile High,outdoors,grass,28,9
2023,16,REG,2023-12-24,13:00,HOU,CLE,22,36,NRG Stadium,closed,astroturf,,
2023,16,REG,2023-12-24,16:25,MIA,DAL,22,20,Hard Rock Stadium,outdoors,grass,75,15
2023,16,REG,2023-12-24,13:00,MIN,DET,24,30,U.S. Bank Stadium,dome,sportturf,,
2023,16,REG,2023-12-24,13:00,NYJ,WAS,30,28,MetLife Stadium,outdoors,fieldturf,45,2
2023,16,REG,2023-12-24,16:05,TB,JAX,30,12,Raymond James Stadium,outdoors,grass,72,11
2023,16,REG,2023-12-24,13:00,TEN,SEA,17,20,Nissan Stadium,outdoors,grass,61,4
2023,16,REG,2023-12-25,13:00,KC,LV,14,20,GEHA Field at Arrowhead Stadium,outdoors,grass,38,11
2023,16,REG,2023-12-25,16:30,PHI,NYG,33,25,Lincoln Financial Field,outdoors,grass,51,5
2023,16,REG,2023-12-25,20:15,SF,BAL,19,33,Levi's Stadium,outdoors,grass,56,8
2023,17,REG,2023-12-28,20:15,CLE,NYJ,37,20,FirstEnergy Stadium,outdoors,grass,47,6
2023,17,REG,2023-12-30,20:15,DAL,DET,20,19,AT&T Stadium,closed,matrixturf,,
2023,17,REG,2023-12-31,13:00,BAL,MIA,56,19,M&T Bank Stadium,outdoors,grass,50,7
2023,17,REG,2023-12-31,13:00,BUF,NE,27,21,New Era Field,outdoors,a_turf,35,4
2023,17,REG,2023-12-31,13:00,CHI,ATL,37,17,Soldier Field,outdoors,grass,32,5
2023,17,REG,2023-12-31,16:25,DEN,LAC,16,9,Empower Field at Mile High,outdoors,grass,41,6
2023,17,REG,2023-12-31,13:00,HOU,TEN,26,3,NRG Stadium,closed,astroturf,,
2023,17,REG,2023-12-31,13:00,IND,LV,23,20,Lucas Oil Stadium,closed,fieldturf,,
2023,17,REG,2023-12-31,13:00,JAX,CAR,26,0,TIAA Bank Stadium,outdoors,grass,56,8
2023,17,REG,2023-12-31,16:25,KC,CIN,25,17,GEHA Field at Arrowhead Stadium,outdoors,grass,36,12
2023,17,REG,2023-12-31,20:20,MIN,GB,10,33,U.S. Bank Stadium,dome,sportturf,,
2023,17,REG,2023-12-31,13:00,NYG,LA,25,26,MetLife Stadium,outdoors,fieldturf,41,10
2023,17,REG,2023-12-31,13:00,PHI,ARI,31,35,Lincoln Financial Field,outdoors,grass,45,9
2023,17,REG,2023-12-31,16:05,SEA,PIT,23,30,Lumen Field,outdoors,fieldturf,47,4
2023,17,REG,2023-12-31,13:00,TB,NO,13,23,Raymond James Stadium,outdoors,grass,66,5
2023,17,REG,2023-12-31,13:00,WAS,SF,10,27,FedExField,outdoors,grass,48,7
2023,18,REG,2024-01-06,16:30,BAL,PIT,10,17,M&T Bank Stadium,outdoors,grass,38,15
2023,18,REG,2024-01-06,20:15,IND,HOU,19,23,Lucas Oil Stadium,closed,fieldturf,,
2023,18,REG,2024-01-07,16:25,ARI,SEA,20,21,State Farm Stadium,closed,grass,,
2023,18,REG,2024-01-07,13:00,CAR,TB,0,9,Bank of America Stadium,outdoors,grass,54,19
2023,18,REG,2024-01-07,13:00,CIN,CLE,31,14,Paycor Stadium,outdoors,fieldturf,38,12
2023,18,REG,2024-01-07,13:00,DET,MIN,30,20,Ford Field,dome,fieldturf,,
2023,18,REG,2024-01-07,16:25,GB,CHI,17,9,Lambeau Field,outdoors,grass,34,7
2023,18,REG,2024-01-07,16:25,LAC,KC,12,13,SoFi Stadium,dome,matrixturf,,
2023,18,REG,2024-01-07,16:25,LV,DEN,27,14,Allegiant Stadium,dome,grass,,
2023,18,REG,2024-01-07,20:20,MIA,BUF,14,21,Hard Rock Stadium,outdoors,grass,63,6
2023,18,REG,2024-01-07,13:00,NE,NYJ,3,17,Gillette Stadium,outdoors,fieldturf,33,14
2023,18,REG,2024-01-07,13:00,NO,ATL,48,17,Mercedes-Benz Superdome,dome,sportturf,,
2023,18,REG,2024-01-07,16:25,NYG,PHI,27,10,MetLife Stadium,outdoors,fieldturf,36,12
2023,18,REG,2024-01-07,16:25,SF,LA,20,21,Levi's Stadium,outdoors,grass,52,11
2023,18,REG,2024-01-07,13:00,TEN,JAX,28,20,Nissan Stadium,outdoors,grass,41,11
2023,18,REG,2024-01-07,16:25,WAS,DAL,10,38,FedExField,outdoors,grass,48,13
2023,19,WC,2024-01-13,16:30,HOU,CLE,45,14,NRG Stadium,closed,astroturf,,
2023,19,WC,2024-01-13,20:00,KC,MIA,26,7,GEHA Field at Arrowhead Stadium,outdoors,grass,-4,19
2023,19,WC,2024-01-14,16:30,DAL,GB,32,48,AT&T Stadium,closed,matrixturf,,
2023,19,WC,2024-01-14,20:00,DET,LA,24,23,Ford Field,dome,fieldturf,,
2023,19,WC,2024-01-15,16:30,BUF,PIT,31,17,New Era Field,outdoors,a_turf,17,10
2023,19,WC,2024-01-15,20:00,TB,PHI,32,9,Raymond James Stadium,outdoors,grass,65,2
2023,20,DIV,2024-01-20,16:30,BAL,HOU,34,10,M&T Bank Stadium,outdoors,grass,27,16
2023,20,DIV,2024-01-20,20:15,SF,GB,24,21,Levi's Stadium,outdoors,grass,59,8
2023,20,DIV,2024-01-21,18:30,BUF,KC,24,27,New Era Field,outdoors,a_turf,25,11
2023,20,DIV,2024-01-21,15:00,DET,TB,31,23,Ford Field,dome,fieldturf,,
2023,21,CON,2024-01-28,15:00,BAL,KC,10,17,M&T Bank Stadium,outdoors,grass,47,7
2023,21,CON,2024-01-28,18:30,SF,DET,34,31,Levi's Stadium,outdoors,grass,69,5
2023,22,SB,2024-02-11,18:30,KC,SF,25,22,Allegiant Stadium,dome,grass,,
2024,1,REG,2024-09-05,20:20,KC,BAL,27,20,GEHA Field at Arrowhead Stadium,outdoors,grass,67,8
2024,1,REG,2024-09-06,20:15,PHI,GB,34,29,Arena Corinthians,outdoors,,,
2024,1,REG,2024-09-08,13:00,ATL,PIT,10,18,Mercedes-Benz Stadium,closed,fieldturf,,
2024,1,REG,2024-09-08,13:00,BUF,ARI,34,28,New Era Field,outdoors,a_turf,61,20
2024,1,REG,2024-09-08,13:00,CHI,TEN,24,17,Soldier Field,outdoors,grass,67,8
2024,1,REG,2024-09-08,13:00,CIN,NE,10,16,Paycor Stadium,outdoors,fieldturf,66,5
2024,1,REG,2024-09-08,16:25,CLE,DAL,17,33,FirstEnergy Stadium,outdoors,grass,69,17
2024,1,REG,2024-09-08,20:20,DET,LA,26,20,Ford Field,dome,fieldturf,,
2024,1,REG,2024-09-08,13:00,IND,HOU,27,29,Lucas Oil Stadium,closed,fieldturf,,
2024,1,REG,2024-09-08,16:05,LAC,LV,22,10,SoFi Stadium,dome,matrixturf,,
2024,1,REG,2024-09-08,13:00,MIA,JAX,20,17,Hard Rock Stadium,outdoors,grass,91,10
2024,1,REG,2024-09-08,13:00,NO,CAR,47,10,Mercedes-Benz Superdome,dome,sportturf,,
2024,1,REG,2024-09-08,13:00,NYG,MIN,6,28,MetLife Stadium,outdoors,fieldturf,64,10
2024,1,REG,2024-09-08,16:05,SEA,DEN,26,20,Lumen Field,outdoors,fieldturf,65,7
2024,1,REG,2024-09-08,16:25,TB,WAS,37,20,Raymond James Stadium,outdoors,grass,93,6
2024,1,REG,2024-09-09,20:15,SF,NYJ,32,19,Levi's Stadium,outdoors,grass,76,10
2024,2,REG,2024-09-12,20:15,MIA,BUF,10,31,Hard Rock Stadium,outdoors,grass,86,3
2024,2,REG,2024-09-15,16:05,ARI,LA,41,10,State Farm Stadium,closed,grass,,
2024,2,REG,2024-09-15,13:00,BAL,LV,23,26,M&T Bank Stadium,outdoors,grass,76,10
2024,2,REG,2024-09-15,13:00,CAR,LAC,3,26,Bank of America Stadium,outdoors,grass,78,13
2024,2,REG,2024-09-15,13:00,DAL,NO,19,44,AT&T Stadium,closed,matrixturf,,
2024,2,REG,2024-09-15,16:25,DEN,PIT,6,13,Empower Field at Mile High,outdoors,grass,83,4
2024,2,REG,2024-09-15,13:00,DET,TB,16,20,Ford Field,dome,fieldturf,,
2024,2,REG,2024-09-15,13:00,GB,IND,16,10,Lambeau Field,outdoors,grass,85,7
2024,2,REG,2024-09-15,20:20,HOU,CHI,19,13,NRG Stadium,closed,astroturf,,
2024,2,REG,2024-09-15,13:00,JAX,CLE,13,18,TIAA Bank Stadium,outdoors,grass,80,12
2024,2,REG,2024-09-15,16:25,KC,CIN,26,25,GEHA Field at Arrowhead Stadium,outdoors,grass,89,8
2024,2,REG,2024-09-15,13:00,MIN,SF,23,17,U.S. Bank Stadium,dome,sportturf,,
2024,2,REG,2024-09-15,13:00,NE,SEA,20,23,Gillette Stadium,outdoors,fieldturf,77,5
2024,2,REG,2024-09-15,13:00,TEN,NYJ,17,24,Nissan Stadium,outdoors,grass,80,13
2024,2,REG,2024-09-15,13:00,WAS,NYG,21,18,FedExField,outdoors,grass,82,11
2024,2,REG,2024-09-16,20:15,PHI,ATL,21,22,Lincoln Financial Field,outdoors,grass,71,9
2024,3,REG,2024-09-19,20:15,NYJ,NE,24,3,MetLife Stadium,outdoors,fieldturf,75,5
2024,3,REG,2024-09-22,16:25,ARI,DET,13,20,State Farm Stadium,closed,grass,,
2024,3,REG,2024-09-22,20:20,ATL,KC,17,22,Mercedes-Benz Stadium,closed,fieldturf,,
2024,3,REG,2024-09-22,13:00,CLE,NYG,15,21,FirstEnergy Stadium,outdoors,grass,76,4
2024,3,REG,2024-09-22,16:25,DAL,BAL,25,28,AT&T Stadium,closed,matrixturf,,
2024,3,REG,2024-09-22,13:00,IND,CHI,21,16,Lucas Oil Stadium,closed,fieldturf,,
2024,3,REG,2024-09-22,16:25,LA,SF,27,24,SoFi Stadium,dome,matrixturf,,
2024,3,REG,2024-09-22,16:05,LV,CAR,22,36,Allegiant Stadium,dome,grass,,
2024,3,REG,2024-09-22,13:00,MIN,HOU,34,7,U.S. Bank Stadium,dome,sportturf,,
2024,3,REG,2024-09-22,13:00,NO,PHI,12,15,Mercedes-Benz Superdome,dome,sportturf,,
2024,3,REG,2024-09-22,13:00,PIT,LAC,20,10,Acrisure Stadium,outdoors,grass,72,2
2024,3,REG,2024-09-22,16:05,SEA,MIA,24,3,Lumen Field,outdoors,fieldturf,64,2
2024,3,REG,2024-09-22,13:00,TB,DEN,7,26,Raymond James Stadium,outdoors,grass,85,6
2024,3,REG,2024-09-22,13:00,TEN,GB,14,30,Nissan Stadium,outdoors,grass,87,7
2024,3,REG,2024-09-23,19:30,BUF,JAX,47,10,New Era Field,outdoors,a_turf,68,5
2024,3,REG,2024-09-23,20:15,CIN,WAS,33,38,Paycor Stadium,outdoors,fieldturf,69,5
2024,4,REG,2024-09-26,20:15,NYG,DAL,15,20,MetLife Stadium,outdoors,fieldturf,74,3
2024,4,REG,2024-09-29,16:05,ARI,WAS,14,42,State Farm Stadium,closed,grass,,
2024,4,REG,2024-09-29,13:00,ATL,NO,26,24,Mercedes-Benz Stadium,closed,fieldturf,,
2024,4,REG,2024-09-29,20:20,BAL,BUF,35,10,M&T Bank Stadium,outdoors,grass,68,8
2024,4,REG,2024-09-29,13:00,CAR,CIN,24,34,Bank of America Stadium,outdoors,grass,78,6
2024,4,REG,2024-09-29,13:00,CHI,LA,24,18,Soldier Field,outdoors,grass,70,16
2024,4,REG,2024-09-29,13:00,GB,MIN,29,31,Lambeau Field,outdoors,grass,71,15
2024,4,REG,2024-09-29,13:00,HOU,JAX,24,20,NRG Stadium,closed,astroturf,,
2024,4,REG,2024-09-29,13:00,IND,PIT,27,24,Lucas Oil Stadium,closed,fieldturf,,
2024,4,REG,2024-09-29,16:25,LAC,KC,10,17,SoFi Stadium,dome,matrixturf,,
2024,4,REG,2024-09-29,16:25,LV,CLE,20,16,Allegiant Stadium,dome,grass,,
2024,4,REG,2024-09-29,13:00,NYJ,DEN,9,10,MetLife Stadium,outdoors,fieldturf,67,8
2024,4,REG,2024-09-29,16:05,SF,NE,30,13,Levi's Stadium,outdoors,grass,71,5
2024,4,REG,2024-09-29,13:00,TB,PHI,33,16,Raymond James Stadium,outdoors,grass,88,9
2024,4,REG,2024-09-30,20:15,DET,SEA,42,29,Ford Field,dome,fieldturf,,
2024,4,REG,2024-09-30,19:30,MIA,TEN,12,31,Hard Rock Stadium,outdoors,grass,86,9
2024,5,REG,2024-10-03,20:15,ATL,TB,36,30,Mercedes-Benz Stadium,closed,fieldturf,,
2024,5,REG,2024-10-06,13:00,CHI,CAR,36,10,Soldier Field,outdoors,grass,74,7
2024,5,REG,2024-10-06,13:00,CIN,BAL,38,41,Paycor Stadium,outdoors,fieldturf,81,10
2024,5,REG,2024-10-06,16:05,DEN,LV,34,18,Empower Field at Mile High,outdoors,grass,73,7
2024,5,REG,2024-10-06,13:00,HOU,BUF,23,20,NRG Stadium,closed,astroturf,,
2024,5,REG,2024-10-06,13:00,JAX,IND,37,34,TIAA Bank Stadium,outdoors,grass,74,4
2024,5,REG,2024-10-06,16:25,LA,GB,19,24,SoFi Stadium,dome,matrixturf,,
2024,5,REG,2024-10-06,09:30,MIN,NYJ,23,17,Tottenham Stadium,outdoors,grass,59,8
2024,5,REG,2024-10-06,13:00,NE,MIA,10,15,Gillette Stadium,outdoors,fieldturf,65,2
2024,5,REG,2024-10-06,20:20,PIT,DAL,17,20,Acrisure Stadium,outdoors,grass,67,6
2024,5,REG,2024-10-06,16:25,SEA,NYG,20,29,Lumen Field,outdoors,fieldturf,61,3
2024,5,REG,2024-10-06,16:05,SF,ARI,23,24,Levi's Stadium,outdoors,grass,89,3
2024,5,REG,2024-10-06,13:00,WAS,CLE,34,13,FedExField,outdoors,grass,73,5
2024,5,REG,2024-10-07,20:15,KC,NO,26,13,GEHA Field at Arrowhead Stadium,outdoors,grass,70,1
2024,6,REG,2024-10-10,20:15,SEA,SF,24,36,Lumen Field,outdoors,fieldturf,59,10
2024,6,REG,2024-10-13,13:00,BAL,WAS,30,23,M&T Bank Stadium,outdoors,grass,75,8
2024,6,REG,2024-10-13,16:25,CAR,ATL,20,38,Bank of America Stadium,outdoors,grass,79,9
2024,6,REG,2024-10-13,09:30,CHI,JAX,35,16,Tottenham Stadium,outdoors,grass,54,3
2024,6,REG,2024-10-13,16:25,DAL,DET,9,47,AT&T Stadium,closed,matrixturf,,
2024,6,REG,2024-10-13,16:05,DEN,LAC,16,23,Empower Field at Mile High,outdoors,grass,65,7
2024,6,REG,2024-10-13,13:00,GB,ARI,34,13,Lambeau Field,outdoors,grass,50,4
2024,6,REG,2024-10-13,16:05,LV,PIT,13,32,Allegiant Stadium,dome,grass,,
2024,6,REG,2024-10-13,13:00,NE,HOU,21,41,Gillette Stadium,outdoors,fieldturf,53,5
2024,6,REG,2024-10-13,13:00,NO,TB,27,51,Mercedes-Benz Superdome,dome,sportturf,,
2024,6,REG,2024-10-13,20:20,NYG,CIN,7,17,MetLife Stadium,outdoors,fieldturf,63,2
2024,6,REG,2024-10-13,13:00,PHI,CLE,20,16,Lincoln Financial Field,outdoors,grass,82,10
2024,6,REG,2024-10-13,13:00,TEN,IND,17,20,Nissan Stadium,outdoors,grass,80,12
2024,6,REG,2024-10-14,20:15,NYJ,BUF,20,23,MetLife Stadium,outdoors,fieldturf,49,14
2024,7,REG,2024-10-17,20:15,NO,DEN,10,33,Mercedes-Benz Superdome,dome,sportturf,,
2024,7,REG,2024-10-20,13:00,ATL,SEA,14,34,Mercedes-Benz Stadium,closed,fieldturf,,
2024,7,REG,2024-10-20,13:00,BUF,TEN,34,10,New Era Field,outdoors,a_turf,66,12
2024,7,REG,2024-10-20,13:00,CLE,CIN,14,21,FirstEnergy Stadium,outdoors,grass,62,8
2024,7,REG,2024-10-20,13:00,GB,HOU,24,22,Lambeau Field,outdoors,grass,72,3
2024,7,REG,2024-10-20,13:00,IND,MIA,16,10,Lucas Oil Stadium,closed,fieldturf,,
2024,7,REG,2024-10-20,09:30,JAX,NE,32,16,Wembley Stadium,outdoors,grass,63,12
2024,7,REG,2024-10-20,16:05,LA,LV,20,15,SoFi Stadium,dome,matrixturf,,
2024,7,REG,2024-10-20,13:00,MIN,DET,29,31,U.S. Bank Stadium,dome,sportturf,,
2024,7,REG,2024-10-20,13:00,NYG,PHI,3,28,MetLife Stadium,outdoors,fieldturf,71,4
2024,7,REG,2024-10-20,20:20,PIT,NYJ,37,15,Acrisure Stadium,outdoors,grass,60,4
2024,7,REG,2024-10-20,16:25,SF,KC,18,28,Levi's Stadium,outdoors,grass,78,3
2024,7,REG,2024-10-20,16:05,WAS,CAR,40,7,FedExField,outdoors,grass,76,2
2024,7,REG,2024-10-21,21:00,ARI,LAC,17,15,State Farm Stadium,closed,grass,,
2024,7,REG,2024-10-21,20:15,TB,BAL,31,41,Raymond James Stadium,outdoors,grass,80,8
2024,8,REG,2024-10-24,20:15,LA,MIN,30,20,SoFi Stadium,dome,matrixturf,,
2024,8,REG,2024-10-27,13:00,CIN,PHI,17,37,Paycor Stadium,outdoors,fieldturf,59,6
2024,8,REG,2024-10-27,13:00,CLE,BAL,29,24,FirstEnergy Stadium,outdoors,grass,52,4
2024,8,REG,2024-10-27,16:25,DEN,CAR,28,14,Empower Field at Mile High,outdoors,grass,76,4
2024,8,REG,2024-10-27,13:00,DET,TEN,52,14,Ford Field,dome,fieldturf,,
2024,8,REG,2024-10-27,13:00,HOU,IND,23,20,NRG Stadium,closed,astroturf,,
2024,8,REG,2024-10-27,13:00,JAX,GB,27,30,TIAA Bank Stadium,outdoors,grass,84,4
2024,8,REG,2024-10-27,16:05,LAC,NO,26,8,SoFi Stadium,dome,matrixturf,,
2024,8,REG,2024-10-27,16:25,LV,KC,20,27,Allegiant Stadium,dome,grass,,
2024,8,REG,2024-10-27,13:00,MIA,ARI,27,28,Hard Rock Stadium,outdoors,grass,82,14
2024,8,REG,2024-10-27,13:00,NE,NYJ,25,22,Gillette Stadium,outdoors,fieldturf,53,8
2024,8,REG,2024-10-27,16:05,SEA,BUF,10,31,Lumen Field,outdoors,fieldturf,55,14
2024,8,REG,2024-10-27,20:20,SF,DAL,30,24,Levi's Stadium,outdoors,grass,69,9
2024,8,REG,2024-10-27,13:00,TB,ATL,26,31,Raymond James Stadium,outdoors,grass,79,6
2024,8,REG,2024-10-27,16:25,WAS,CHI,18,15,FedExField,outdoors,grass,58,2
2024,8,REG,2024-10-28,20:15,PIT,NYG,26,18,Acrisure Stadium,outdoors,grass,54,7
2024,9,REG,2024-10-31,20:15,NYJ,HOU,21,13,MetLife Stadium,outdoors,fieldturf,71,8
2024,9,REG,2024-11-03,16:05,ARI,CHI,29,9,State Farm Stadium,closed,grass,,
2024,9,REG,2024-11-03,13:00,ATL,DAL,27,21,Mercedes-Benz Stadium,closed,fieldturf,,
2024,9,REG,2024-11-03,13:00,BAL,DEN,41,10,M&T Bank Stadium,outdoors,grass,57,3
2024,9,REG,2024-11-03,13:00,BUF,MIA,30,27,New Era Field,outdoors,a_turf,54,9
2024,9,REG,2024-11-03,13:00,CAR,NO,23,22,Bank of America Stadium,outdoors,grass,66,7
2024,9,REG,2024-11-03,13:00,CIN,LV,41,24,Paycor Stadium,outdoors,fieldturf,67,7
2024,9,REG,2024-11-03,13:00,CLE,LAC,10,27,FirstEnergy Stadium,outdoors,grass,57,10
2024,9,REG,2024-11-03,16:25,GB,DET,14,24,Lambeau Field,outdoors,grass,50,15
2024,9,REG,2024-11-03,20:20,MIN,IND,21,13,U.S. Bank Stadium,dome,sportturf,,
2024,9,REG,2024-11-03,13:00,NYG,WAS,22,27,MetLife Stadium,outdoors,fieldturf,52,6
2024,9,REG,2024-11-03,16:05,PHI,JAX,28,23,Lincoln Financial Field,outdoors,grass,57,6
2024,9,REG,2024-11-03,16:25,SEA,LA,20,26,Lumen Field,outdoors,fieldturf,52,4
2024,9,REG,2024-11-03,13:00,TEN,NE,20,17,Nissan Stadium,outdoors,grass,75,10
2024,9,REG,2024-11-04,20:15,KC,TB,30,24,GEHA Field at Arrowhead Stadium,outdoors,grass,63,6
2024,10,REG,2024-11-07,20:15,BAL,CIN,35,34,M&T Bank Stadium,outdoors,grass,69,6
2024,10,REG,2024-11-10,16:25,ARI,NYJ,31,6,State Farm Stadium,closed,grass,,
2024,10,REG,2024-11-10,09:30,CAR,NYG,20,17,Allianz Arena,outdoors,,,
2024,10,REG,2024-11-10,13:00,CHI,NE,3,19,Soldier Field,outdoors,grass,60,6
2024,10,REG,2024-11-10,16:25,DAL,PHI,6,34,AT&T Stadium,closed,matrixturf,,
2024,10,REG,2024-11-10,20:20,HOU,DET,23,26,NRG Stadium,closed,astroturf,,
2024,10,REG,2024-11-10,13:00,IND,BUF,20,30,Lucas Oil Stadium,closed,fieldturf,,
2024,10,REG,2024-11-10,13:00,JAX,MIN,7,12,TIAA Bank Stadium,outdoors,grass,79,7
2024,10,REG,2024-11-10,13:00,KC,DEN,16,14,GEHA Field at Arrowhead Stadium,outdoors,grass,57,12
2024,10,REG,2024-11-10,16:05,LAC,TEN,27,17,SoFi Stadium,dome,matrixturf,,
2024,10,REG,2024-11-10,13:00,NO,ATL,20,17,Mercedes-Benz Superdome,dome,sportturf,,
2024,10,REG,2024-11-10,13:00,TB,SF,20,23,Raymond James Stadium,outdoors,grass,85,9
2024,10,REG,2024-11-10,13:00,WAS,PIT,27,28,FedExField,outdoors,grass,57,9
2024,10,REG,2024-11-11,20:15,LA,MIA,15,23,SoFi Stadium,dome,matrixturf,,
2024,11,REG,2024-11-14,20:15,PHI,WAS,26,18,Lincoln Financial Field,outdoors,grass,46,9
2024,11,REG,2024-11-17,16:25,BUF,KC,30,21,New Era Field,outdoors,a_turf,50,3
2024,11,REG,2024-11-17,13:00,CHI,GB,19,20,Soldier Field,outdoors,grass,54,5
2024,11,REG,2024-11-17,16:05,DEN,ATL,38,6,Empower Field at Mile High,outdoors,grass,55,9
2024,11,REG,2024-11-17,13:00,DET,JAX,52,6,Ford Field,dome,fieldturf,,
2024,11,REG,2024-11-17,20:20,LAC,CIN,34,27,SoFi Stadium,dome,matrixturf,,
2024,11,REG,2024-11-17,13:00,MIA,LV,34,19,Hard Rock Stadium,outdoors,grass,80,16
2024,11,REG,2024-11-17,13:00,NE,LA,22,28,Gillette Stadium,outdoors,fieldturf,59,9
2024,11,REG,2024-11-17,13:00,NO,CLE,35,14,Mercedes-Benz Superdome,dome,sportturf,,
2024,11,REG,2024-11-17,13:00,NYJ,IND,27,28,MetLife Stadium,outdoors,fieldturf,62,4
2024,11,REG,2024-11-17,13:00,PIT,BAL,18,16,Acrisure Stadium,outdoors,grass,52,5
2024,11,REG,2024-11-17,16:05,SF,SEA,17,20,Levi's Stadium,outdoors,grass,59,4
2024,11,REG,2024-11-17,13:00,TEN,MIN,13,23,Nissan Stadium,outdoors,grass,66,7
2024,11,REG,2024-11-18,20:15,DAL,HOU,10,34,AT&T Stadium,closed,matrixturf,,
2024,12,REG,2024-11-21,20:15,CLE,PIT,24,19,FirstEnergy Stadium,outdoors,grass,36,13
2024,12,REG,2024-11-24,13:00,CAR,KC,27,30,Bank of America Stadium,outdoors,grass,61,5
2024,12,REG,2024-11-24,13:00,CHI,MIN,27,30,Soldier Field,outdoors,grass,47,5
2024,12,REG,2024-11-24,16:25,GB,SF,38,10,Lambeau Field,outdoors,grass,43,11
2024,12,REG,2024-11-24,13:00,HOU,TEN,27,32,NRG Stadium,closed,astroturf,,
2024,12,REG,2024-11-24,13:00,IND,DET,6,24,Lucas Oil Stadium,closed,fieldturf,,
2024,12,REG,2024-11-24,20:20,LA,PHI,20,37,SoFi Stadium,dome,matrixturf,,
2024,12,REG,2024-11-24,16:05,LV,DEN,19,29,Allegiant Stadium,dome,grass,,
2024,12,REG,2024-11-24,13:00,MIA,NE,34,15,Hard Rock Stadium,outdoors,grass,77,6
2024,12,REG,2024-11-24,13:00,NYG,TB,7,30,MetLife Stadium,outdoors,fieldturf,50,13
2024,12,REG,2024-11-24,16:25,SEA,ARI,16,6,Lumen Field,outdoors,fieldturf,45,5
2024,12,REG,2024-11-24,13:00,WAS,DAL,26,34,FedExField,outdoors,grass,55,5
2024,12,REG,2024-11-25,20:15,LAC,BAL,23,30,SoFi Stadium,dome,matrixturf,,
2024,13,REG,2024-11-28,16:30,DAL,NYG,27,20,AT&T Stadium,closed,matrixturf,,
2024,13,REG,2024-11-28,12:30,DET,CHI,23,20,Ford Field,dome,fieldturf,,
2024,13,REG,2024-11-28,20:20,GB,MIA,30,17,Lambeau Field,outdoors,grass,27,10
2024,13,REG,2024-11-29,15:00,KC,LV,19,17,GEHA Field at Arrowhead Stadium,outdoors,grass,37,5
2024,13,REG,2024-12-01,13:00,ATL,LAC,13,17,Mercedes-Benz Stadium,closed,fieldturf,,
2024,13,REG,2024-12-01,16:25,BAL,PHI,19,24,M&T Bank Stadium,outdoors,grass,41,7
2024,13,REG,2024-12-01,20:20,BUF,SF,35,10,New Era Field,outdoors,a_turf,28,11
2024,13,REG,2024-12-01,16:05,CAR,TB,23,26,Bank of America Stadium,outdoors,grass,51,7
2024,13,REG,2024-12-01,13:00,CIN,PIT,38,44,Paycor Stadium,outdoors,fieldturf,32,9
2024,13,REG,2024-12-01,13:00,JAX,HOU,20,23,TIAA Bank Stadium,outdoors,grass,,
2024,13,REG,2024-12-01,13:00,MIN,ARI,23,22,U.S. Bank Stadium,dome,sportturf,,
2024,13,REG,2024-12-01,13:00,NE,IND,24,25,Gillette Stadium,outdoors,fieldturf,36,9
2024,13,REG,2024-12-01,16:05,NO,LA,14,21,Mercedes-Benz Superdome,dome,sportturf,,
2024,13,REG,2024-12-01,13:00,NYJ,SEA,21,26,MetLife Stadium,outdoors,fieldturf,37,12
2024,13,REG,2024-12-01,13:00,WAS,TEN,42,19,FedExField,outdoors,grass,42,6
2024,13,REG,2024-12-02,20:15,DEN,CLE,41,32,Empower Field at Mile High,outdoors,grass,48,4
2024,14,REG,2024-12-05,20:15,DET,GB,34,31,Ford Field,dome,fieldturf,,
2024,14,REG,2024-12-08,16:05,ARI,SEA,18,30,State Farm Stadium,closed,grass,,
2024,14,REG,2024-12-08,20:20,KC,LAC,19,17,GEHA Field at Arrowhead Stadium,outdoors,grass,50,10
2024,14,REG,2024-12-08,16:25,LA,BUF,44,42,SoFi Stadium,dome,matrixturf,,
2024,14,REG,2024-12-08,13:00,MIA,NYJ,32,26,Hard Rock Stadium,outdoors,grass,77,12
2024,14,REG,2024-12-08,13:00,MIN,ATL,42,21,U.S. Bank Stadium,dome,sportturf,,
2024,14,REG,2024-12-08,13:00,NYG,NO,11,14,MetLife Stadium,outdoors,fieldturf,54,13
2024,14,REG,2024-12-08,13:00,PHI,CAR,22,16,Lincoln Financial Field,outdoors,grass,55,16
2024,14,REG,2024-12-08,13:00,PIT,CLE,27,14,Acrisure Stadium,outdoors,grass,49,12
2024,14,REG,2024-12-08,16:25,SF,CHI,38,13,Levi's Stadium,outdoors,grass,65,4
2024,14,REG,2024-12-08,13:00,TB,LV,28,13,Raymond James Stadium,outdoors,grass,71,4
2024,14,REG,2024-12-08,13:00,TEN,JAX,6,10,Nissan Stadium,outdoors,grass,53,9
2024,14,REG,2024-12-09,20:15,DAL,CIN,20,27,AT&T Stadium,closed,matrixturf,,
2024,15,REG,2024-12-12,20:15,SF,LA,6,12,Levi's Stadium,outdoors,grass,53,4
2024,15,REG,2024-12-15,16:25,ARI,NE,30,17,State Farm Stadium,closed,grass,,
2024,15,REG,2024-12-15,13:00,CAR,DAL,14,30,Bank of America Stadium,outdoors,grass,45,7
2024,15,REG,2024-12-15,13:00,CLE,KC,7,21,FirstEnergy Stadium,outdoors,grass,40,18
2024,15,REG,2024-12-15,16:25,DEN,IND,31,13,Empower Field at Mile High,outdoors,grass,55,15
2024,15,REG,2024-12-15,16:25,DET,BUF,42,48,Ford Field,dome,fieldturf,,
2024,15,REG,2024-12-15,13:00,HOU,MIA,20,12,NRG Stadium,closed,astroturf,,
2024,15,REG,2024-12-15,13:00,JAX,NYJ,25,32,TIAA Bank Stadium,outdoors,grass,,
2024,15,REG,2024-12-15,16:25,LAC,TB,17,40,SoFi Stadium,dome,matrixturf,,
2024,15,REG,2024-12-15,13:00,NO,WAS,19,20,Mercedes-Benz Superdome,dome,sportturf,,
2024,15,REG,2024-12-15,13:00,NYG,BAL,14,35,MetLife Stadium,outdoors,fieldturf,36,6
2024,15,REG,2024-12-15,16:25,PHI,PIT,27,13,Lincoln Financial Field,outdoors,grass,37,5
2024,15,REG,2024-12-15,20:20,SEA,GB,13,30,Lumen Field,outdoors,fieldturf,43,3
2024,15,REG,2024-12-15,13:00,TEN,CIN,27,37,Nissan Stadium,outdoors,grass,52,12
2024,15,REG,2024-12-16,20:30,LV,ATL,9,15,Allegiant Stadium,dome,grass,,
2024,15,REG,2024-12-16,20:00,MIN,CHI,30,12,U.S. Bank Stadium,dome,sportturf,,
2024,16,REG,2024-12-19,20:15,LAC,DEN,34,27,SoFi Stadium,dome,matrixturf,,
2024,16,REG,2024-12-21,16:30,BAL,PIT,34,17,M&T Bank Stadium,outdoors,grass,35,15
2024,16,REG,2024-12-21,13:00,KC,HOU,27,19,GEHA Field at Arrowhead Stadium,outdoors,grass,30,5
2024,16,REG,2024-12-22,13:00,ATL,NYG,34,7,Mercedes-Benz Stadium,closed,fieldturf,,
2024,16,REG,2024-12-22,16:25,BUF,NE,24,21,New Era Field,outdoors,a_turf,14,2
2024,16,REG,2024-12-22,13:00,CAR,ARI,36,30,Bank of America Stadium,outdoors,grass,37,10
2024,16,REG,2024-12-22,13:00,CHI,DET,17,34,Soldier Field,outdoors,grass,29,7
2024,16,REG,2024-12-22,13:00,CIN,CLE,24,6,Paycor Stadium,outdoors,fieldturf,33,6
2024,16,REG,2024-12-22,20:20,DAL,TB,26,24,AT&T Stadium,closed,matrixturf,,
2024,16,REG,2024-12-22,13:00,IND,TEN,38,30,Lucas Oil Stadium,closed,fieldturf,,
2024,16,REG,2024-12-22,16:25,LV,JAX,19,14,Allegiant Stadium,dome,grass,,
2024,16,REG,2024-12-22,16:25,MIA,SF,29,17,Hard Rock Stadium,outdoors,grass,73,12
2024,16,REG,2024-12-22,13:00,NYJ,LA,9,19,MetLife Stadium,outdoors,fieldturf,23,8
2024,16,REG,2024-12-22,16:05,SEA,MIN,24,27,Lumen Field,outdoors,fieldturf,48,5
2024,16,REG,2024-12-22,13:00,WAS,PHI,36,33,FedExField,outdoors,grass,32,8
2024,16,REG,2024-12-23,20:15,GB,NO,34,0,Lambeau Field,outdoors,grass,34,12
2024,17,REG,2024-12-25,16:30,HOU,BAL,2,31,NRG Stadium,closed,astroturf,,
2024,17,REG,2024-12-25,13:00,PIT,KC,10,29,Acrisure Stadium,outdoors,grass,39,2
2024,17,REG,2024-12-26,20:15,CHI,SEA,3,6,Soldier Field,outdoors,grass,47,5
2024,17,REG,2024-12-28,16:30,CIN,DEN,30,24,Paycor Stadium,outdoors,fieldturf,60,8
2024,17,REG,2024-12-28,20:15,LA,ARI,13,9,SoFi Stadium,dome,matrixturf,,
2024,17,REG,2024-12-28,13:00,NE,LAC,7,40,Gillette Stadium,outdoors,fieldturf,40,4
2024,17,REG,2024-12-29,13:00,BUF,NYJ,40,14,New Era Field,outdoors,a_turf,54,15
2024,17,REG,2024-12-29,16:05,CLE,MIA,3,20,FirstEnergy Stadium,outdoors,grass,54,15
2024,17,REG,2024-12-29,13:00,JAX,TEN,20,13,TIAA Bank Stadium,outdoors,grass,72,16
2024,17,REG,2024-12-29,16:25,MIN,GB,27,25,U.S. Bank Stadium,dome,sportturf,,
2024,17,REG,2024-12-29,13:00,NO,LV,10,25,Mercedes-Benz Superdome,dome,sportturf,,
2024,17,REG,2024-12-29,13:00,NYG,IND,45,33,MetLife Stadium,outdoors,fieldturf,54,0
2024,17,REG,2024-12-29,13:00,PHI,DAL,41,7,Lincoln Financial Field,outdoors,grass,62,10
2024,17,REG,2024-12-29,13:00,TB,CAR,48,14,Raymond James Stadium,outdoors,grass,76,8
2024,17,REG,2024-12-29,20:20,WAS,ATL,30,24,FedExField,outdoors,grass,58,10
2024,17,REG,2024-12-30,20:15,SF,DET,34,40,Levi's Stadium,outdoors,grass,,
2024,18,REG,2025-01-04,16:30,BAL,CLE,35,10,M&T Bank Stadium,outdoors,grass,31,16
2024,18,REG,2025-01-04,20:00,PIT,CIN,17,19,Acrisure Stadium,outdoors,grass,19,10
2024,18,REG,2025-01-05,16:25,ARI,SF,47,24,State Farm Stadium,closed,grass,,
2024,18,REG,2025-01-05,13:00,ATL,CAR,38,44,Mercedes-Benz Stadium,closed,fieldturf,,
2024,18,REG,2025-01-05,13:00,DAL,WAS,19,23,AT&T Stadium,closed,matrixturf,,
2024,18,REG,2025-01-05,16:25,DEN,KC,38,0,Empower Field at Mile High,outdoors,grass,28,5
2024,18,REG,2025-01-05,20:20,DET,MIN,31,9,Ford Field,dome,fieldturf,,
2024,18,REG,2025-01-05,13:00,GB,CHI,22,24,Lambeau Field,outdoors,grass,16,13
2024,18,REG,2025-01-05,13:00,IND,JAX,26,23,Lucas Oil Stadium,closed,fieldturf,,
2024,18,REG,2025-01-05,16:25,LA,SEA,25,30,SoFi Stadium,dome,matrixturf,,
2024,18,REG,2025-01-05,16:25,LV,LAC,20,34,Allegiant Stadium,dome,grass,,
2024,18,REG,2025-01-05,13:00,NE,BUF,23,16,Gillette Stadium,outdoors,fieldturf,33,14
2024,18,REG,2025-01-05,16:25,NYJ,MIA,32,20,MetLife Stadium,outdoors,fieldturf,34,10
2024,18,REG,2025-01-05,13:00,PHI,NYG,20,13,Lincoln Financial Field,outdoors,grass,31,19
2024,18,REG,2025-01-05,13:00,TB,NO,27,19,Raymond James Stadium,outdoors,grass,68,6
2024,18,REG,2025-01-05,13:00,TEN,HOU,14,23,Nissan Stadium,outdoors,grass,35,10
2024,19,WC,2025-01-11,20:00,BAL,PIT,28,14,M&T Bank Stadium,outdoors,grass,32,12
2024,19,WC,2025-01-11,16:30,HOU,LAC,32,12,NRG Stadium,closed,astroturf,,
2024,19,WC,2025-01-12,13:00,BUF,DEN,31,7,New Era Field,outdoors,a_turf,32,10
2024,19,WC,2025-01-12,16:30,PHI,GB,22,10,Lincoln Financial Field,outdoors,grass,40,6
2024,19,WC,2025-01-12,20:00,TB,WAS,20,23,Raymond James Stadium,outdoors,grass,58,2
2024,19,WC,2025-01-13,20:00,LA,MIN,27,9,State Farm Stadium,closed,grass,,
2024,20,DIV,2025-01-18,20:00,DET,WAS,31,45,Ford Field,dome,fieldturf,,
2024,20,DIV,2025-01-18,16:30,KC,HOU,23,14,GEHA Field at Arrowhead Stadium,outdoors,grass,23,17
2024,20,DIV,2025-01-19,18:30,BUF,BAL,27,25,New Era Field,outdoors,a_turf,19,4
2024,20,DIV,2025-01-19,15:00,PHI,LA,28,22,Lincoln Financial Field,outdoors,grass,34,8
2024,21,CON,2025-01-26,18:30,KC,BUF,32,29,GEHA Field at Arrowhead Stadium,outdoors,grass,31,8
2024,21,CON,2025-01-26,15:00,PHI,WAS,55,23,Lincoln Financial Field,outdoors,grass,40,11
2024,22,SB,2025-02-09,18:30,PHI,KC,40,22,Mercedes-Benz Superdome,dome,sportturf,,
2025,1,REG,2025-09-04,20:20,PHI,DAL,24,20,Lincoln Financial Field,outdoors,grass,75,11
2025,1,REG,2025-09-05,20:00,LAC,KC,27,21,SoFi Stadium,dome,,,
2025,1,REG,2025-09-07,13:00,ATL,TB,20,23,Mercedes-Benz Stadium,closed,fieldturf,,
2025,1,REG,2025-09-07,20:20,BUF,BAL,41,40,New Era Field,outdoors,a_turf,58,8
2025,1,REG,2025-09-07,13:00,CLE,CIN,16,17,FirstEnergy Stadium,outdoors,grass,63,10
2025,1,REG,2025-09-07,16:05,DEN,TEN,20,12,Empower Field at Mile High,outdoors,grass,84,6
2025,1,REG,2025-09-07,16:25,GB,DET,27,13,Lambeau Field,outdoors,grass,60,5
2025,1,REG,2025-09-07,13:00,IND,MIA,33,8,Lucas Oil Stadium,closed,fieldturf,,
2025,1,REG,2025-09-07,13:00,JAX,CAR,26,10,TIAA Bank Stadium,outdoors,grass,85,3
2025,1,REG,2025-09-07,16:25,LA,HOU,14,9,SoFi Stadium,dome,matrixturf,,
2025,1,REG,2025-09-07,13:00,NE,LV,13,20,Gillette Stadium,outdoors,fieldturf,62,4
2025,1,REG,2025-09-07,13:00,NO,ARI,13,20,Mercedes-Benz Superdome,dome,sportturf,,
2025,1,REG,2025-09-07,13:00,NYJ,PIT,32,34,MetLife Stadium,outdoors,fieldturf,67,3
2025,1,REG,2025-09-07,16:05,SEA,SF,13,17,Lumen Field,outdoors,fieldturf,67,6
2025,1,REG,2025-09-07,13:00,WAS,NYG,21,6,FedExField,outdoors,grass,68,5
2025,1,REG,2025-09-08,20:15,CHI,MIN,24,27,Soldier Field,outdoors,grass,68,6
2025,2,REG,2025-09-11,20:15,GB,WAS,27,18,Lambeau Field,outdoors,grass,65,7
2025,2,REG,2025-09-14,16:05,ARI,CAR,27,22,State Farm Stadium,closed,grass,,
2025,2,REG,2025-09-14,13:00,BAL,CLE,41,17,M&T Bank Stadium,outdoors,grass,82,3
2025,2,REG,2025-09-14,13:00,CIN,JAX,31,27,Paycor Stadium,outdoors,fieldturf,85,3
2025,2,REG,2025-09-14,13:00,DAL,NYG,40,37,AT&T Stadium,closed,matrixturf,,
2025,2,REG,2025-09-14,13:00,DET,CHI,52,21,Ford Field,dome,fieldturf,,
2025,2,REG,2025-09-14,16:05,IND,DEN,29,28,Lucas Oil Stadium,closed,fieldturf,,
2025,2,REG,2025-09-14,16:25,KC,PHI,17,20,GEHA Field at Arrowhead Stadium,outdoors,grass,88,12
2025,2,REG,2025-09-14,13:00,MIA,NE,27,33,Hard Rock Stadium,outdoors,grass,89,4
2025,2,REG,2025-09-14,20:20,MIN,ATL,6,22,U.S. Bank Stadium,dome,sportturf,,
2025,2,REG,2025-09-14,13:00,NO,SF,21,26,Mercedes-Benz Superdome,dome,sportturf,,
2025,2,REG,2025-09-14,13:00,NYJ,BUF,10,30,MetLife Stadium,outdoors,fieldturf,80,3
2025,2,REG,2025-09-14,13:00,PIT,SEA,17,31,Acrisure Stadium,outdoors,grass,79,5
2025,2,REG,2025-09-14,13:00,TEN,LA,19,33,Nissan Stadium,outdoors,grass,83,3
2025,2,REG,2025-09-15,19:00,HOU,TB,19,20,NRG Stadium,closed,astroturf,,
2025,2,REG,2025-09-15,22:00,LV,LAC,9,20,Allegiant Stadium,dome,grass,,
2025,3,REG,2025-09-18,20:15,BUF,MIA,31,21,New Era Field,outdoors,a_turf,68,7
2025,3,REG,2025-09-21,13:00,CAR,ATL,30,0,Bank of America Stadium,outdoors,grass,83,5
2025,3,REG,2025-09-21,16:25,CHI,DAL,31,14,Soldier Field,outdoors,grass,82,4
2025,3,REG,2025-09-21,13:00,CLE,GB,13,10,FirstEnergy Stadium,outdoors,grass,79,10
2025,3,REG,2025-09-21,13:00,JAX,HOU,17,10,TIAA Bank Stadium,outdoors,grass,85,11
2025,3,REG,2025-09-21,16:05,LAC,DEN,23,20,SoFi Stadium,dome,matrixturf,,
2025,3,REG,2025-09-21,13:00,MIN,CIN,48,10,U.S. Bank Stadium,dome,sportturf,,
2025,3,REG,2025-09-21,13:00,NE,PIT,14,21,Gillette Stadium,outdoors,fieldturf,66,5
2025,3,REG,2025-09-21,20:20,NYG,KC,9,22,MetLife Stadium,outdoors,fieldturf,65,5
2025,3,REG,2025-09-21,13:00,PHI,LA,33,26,Lincoln Financial Field,outdoors,grass,73,9
2025,3,REG,2025-09-21,16:05,SEA,NO,44,13,Lumen Field,outdoors,fieldturf,63,3
2025,3,REG,2025-09-21,16:25,SF,ARI,16,15,Levi's Stadium,outdoors,grass,72,7
2025,3,REG,2025-09-21,13:00,TB,NYJ,29,27,Raymond James Stadium,outdoors,grass,88,5
2025,3,REG,2025-09-21,13:00,TEN,IND,20,41,Nissan Stadium,outdoors,grass,84,8
2025,3,REG,2025-09-21,13:00,WAS,LV,41,24,FedExField,outdoors,grass,72,6
2025,3,REG,2025-09-22,20:15,BAL,DET,30,38,M&T Bank Stadium,outdoors,grass,74,7
2025,4,REG,2025-09-25,20:15,ARI,SEA,20,23,State Farm Stadium,closed,grass,,
2025,4,REG,2025-09-28,13:00,ATL,WAS,34,27,Mercedes-Benz Stadium,closed,fieldturf,,
2025,4,REG,2025-09-28,13:00,BUF,NO,31,19,New Era Field,outdoors,a_turf,73,7
2025,4,REG,2025-09-28,20:20,DAL,GB,40,40,AT&T Stadium,closed,matrixturf,,
2025,4,REG,2025-09-28,13:00,DET,CLE,34,10,Ford Field,dome,fieldturf,,
2025,4,REG,2025-09-28,13:00,HOU,TEN,26,0,NRG Stadium,closed,astroturf,,
2025,4,REG,2025-09-28,16:25,KC,BAL,37,20,GEHA Field at Arrowhead Stadium,outdoors,grass,89,10
2025,4,REG,2025-09-28,16:05,LA,IND,27,20,SoFi Stadium,dome,matrixturf,,
2025,4,REG,2025-09-28,16:25,LV,CHI,24,25,Allegiant Stadium,dome,grass,,
2025,4,REG,2025-09-28,13:00,NE,CAR,42,13,Gillette Stadium,outdoors,fieldturf,76,7
2025,4,REG,2025-09-28,13:00,NYG,LAC,21,18,MetLife Stadium,outdoors,fieldturf,81,4
2025,4,REG,2025-09-28,09:30,PIT,MIN,24,21,Acrisure Stadium,outdoors,grass,61,5
2025,4,REG,2025-09-28,16:05,SF,JAX,21,26,Levi's Stadium,outdoors,grass,72,7
2025,4,REG,2025-09-28,13:00,TB,PHI,25,31,Raymond James Stadium,outdoors,grass,88,6
2025,4,REG,2025-09-29,20:15,DEN,CIN,28,3,Empower Field at Mile High,outdoors,grass,66,12
2025,4,REG,2025-09-29,19:15,MIA,NYJ,27,21,Hard Rock Stadium,outdoors,grass,88,17
2025,5,REG,2025-10-02,20:15,LA,SF,23,26,SoFi Stadium,dome,matrixturf,,
2025,5,REG,2025-10-05,16:05,ARI,TEN,21,22,State Farm Stadium,closed,grass,,
2025,5,REG,2025-10-05,13:00,BAL,HOU,10,44,M&T Bank Stadium,outdoors,grass,78,2
2025,5,REG,2025-10-05,20:20,BUF,NE,20,23,New Era Field,outdoors,a_turf,66,3
2025,5,REG,2025-10-05,13:00,CAR,MIA,27,24,Bank of America Stadium,outdoors,grass,77,8
2025,5,REG,2025-10-05,16:25,CIN,DET,24,37,Paycor Stadium,outdoors,fieldturf,84,7
2025,5,REG,2025-10-05,09:30,CLE,MIN,17,21,FirstEnergy Stadium,outdoors,grass,61,14
2025,5,REG,2025-10-05,13:00,IND,LV,40,6,Lucas Oil Stadium,closed,fieldturf,,
2025,5,REG,2025-10-05,16:25,LAC,WAS,10,27,SoFi Stadium,dome,matrixturf,,
2025,5,REG,2025-10-05,13:00,NO,NYG,26,14,Mercedes-Benz Superdome,dome,sportturf,,
2025,5,REG,2025-10-05,13:00,NYJ,DAL,22,37,MetLife Stadium,outdoors,fieldturf,82,3
2025,5,REG,2025-10-05,13:00,PHI,DEN,17,21,Lincoln Financial Field,outdoors,grass,80,6
2025,5,REG,2025-10-05,16:05,SEA,TB,35,38,Lumen Field,outdoors,fieldturf,61,8
2025,5,REG,2025-10-06,20:15,JAX,KC,31,28,TIAA Bank Stadium,outdoors,grass,80,12
2025,6,REG,2025-10-09,20:15,NYG,PHI,34,17,MetLife Stadium,outdoors,fieldturf,53,3
2025,6,REG,2025-10-12,13:00,BAL,LA,3,17,M&T Bank Stadium,outdoors,grass,64,15
2025,6,REG,2025-10-12,13:00,CAR,DAL,30,27,Bank of America Stadium,outdoors,grass,68,15
2025,6,REG,2025-10-12,16:25,GB,CIN,27,18,Lambeau Field,outdoors,grass,64,14
2025,6,REG,2025-10-12,13:00,IND,ARI,31,27,Lucas Oil Stadium,closed,fieldturf,,
2025,6,REG,2025-10-12,13:00,JAX,SEA,12,20,TIAA Bank Stadium,outdoors,grass,76,8
2025,6,REG,2025-10-12,20:20,KC,DET,30,17,GEHA Field at Arrowhead Stadium,outdoors,grass,85,13
2025,6,REG,2025-10-12,16:05,LV,TEN,20,10,Allegiant Stadium,dome,grass,,
2025,6,REG,2025-10-12,13:00,MIA,LAC,27,29,Hard Rock Stadium,outdoors,grass,85,4
2025,6,REG,2025-10-12,13:00,NO,NE,19,25,Mercedes-Benz Superdome,dome,sportturf,,
2025,6,REG,2025-10-12,09:30,NYJ,DEN,11,13,MetLife Stadium,outdoors,grass,59,6
2025,6,REG,2025-10-12,13:00,PIT,CLE,23,9,Acrisure Stadium,outdoors,grass,64,8
2025,6,REG,2025-10-12,16:25,TB,SF,30,19,Raymond James Stadium,outdoors,grass,82,10
2025,6,REG,2025-10-13,19:15,ATL,BUF,24,14,Mercedes-Benz Stadium,closed,fieldturf,,
2025,6,REG,2025-10-13,20:15,WAS,CHI,24,25,FedExField,outdoors,grass,59,12
2025,7,REG,2025-10-16,20:15,CIN,PIT,33,31,Paycor Stadium,outdoors,fieldturf,60,5
2025,7,REG,2025-10-19,16:25,ARI,GB,23,27,State Farm Stadium,closed,grass,,
2025,7,REG,2025-10-19,13:00,CHI,NO,26,14,Soldier Field,outdoors,grass,49,8
2025,7,REG,2025-10-19,13:00,CLE,MIA,31,6,FirstEnergy Stadium,outdoors,grass,65,17
2025,7,REG,2025-10-19,16:25,DAL,WAS,44,22,AT&T Stadium,closed,matrixturf,,
2025,7,REG,2025-10-19,16:05,DEN,NYG,33,32,Empower Field at Mile High,outdoors,grass,72,3
2025,7,REG,2025-10-19,09:30,JAX,LA,7,35,TIAA Bank Stadium,outdoors,grass,59,9
2025,7,REG,2025-10-19,13:00,KC,LV,31,0,GEHA Field at Arrowhead Stadium,outdoors,grass,57,9
2025,7,REG,2025-10-19,16:05,LAC,IND,24,38,SoFi Stadium,dome,matrixturf,,
2025,7,REG,2025-10-19,13:00,MIN,PHI,22,28,U.S. Bank Stadium,dome,sportturf,,
2025,7,REG,2025-10-19,13:00,NYJ,CAR,6,13,MetLife Stadium,outdoors,fieldturf,71,13
2025,7,REG,2025-10-19,20:20,SF,ATL,20,10,Levi's Stadium,outdoors,grass,74,5
2025,7,REG,2025-10-19,13:00,TEN,NE,13,31,Nissan Stadium,outdoors,grass,60,18
2025,7,REG,2025-10-20,19:00,DET,TB,24,9,Ford Field,dome,fieldturf,,
2025,7,REG,2025-10-20,22:00,SEA,HOU,27,19,Lumen Field,outdoors,fieldturf,56,5
2025,8,REG,2025-10-23,20:15,LAC,MIN,37,10,SoFi Stadium,dome,matrixturf,,
2025,8,REG,2025-10-26,13:00,ATL,MIA,10,34,Mercedes-Benz Stadium,closed,fieldturf,,
2025,8,REG,2025-10-26,13:00,BAL,CHI,30,16,M&T Bank Stadium,outdoors,grass,60,2
2025,8,REG,2025-10-26,13:00,CAR,BUF,9,40,Bank of America Stadium,outdoors,grass,63,9
2025,8,REG,2025-10-26,13:00,CIN,NYJ,38,39,Paycor Stadium,outdoors,fieldturf,57,8
2025,8,REG,2025-10-26,16:25,DEN,DAL,44,24,Empower Field at Mile High,outdoors,grass,67,4
2025,8,REG,2025-10-26,13:00,HOU,SF,26,15,NRG Stadium,closed,astroturf,,
2025,8,REG,2025-10-26,16:25,IND,TEN,38,14,Lucas Oil Stadium,closed,fieldturf,,
2025,8,REG,2025-10-26,13:00,NE,CLE,32,13,Gillette Stadium,outdoors,fieldturf,53,7
2025,8,REG,2025-10-26,16:05,NO,TB,3,23,Mercedes-Benz Superdome,dome,sportturf,,
2025,8,REG,2025-10-26,13:00,PHI,NYG,38,20,Lincoln Financial Field,outdoors,grass,60,4
2025,8,REG,2025-10-26,20:20,PIT,GB,25,35,Acrisure Stadium,outdoors,grass,46,5
2025,8,REG,2025-10-27,20:15,KC,WAS,28,7,GEHA Field at Arrowhead Stadium,outdoors,grass,54,8
2025,9,REG,2025-10-30,20:15,MIA,BAL,6,28,Hard Rock Stadium,outdoors,grass,73,5
2025,9,REG,2025-11-02,16:25,BUF,KC,28,21,New Era Field,outdoors,a_turf,54,6
2025,9,REG,2025-11-02,13:00,CIN,CHI,42,47,Paycor Stadium,outdoors,fieldturf,50,6
2025,9,REG,2025-11-02,13:00,DET,MIN,24,27,Ford Field,dome,fieldturf,,
2025,9,REG,2025-11-02,13:00,GB,CAR,13,16,Lambeau Field,outdoors,grass,47,15
2025,9,REG,2025-11-02,13:00,HOU,DEN,15,18,NRG Stadium,closed,astroturf,,
2025,9,REG,2025-11-02,16:05,LA,NO,34,10,SoFi Stadium,dome,matrixturf,,
2025,9,REG,2025-11-02,16:05,LV,JAX,29,30,Allegiant Stadium,dome,grass,,
2025,9,REG,2025-11-02,13:00,NE,ATL,24,23,Gillette Stadium,outdoors,fieldturf,52,7
2025,9,REG,2025-11-02,13:00,NYG,SF,24,34,MetLife Stadium,outdoors,fieldturf,56,5
2025,9,REG,2025-11-02,13:00,PIT,IND,27,20,Acrisure Stadium,outdoors,grass,56,2
2025,9,REG,2025-11-02,13:00,TEN,LAC,20,27,Nissan Stadium,outdoors,grass,46,5
2025,9,REG,2025-11-02,20:20,WAS,SEA,14,38,FedExField,outdoors,grass,53,3
2025,9,REG,2025-11-03,20:15,DAL,ARI,17,27,AT&T Stadium,closed,matrixturf,,
2025,10,REG,2025-11-06,20:15,DEN,LV,10,7,Empower Field at Mile High,outdoors,grass,60,10
2025,10,REG,2025-11-09,13:00,CAR,NO,7,17,Bank of America Stadium,outdoors,grass,73,15
2025,10,REG,2025-11-09,13:00,CHI,NYG,24,20,Soldier Field,outdoors,grass,33,10
2025,10,REG,2025-11-09,13:00,HOU,JAX,36,29,NRG Stadium,closed,astroturf,,
2025,10,REG,2025-11-09,09:30,IND,ATL,31,25,Lucas Oil Stadium,closed,grass,46,2
2025,10,REG,2025-11-09,20:20,LAC,PIT,25,10,SoFi Stadium,dome,matrixturf,,
2025,10,REG,2025-11-09,13:00,MIA,BUF,30,13,Hard Rock Stadium,outdoors,grass,84,6
2025,10,REG,2025-11-09,13:00,MIN,BAL,19,27,U.S. Bank Stadium,dome,sportturf,,
2025,10,REG,2025-11-09,13:00,NYJ,CLE,27,20,MetLife Stadium,outdoors,fieldturf,62,12
2025,10,REG,2025-11-09,16:05,SEA,ARI,44,22,Lumen Field,outdoors,fieldturf,59,5
2025,10,REG,2025-11-09,16:25,SF,LA,26,42,Levi's Stadium,outdoors,grass,77,3
2025,10,REG,2025-11-09,13:00,TB,NE,23,28,Raymond James Stadium,outdoors,grass,82,11
2025,10,REG,2025-11-09,16:25,WAS,DET,22,44,FedExField,outdoors,grass,64,9
2025,10,REG,2025-11-10,20:15,GB,PHI,7,10,Lambeau Field,outdoors,grass,33,9
2025,11,REG,2025-11-13,20:15,NE,NYJ,27,14,Gillette Stadium,outdoors,fieldturf,39,9
2025,11,REG,2025-11-16,16:05,ARI,SF,22,41,State Farm Stadium,closed,grass,,
2025,11,REG,2025-11-16,13:00,ATL,CAR,27,30,Mercedes-Benz Stadium,closed,fieldturf,,
2025,11,REG,2025-11-16,13:00,BUF,TB,44,32,New Era Field,outdoors,a_turf,38,20
2025,11,REG,2025-11-16,16:25,CLE,BAL,16,23,FirstEnergy Stadium,outdoors,grass,44,20
2025,11,REG,2025-11-16,16:25,DEN,KC,22,19,Empower Field at Mile High,outdoors,grass,70,6
2025,11,REG,2025-11-16,13:00,JAX,LAC,35,6,TIAA Bank Stadium,outdoors,grass,74,9
2025,11,REG,2025-11-16,16:05,LA,SEA,21,19,SoFi Stadium,dome,matrixturf,,
2025,11,REG,2025-11-16,09:30,MIA,WAS,16,13,Hard Rock Stadium,outdoors,grass,,
2025,11,REG,2025-11-16,13:00,MIN,CHI,17,19,U.S. Bank Stadium,dome,sportturf,,
2025,11,REG,2025-11-16,13:00,NYG,GB,20,27,MetLife Stadium,outdoors,fieldturf,55,17
2025,11,REG,2025-11-16,20:20,PHI,DET,16,9,Lincoln Financial Field,outdoors,grass,45,15
2025,11,REG,2025-11-16,13:00,PIT,CIN,34,12,Acrisure Stadium,outdoors,grass,46,17
2025,11,REG,2025-11-16,13:00,TEN,HOU,13,16,Nissan Stadium,outdoors,grass,64,8
2025,11,REG,2025-11-17,20:15,LV,DAL,16,33,Allegiant Stadium,dome,grass,,
2025,12,REG,2025-11-20,20:15,HOU,BUF,23,19,NRG Stadium,closed,astroturf,,
2025,12,REG,2025-11-23,16:05,ARI,JAX,24,27,State Farm Stadium,closed,grass,,
2025,12,REG,2025-11-23,13:00,BAL,NYJ,23,10,M&T Bank Stadium,outdoors,grass,54,3
2025,12,REG,2025-11-23,13:00,CHI,PIT,31,28,Soldier Field,outdoors,grass,51,3
2025,12,REG,2025-11-23,13:00,CIN,NE,20,26,Paycor Stadium,outdoors,fieldturf,54,7
2025,12,REG,2025-11-23,16:25,DAL,PHI,24,21,AT&T Stadium,closed,matrixturf,,
2025,12,REG,2025-11-23,13:00,DET,NYG,34,27,Ford Field,dome,fieldturf,,
2025,12,REG,2025-11-23,13:00,GB,MIN,23,6,Lambeau Field,outdoors,grass,43,10
2025,12,REG,2025-11-23,13:00,KC,IND,23,20,GEHA Field at Arrowhead Stadium,outdoors,grass,,
2025,12,REG,2025-11-23,20:20,LA,TB,34,7,SoFi Stadium,dome,matrixturf,,
2025,12,REG,2025-11-23,16:05,LV,CLE,10,24,Allegiant Stadium,dome,grass,,
2025,12,REG,2025-11-23,16:25,NO,ATL,10,24,Mercedes-Benz Superdome,dome,sportturf,,
2025,12,REG,2025-11-23,13:00,TEN,SEA,24,30,Nissan Stadium,outdoors,grass,55,1
2025,12,REG,2025-11-24,20:15,SF,CAR,20,9,Levi's Stadium,outdoors,grass,58,3
2025,13,REG,2025-11-27,20:20,BAL,CIN,14,32,M&T Bank Stadium,outdoors,grass,38,11
2025,13,REG,2025-11-27,16:30,DAL,KC,31,28,AT&T Stadium,closed,matrixturf,,
2025,13,REG,2025-11-27,13:00,DET,GB,24,31,Ford Field,dome,fieldturf,,
2025,13,REG,2025-11-28,15:00,PHI,CHI,15,24,Lincoln Financial Field,outdoors,grass,42,18
2025,13,REG,2025-11-30,13:00,CAR,LA,31,28,Bank of America Stadium,outdoors,grass,45,3
2025,13,REG,2025-11-30,13:00,CLE,SF,8,26,FirstEnergy Stadium,outdoors,grass,35,20
2025,13,REG,2025-11-30,13:00,IND,HOU,16,20,Lucas Oil Stadium,closed,fieldturf,,
2025,13,REG,2025-11-30,16:25,LAC,LV,31,14,SoFi Stadium,dome,matrixturf,,
2025,13,REG,2025-11-30,13:00,MIA,NO,21,17,Hard Rock Stadium,outdoors,grass,76,10
2025,13,REG,2025-11-30,13:00,NYJ,ATL,27,24,MetLife Stadium,outdoors,fieldturf,43,8
2025,13,REG,2025-11-30,16:25,PIT,BUF,7,26,Acrisure Stadium,outdoors,grass,34,16
2025,13,REG,2025-11-30,16:05,SEA,MIN,26,0,Lumen Field,outdoors,fieldturf,45,2
2025,13,REG,2025-11-30,13:00,TB,ARI,20,17,Raymond James Stadium,outdoors,grass,80,8
2025,13,REG,2025-11-30,13:00,TEN,JAX,3,25,Nissan Stadium,outdoors,grass,38,7
2025,13,REG,2025-11-30,20:20,WAS,DEN,26,27,FedExField,outdoors,grass,40,13
2025,13,REG,2025-12-01,20:15,NE,NYG,33,15,Gillette Stadium,outdoors,fieldturf,30,5
2025,14,REG,2025-12-04,20:15,DET,DAL,44,30,Ford Field,dome,fieldturf,,
2025,14,REG,2025-12-07,16:25,ARI,LA,17,45,State Farm Stadium,closed,grass,,
2025,14,REG,2025-12-07,13:00,ATL,SEA,9,37,Mercedes-Benz Stadium,closed,fieldturf,,
2025,14,REG,2025-12-07,13:00,BAL,PIT,22,27,M&T Bank Stadium,outdoors,grass,44,6
2025,14,REG,2025-12-07,13:00,BUF,CIN,39,34,New Era Field,outdoors,a_turf,31,12
2025,14,REG,2025-12-07,13:00,CLE,TEN,29,31,FirstEnergy Stadium,outdoors,grass,33,6
2025,14,REG,2025-12-07,16:25,GB,CHI,28,21,Lambeau Field,outdoors,grass,16,9
2025,14,REG,2025-12-07,13:00,JAX,IND,36,19,TIAA Bank Stadium,outdoors,grass,61,7
2025,14,REG,2025-12-07,20:20,KC,HOU,10,20,GEHA Field at Arrowhead Stadium,outdoors,grass,27,8
2025,14,REG,2025-12-07,16:05,LV,DEN,17,24,Allegiant Stadium,dome,grass,,
2025,14,REG,2025-12-07,13:00,MIN,WAS,31,0,U.S. Bank Stadium,dome,sportturf,,
2025,14,REG,2025-12-07,13:00,NYJ,MIA,10,34,MetLife Stadium,outdoors,fieldturf,41,6
2025,14,REG,2025-12-07,13:00,TB,NO,20,24,Raymond James Stadium,outdoors,grass,73,6
2025,14,REG,2025-12-08,20:15,LAC,PHI,22,19,SoFi Stadium,dome,matrixturf,,
2025,15,REG,2025-12-11,20:15,TB,ATL,28,29,Raymond James Stadium,outdoors,grass,56,5
2025,15,REG,2025-12-14,13:00,CHI,CLE,31,3,Soldier Field,outdoors,grass,8,6
2025,15,REG,2025-12-14,13:00,CIN,BAL,0,24,Paycor Stadium,outdoors,fieldturf,10,7
2025,15,REG,2025-12-14,20:20,DAL,MIN,26,34,AT&T Stadium,closed,matrixturf,,
2025,15,REG,2025-12-14,16:25,DEN,GB,34,26,Empower Field at Mile High,outdoors,grass,65,3
2025,15,REG,2025-12-14,13:00,HOU,ARI,40,20,NRG Stadium,closed,astroturf,,
2025,15,REG,2025-12-14,13:00,JAX,NYJ,48,20,TIAA Bank Stadium,outdoors,grass,70,11
2025,15,REG,2025-12-14,13:00,KC,LAC,13,16,GEHA Field at Arrowhead Stadium,outdoors,grass,,
2025,15,REG,2025-12-14,16:25,LA,DET,41,34,SoFi Stadium,dome,matrixturf,,
2025,15,REG,2025-12-14,13:00,NE,BUF,31,35,Gillette Stadium,outdoors,fieldturf,32,6
2025,15,REG,2025-12-14,16:25,NO,CAR,20,17,Mercedes-Benz Superdome,dome,sportturf,,
2025,15,REG,2025-12-14,13:00,NYG,WAS,21,29,MetLife Stadium,outdoors,fieldturf,27,13
2025,15,REG,2025-12-14,13:00,PHI,LV,31,0,Lincoln Financial Field,outdoors,grass,30,20
2025,15,REG,2025-12-14,16:25,SEA,IND,18,16,Lumen Field,outdoors,fieldturf,51,9
2025,15,REG,2025-12-14,16:25,SF,TEN,37,24,Levi's Stadium,outdoors,grass,54,4
2025,15,REG,2025-12-15,20:15,PIT,MIA,28,15,Acrisure Stadium,outdoors,grass,17,7
2025,16,REG,2025-12-18,20:15,SEA,LA,38,37,Lumen Field,outdoors,fieldturf,51,17
2025,16,REG,2025-12-20,20:20,CHI,GB,22,16,Soldier Field,outdoors,grass,37,6
2025,16,REG,2025-12-20,17:00,WAS,PHI,18,29,FedExField,outdoors,grass,42,7
2025,16,REG,2025-12-21,16:05,ARI,ATL,19,26,State Farm Stadium,closed,grass,,
2025,16,REG,2025-12-21,20:20,BAL,NE,24,28,M&T Bank Stadium,outdoors,grass,40,2
2025,16,REG,2025-12-21,13:00,CAR,TB,23,20,Bank of America Stadium,outdoors,grass,61,8
2025,16,REG,2025-12-21,13:00,CLE,BUF,20,23,FirstEnergy Stadium,outdoors,grass,25,16
2025,16,REG,2025-12-21,13:00,DAL,LAC,17,34,AT&T Stadium,closed,matrixturf,,
2025,16,REG,2025-12-21,16:05,DEN,JAX,20,34,Empower Field at Mile High,outdoors,grass,62,3
2025,16,REG,2025-12-21,16:25,DET,PIT,24,29,Ford Field,dome,fieldturf,,
2025,16,REG,2025-12-21,16:25,HOU,LV,23,21,NRG Stadium,closed,astroturf,,
2025,16,REG,2025-12-21,13:00,MIA,CIN,21,45,Hard Rock Stadium,outdoors,grass,81,7
2025,16,REG,2025-12-21,13:00,NO,NYJ,29,6,Mercedes-Benz Superdome,dome,sportturf,,
2025,16,REG,2025-12-21,13:00,NYG,MIN,13,16,MetLife Stadium,outdoors,fieldturf,46,20
2025,16,REG,2025-12-21,13:00,TEN,KC,26,9,Nissan Stadium,outdoors,grass,51,8
2025,16,REG,2025-12-22,20:15,IND,SF,27,48,Lucas Oil Stadium,closed,fieldturf,,
2025,17,REG,2025-12-25,20:15,KC,DEN,13,20,GEHA Field at Arrowhead Stadium,outdoors,grass,,
2025,17,REG,2025-12-25,16:30,MIN,DET,23,10,U.S. Bank Stadium,dome,sportturf,,
2025,17,REG,2025-12-25,13:00,WAS,DAL,23,30,FedExField,outdoors,grass,50,7
2025,17,REG,2025-12-27,20:00,GB,BAL,24,41,Lambeau Field,outdoors,grass,36,10
2025,17,REG,2025-12-27,16:30,LAC,HOU,16,20,SoFi Stadium,dome,matrixturf,,
2025,17,REG,2025-12-28,16:25,BUF,PHI,12,13,New Era Field,outdoors,a_turf,38,6
2025,17,REG,2025-12-28,13:00,CAR,SEA,10,27,Bank of America Stadium,outdoors,grass,43,2
2025,17,REG,2025-12-28,13:00,CIN,ARI,37,14,Paycor Stadium,outdoors,fieldturf,65,9
2025,17,REG,2025-12-28,13:00,CLE,PIT,13,6,FirstEnergy Stadium,outdoors,grass,45,14
2025,17,REG,2025-12-28,13:00,IND,JAX,17,23,Lucas Oil Stadium,closed,fieldturf,,
2025,17,REG,2025-12-28,16:05,LV,NYG,10,34,Allegiant Stadium,dome,grass,,
2025,17,REG,2025-12-28,13:00,MIA,TB,20,17,Hard Rock Stadium,outdoors,grass,80,3
2025,17,REG,2025-12-28,13:00,NYJ,NE,10,42,MetLife Stadium,outdoors,fieldturf,29,4
2025,17,REG,2025-12-28,20:20,SF,CHI,42,38,Levi's Stadium,outdoors,grass,53,5
2025,17,REG,2025-12-28,13:00,TEN,NO,26,34,Nissan Stadium,outdoors,grass,71,14
2025,17,REG,2025-12-29,20:15,ATL,LA,27,24,Mercedes-Benz Stadium,closed,fieldturf,,
2025,18,REG,2026-01-03,20:00,SF,SEA,3,13,Levi's Stadium,outdoors,grass,57,8
2025,18,REG,2026-01-03,16:30,TB,CAR,16,14,Raymond James Stadium,outdoors,grass,69,11
2025,18,REG,2026-01-04,13:00,ATL,NO,19,17,Mercedes-Benz Stadium,closed,fieldturf,,
2025,18,REG,2026-01-04,16:25,BUF,NYJ,35,8,New Era Field,outdoors,a_turf,27,13
2025,18,REG,2026-01-04,16:25,CHI,DET,16,19,Soldier Field,outdoors,grass,33,4
2025,18,REG,2026-01-04,13:00,CIN,CLE,18,20,Paycor Stadium,outdoors,fieldturf,37,0
2025,18,REG,2026-01-04,16:25,DEN,LAC,19,3,Empower Field at Mile High,outdoors,grass,66,8
2025,18,REG,2026-01-04,13:00,HOU,IND,38,30,NRG Stadium,closed,astroturf,,
2025,18,REG,2026-01-04,13:00,JAX,TEN,41,7,TIAA Bank Stadium,outdoors,grass,55,8
2025,18,REG,2026-01-04,16:25,LA,ARI,37,20,SoFi Stadium,dome,matrixturf,,
2025,18,REG,2026-01-04,16:25,LV,KC,14,12,Allegiant Stadium,dome,grass,,
2025,18,REG,2026-01-04,13:00,MIN,GB,16,3,U.S. Bank Stadium,dome,sportturf,,
2025,18,REG,2026-01-04,16:25,NE,MIA,38,10,Gillette Stadium,outdoors,fieldturf,29,6
2025,18,REG,2026-01-04,13:00,NYG,DAL,34,17,MetLife Stadium,outdoors,fieldturf,33,7
2025,18,REG,2026-01-04,16:25,PHI,WAS,17,24,Lincoln Financial Field,outdoors,grass,35,9
2025,18,REG,2026-01-04,20:20,PIT,BAL,26,24,Acrisure Stadium,outdoors,grass,25,3
2025,19,WC,2026-01-10,16:30,CAR,LA,31,34,Bank of America Stadium,outdoors,grass,72,16
2025,19,WC,2026-01-10,20:00,CHI,GB,31,27,Soldier Field,outdoors,grass,32,6
2025,19,WC,2026-01-11,13:00,JAX,BUF,24,27,TIAA Bank Stadium,outdoors,grass,62,6
2025,19,WC,2026-01-11,20:00,NE,LAC,16,3,Gillette Stadium,outdoors,fieldturf,35,10
2025,19,WC,2026-01-11,16:30,PHI,SF,19,23,Lincoln Financial Field,outdoors,grass,46,22
2025,19,WC,2026-01-12,20:00,PIT,HOU,6,30,Acrisure Stadium,outdoors,grass,32,9
2025,20,DIV,2026-01-17,16:30,DEN,BUF,33,30,Empower Field at Mile High,outdoors,grass,36,5
2025,20,DIV,2026-01-17,20:00,SEA,SF,41,6,Lumen Field,outdoors,fieldturf,46,5
2025,20,DIV,2026-01-18,18:30,CHI,LA,17,20,Soldier Field,outdoors,grass,19,6
2025,20,DIV,2026-01-18,15:00,NE,HOU,28,16,Gillette Stadium,outdoors,fieldturf,35,2
2025,21,CON,2026-01-25,15:00,DEN,NE,7,10,Empower Field at Mile High,outdoors,grass,26,10
2025,21,CON,2026-01-25,18:30,SEA,LA,31,27,Lumen Field,outdoors,fieldturf,41,2
2025,22,SB,2026-02-08,18:30,NE,SEA,13,29,Levi's Stadium,outdoors,grass,67,7
2026,1,REG,2026-09-09,20:20,SEA,NE,,,Lumen Field,outdoors,fieldturf,,
2026,1,REG,2026-09-10,20:35,LA,SF,,,Melbourne Cricket Ground,dome,matrixturf,,
2026,1,REG,2026-09-13,13:00,CAR,CHI,,,Bank of America Stadium,outdoors,grass,,
2026,1,REG,2026-09-13,13:00,CIN,TB,,,Paycor Stadium,outdoors,fieldturf,,
2026,1,REG,2026-09-13,13:00,DET,NO,,,Ford Field,dome,fieldturf,,
2026,1,REG,2026-09-13,13:00,HOU,BUF,,,Reliant Stadium,,astroturf,,
2026,1,REG,2026-09-13,13:00,IND,BAL,,,Lucas Oil Stadium,,fieldturf,,
2026,1,REG,2026-09-13,13:00,JAX,CLE,,,EverBank Stadium,outdoors,grass,,
2026,1,REG,2026-09-13,16:25,LAC,ARI,,,SoFi Stadium,dome,matrixturf,,
2026,1,REG,2026-09-13,16:25,LV,MIA,,,Allegiant Stadium,dome,grass,,
2026,1,REG,2026-09-13,16:25,MIN,GB,,,U.S. Bank Stadium,dome,sportturf,,
2026,1,REG,2026-09-13,20:20,NYG,DAL,,,MetLife Stadium,outdoors,fieldturf,,
2026,1,REG,2026-09-13,16:25,PHI,WAS,,,Lincoln Financial Field,outdoors,grass,,
2026,1,REG,2026-09-13,13:00,PIT,ATL,,,Acrisure Stadium,outdoors,grass,,
2026,1,REG,2026-09-13,13:00,TEN,NYJ,,,Nissan Stadium,outdoors,grass,,
2026,1,REG,2026-09-14,20:15,KC,DEN,,,GEHA Field at Arrowhead Stadium,outdoors,grass,,
2026,2,REG,2026-09-17,20:15,BUF,DET,,,Highmark Stadium,outdoors,a_turf,,
2026,2,REG,2026-09-20,16:25,ARI,SEA,,,State Farm Stadium,,grass,,
2026,2,REG,2026-09-20,13:00,ATL,CAR,,,Mercedes-Benz Stadium,,fieldturf,,
2026,2,REG,2026-09-20,13:00,BAL,NO,,,M&T Bank Stadium,outdoors,grass,,
2026,2,REG,2026-09-20,13:00,CHI,MIN,,,Soldier Field,outdoors,grass,,
2026,2,REG,2026-09-20,16:25,DAL,WAS,,,AT&T Stadium,,matrixturf,,
2026,2,REG,2026-09-20,16:05,DEN,JAX,,,Empower Field at Mile High,outdoors,grass,,
2026,2,REG,2026-09-20,13:00,HOU,CIN,,,Reliant Stadium,,astroturf,,
2026,2,REG,2026-09-20,20:20,KC,IND,,,GEHA Field at Arrowhead Stadium,outdoors,grass,,
2026,2,REG,2026-09-20,16:05,LAC,LV,,,SoFi Stadium,dome,matrixturf,,
2026,2,REG,2026-09-20,13:00,NE,PIT,,,Gillette Stadium,outdoors,fieldturf,,
2026,2,REG,2026-09-20,13:00,NYJ,GB,,,MetLife Stadium,outdoors,fieldturf,,
2026,2,REG,2026-09-20,16:25,SF,MIA,,,Levi's Stadium,outdoors,grass,,
2026,2,REG,2026-09-20,13:00,TB,CLE,,,Raymond James Stadium,outdoors,grass,,
2026,2,REG,2026-09-20,13:00,TEN,PHI,,,Nissan Stadium,outdoors,grass,,
2026,2,REG,2026-09-21,20:15,LA,NYG,,,SoFi Stadium,dome,matrixturf,,
2026,3,REG,2026-09-24,20:15,GB,ATL,,,Lambeau Field,outdoors,grass,,
2026,3,REG,2026-09-27,13:00,BUF,LAC,,,Highmark Stadium,outdoors,a_turf,,
2026,3,REG,2026-09-27,13:00,CLE,CAR,,,Huntington Bank Field,outdoors,grass,,
2026,3,REG,2026-09-27,16:25,DAL,BAL,,,Maracana Stadium,,matrixturf,,
2026,3,REG,2026-09-27,20:20,DEN,LA,,,Empower Field at Mile High,outdoors,grass,,
2026,3,REG,2026-09-27,13:00,DET,NYJ,,,Ford Field,dome,fieldturf,,
2026,3,REG,2026-09-27,13:00,IND,HOU,,,Lucas Oil Stadium,,fieldturf,,
2026,3,REG,2026-09-27,13:00,JAX,NE,,,EverBank Stadium,outdoors,grass,,
2026,3,REG,2026-09-27,13:00,MIA,KC,,,Hard Rock Stadium,outdoors,grass,,
2026,3,REG,2026-09-27,16:25,NO,LV,,,Caesars Superdome,dome,sportturf,,
2026,3,REG,2026-09-27,13:00,NYG,TEN,,,MetLife Stadium,outdoors,fieldturf,,
2026,3,REG,2026-09-27,13:00,PIT,CIN,,,Acrisure Stadium,outdoors,grass,,
2026,3,REG,2026-09-27,16:05,SF,ARI,,,Levi's Stadium,outdoors,grass,,
2026,3,REG,2026-09-27,16:05,TB,MIN,,,Raymond James Stadium,outdoors,grass,,
2026,3,REG,2026-09-27,13:00,WAS,SEA,,,Northwest Stadium,outdoors,grass,,
2026,3,REG,2026-09-28,20:15,CHI,PHI,,,Soldier Field,outdoors,grass,,
2026,4,REG,2026-10-01,20:15,CLE,PIT,,,Huntington Bank Field,outdoors,grass,,
2026,4,REG,2026-10-04,13:00,BAL,TEN,,,M&T Bank Stadium,outdoors,grass,,
2026,4,REG,2026-10-04,13:00,BUF,NE,,,Highmark Stadium,outdoors,a_turf,,
2026,4,REG,2026-10-04,20:20,CAR,DET,,,Bank of America Stadium,outdoors,grass,,
2026,4,REG,2026-10-04,13:00,CHI,NYJ,,,Soldier Field,outdoors,grass,,
2026,4,REG,2026-10-04,13:00,CIN,JAX,,,Paycor Stadium,outdoors,fieldturf,,
2026,4,REG,2026-10-04,13:00,HOU,DAL,,,Reliant Stadium,,astroturf,,
2026,4,REG,2026-10-04,16:25,LV,KC,,,Allegiant Stadium,dome,grass,,
2026,4,REG,2026-10-04,16:05,MIN,MIA,,,U.S. Bank Stadium,dome,sportturf,,
2026,4,REG,2026-10-04,13:00,NYG,ARI,,,MetLife Stadium,outdoors,fieldturf,,
2026,4,REG,2026-10-04,13:00,PHI,LA,,,Lincoln Financial Field,outdoors,grass,,
2026,4,REG,2026-10-04,16:25,SEA,LAC,,,Lumen Field,outdoors,fieldturf,,
2026,4,REG,2026-10-04,16:25,SF,DEN,,,Levi's Stadium,outdoors,grass,,
2026,4,REG,2026-10-04,13:00,TB,GB,,,Raymond James Stadium,outdoors,grass,,
2026,4,REG,2026-10-04,09:30,WAS,IND,,,Tottenham Hotspur Stadium,outdoors,grass,,
2026,4,REG,2026-10-05,20:15,NO,ATL,,,Caesars Superdome,dome,sportturf,,
2026,5,REG,2026-10-08,20:15,DAL,TB,,,AT&T Stadium,,matrixturf,,
2026,5,REG,2026-10-11,16:25,ARI,DET,,,State Farm Stadium,,grass,,
2026,5,REG,2026-10-11,20:20,ATL,BAL,,,Mercedes-Benz Stadium,,fieldturf,,
2026,5,REG,2026-10-11,16:25,GB,CHI,,,Lambeau Field,outdoors,grass,,
2026,5,REG,2026-10-11,09:30,JAX,PHI,,,Tottenham Hotspur Stadium,outdoors,grass,,
2026,5,REG,2026-10-11,16:05,LAC,DEN,,,SoFi Stadium,dome,matrixturf,,
2026,5,REG,2026-10-11,13:00,MIA,CIN,,,Hard Rock Stadium,outdoors,grass,,
2026,5,REG,2026-10-11,13:00,NE,LV,,,Gillette Stadium,outdoors,fieldturf,,
2026,5,REG,2026-10-11,13:00,NO,MIN,,,Caesars Superdome,dome,sportturf,,
2026,5,REG,2026-10-11,13:00,NYJ,CLE,,,MetLife Stadium,outdoors,fieldturf,,
2026,5,REG,2026-10-11,13:00,PIT,IND,,,Acrisure Stadium,outdoors,grass,,
2026,5,REG,2026-10-11,16:25,SEA,SF,,,Lumen Field,outdoors,fieldturf,,
2026,5,REG,2026-10-11,13:00,TEN,HOU,,,Nissan Stadium,outdoors,grass,,
2026,5,REG,2026-10-11,13:00,WAS,NYG,,,Northwest Stadium,outdoors,grass,,
2026,5,REG,2026-10-12,20:15,LA,BUF,,,SoFi Stadium,dome,matrixturf,,
2026,6,REG,2026-10-15,20:15,DEN,SEA,,,Empower Field at Mile High,outdoors,grass,,
2026,6,REG,2026-10-18,13:00,ATL,CHI,,,Mercedes-Benz Stadium,,fieldturf,,
2026,6,REG,2026-10-18,13:00,CLE,BAL,,,Huntington Bank Field,outdoors,grass,,
2026,6,REG,2026-10-18,20:20,GB,DAL,,,Lambeau Field,outdoors,grass,,
2026,6,REG,2026-10-18,13:00,IND,TEN,,,Lucas Oil Stadium,,fieldturf,,
2026,6,REG,2026-10-18,09:30,JAX,HOU,,,Wembley Stadium,outdoors,grass,,
2026,6,REG,2026-10-18,16:25,KC,LAC,,,GEHA Field at Arrowhead Stadium,outdoors,grass,,
2026,6,REG,2026-10-18,16:05,LA,ARI,,,SoFi Stadium,dome,matrixturf,,
2026,6,REG,2026-10-18,16:25,LV,BUF,,,Allegiant Stadium,dome,grass,,
2026,6,REG,2026-10-18,13:00,NE,NYJ,,,Gillette Stadium,outdoors,fieldturf,,
2026,6,REG,2026-10-18,13:00,NYG,NO,,,MetLife Stadium,outdoors,fieldturf,,
2026,6,REG,2026-10-18,13:00,PHI,CAR,,,Lincoln Financial Field,outdoors,grass,,
2026,6,REG,2026-10-18,13:00,TB,PIT,,,Raymond James Stadium,outdoors,grass,,
2026,6,REG,2026-10-19,20:15,SF,WAS,,,Levi's Stadium,outdoors,grass,,
2026,7,REG,2026-10-22,20:15,CHI,NE,,,Soldier Field,outdoors,grass,,
2026,7,REG,2026-10-25,16:05,ARI,DEN,,,State Farm Stadium,,grass,,
2026,7,REG,2026-10-25,13:00,ATL,SF,,,Mercedes-Benz Stadium,,fieldturf,,
2026,7,REG,2026-10-25,13:00,BAL,CIN,,,M&T Bank Stadium,outdoors,grass,,
2026,7,REG,2026-10-25,13:00,CAR,TB,,,Bank of America Stadium,outdoors,grass,,
2026,7,REG,2026-10-25,16:25,DET,GB,,,Ford Field,dome,fieldturf,,
2026,7,REG,2026-10-25,13:00,HOU,NYG,,,Reliant Stadium,,astroturf,,
2026,7,REG,2026-10-25,16:25,LV,LA,,,Allegiant Stadium,dome,grass,,
2026,7,REG,2026-10-25,13:00,MIN,IND,,,U.S. Bank Stadium,dome,sportturf,,
2026,7,REG,2026-10-25,09:30,NO,PIT,,,Stade de France,dome,sportturf,,
2026,7,REG,2026-10-25,13:00,NYJ,MIA,,,MetLife Stadium,outdoors,fieldturf,,
2026,7,REG,2026-10-25,20:20,SEA,KC,,,Lumen Field,outdoors,fieldturf,,
2026,7,REG,2026-10-25,13:00,TEN,CLE,,,Nissan Stadium,outdoors,grass,,
2026,7,REG,2026-10-26,20:15,PHI,DAL,,,Lincoln Financial Field,outdoors,grass,,
2026,8,REG,2026-10-29,20:15,GB,CAR,,,Lambeau Field,outdoors,grass,,
2026,8,REG,2026-11-01,13:00,BUF,BAL,,,Highmark Stadium,outdoors,a_turf,,
2026,8,REG,2026-11-01,13:00,CIN,TEN,,,Paycor Stadium,outdoors,fieldturf,,
2026,8,REG,2026-11-01,13:00,DAL,ARI,,,AT&T Stadium,,matrixturf,,
2026,8,REG,2026-11-01,16:25,DEN,KC,,,Empower Field at Mile High,outdoors,grass,,
2026,8,REG,2026-11-01,13:00,DET,MIN,,,Ford Field,dome,fieldturf,,
2026,8,REG,2026-11-01,13:00,JAX,IND,,,EverBank Stadium,outdoors,grass,,
2026,8,REG,2026-11-01,16:05,LA,LAC,,,SoFi Stadium,dome,matrixturf,,
2026,8,REG,2026-11-01,16:25,MIA,NE,,,Hard Rock Stadium,outdoors,grass,,
2026,8,REG,2026-11-01,13:00,NYJ,LV,,,MetLife Stadium,outdoors,fieldturf,,
2026,8,REG,2026-11-01,13:00,PIT,CLE,,,Acrisure Stadium,outdoors,grass,,
2026,8,REG,2026-11-01,13:00,TB,ATL,,,Raymond James Stadium,outdoors,grass,,
2026,8,REG,2026-11-01,20:20,WAS,PHI,,,Northwest Stadium,outdoors,grass,,
2026,8,REG,2026-11-02,20:15,SEA,CHI,,,Lumen Field,outdoors,fieldturf,,
2026,9,REG,2026-11-05,20:15,BAL,JAX,,,M&T Bank Stadium,outdoors,grass,,
2026,9,REG,2026-11-08,09:30,ATL,CIN,,,Bernabeu,,fieldturf,,
2026,9,REG,2026-11-08,13:00,CAR,DEN,,,Bank of America Stadium,outdoors,grass,,
2026,9,REG,2026-11-08,20:20,CHI,TB,,,Soldier Field,outdoors,grass,,
2026,9,REG,2026-11-08,13:00,IND,DAL,,,Lucas Oil Stadium,,fieldturf,,
2026,9,REG,2026-11-08,13:00,KC,NYJ,,,GEHA Field at Arrowhead Stadium,outdoors,grass,,
2026,9,REG,2026-11-08,16:05,LAC,HOU,,,SoFi Stadium,dome,matrixturf,,
2026,9,REG,2026-11-08,13:00,MIA,DET,,,Hard Rock Stadium,outdoors,grass,,
2026,9,REG,2026-11-08,16:25,NE,GB,,,Gillette Stadium,outdoors,fieldturf,,
2026,9,REG,2026-11-08,13:00,NO,CLE,,,Caesars Superdome,dome,sportturf,,
2026,9,REG,2026-11-08,13:00,PHI,NYG,,,Lincoln Financial Field,outdoors,grass,,
2026,9,REG,2026-11-08,16:25,SEA,ARI,,,Lumen Field,outdoors,fieldturf,,
2026,9,REG,2026-11-08,16:05,SF,LV,,,Levi's Stadium,outdoors,grass,,
2026,9,REG,2026-11-08,13:00,WAS,LA,,,Northwest Stadium,outdoors,grass,,
2026,9,REG,2026-11-09,20:15,MIN,BUF,,,U.S. Bank Stadium,dome,sportturf,,
2026,10,REG,2026-11-12,20:15,NYG,WAS,,,MetLife Stadium,outdoors,fieldturf,,
2026,10,REG,2026-11-15,16:05,ARI,LA,,,State Farm Stadium,,grass,,
2026,10,REG,2026-11-15,13:00,ATL,KC,,,Mercedes-Benz Stadium,,fieldturf,,
2026,10,REG,2026-11-15,20:20,CIN,PIT,,,Paycor Stadium,outdoors,fieldturf,,
2026,10,REG,2026-11-15,13:00,CLE,HOU,,,Huntington Bank Field,outdoors,grass,,
2026,10,REG,2026-11-15,16:25,DAL,SF,,,AT&T Stadium,,matrixturf,,
2026,10,REG,2026-11-15,09:30,DET,NE,,,FC Bayern Munich Stadium,dome,fieldturf,,
2026,10,REG,2026-11-15,13:00,GB,MIN,,,Lambeau Field,outdoors,grass,,
2026,10,REG,2026-11-15,13:00,IND,MIA,,,Lucas Oil Stadium,,fieldturf,,
2026,10,REG,2026-11-15,16:05,LV,SEA,,,Allegiant Stadium,dome,grass,,
2026,10,REG,2026-11-15,13:00,NO,CAR,,,Caesars Superdome,dome,sportturf,,
2026,10,REG,2026-11-15,13:00,NYJ,BUF,,,MetLife Stadium,outdoors,fieldturf,,
2026,10,REG,2026-11-15,13:00,TEN,JAX,,,Nissan Stadium,outdoors,grass,,
2026,10,REG,2026-11-16,20:15,BAL,LAC,,,M&T Bank Stadium,outdoors,grass,,
2026,11,REG,2026-11-19,20:15,HOU,IND,,,Reliant Stadium,,astroturf,,
2026,11,REG,2026-11-22,13:00,BUF,MIA,,,Highmark Stadium,outdoors,a_turf,,
2026,11,REG,2026-11-22,13:00,CAR,BAL,,,Bank of America Stadium,outdoors,grass,,
2026,11,REG,2026-11-22,13:00,CHI,NO,,,Soldier Field,outdoors,grass,,
2026,11,REG,2026-11-22,13:00,DAL,TEN,,,AT&T Stadium,,matrixturf,,
2026,11,REG,2026-11-22,16:25,DEN,LV,,,Empower Field at Mile High,outdoors,grass,,
2026,11,REG,2026-11-22,13:00,DET,TB,,,Ford Field,dome,fieldturf,,
2026,11,REG,2026-11-22,13:00,KC,ARI,,,GEHA Field at Arrowhead Stadium,outdoors,grass,,
2026,11,REG,2026-11-22,16:05,LAC,NYJ,,,SoFi Stadium,dome,matrixturf,,
2026,11,REG,2026-11-22,13:00,NYG,JAX,,,MetLife Stadium,outdoors,fieldturf,,
2026,11,REG,2026-11-22,16:25,PHI,PIT,,,Lincoln Financial Field,outdoors,grass,,
2026,11,REG,2026-11-22,20:20,SF,MIN,,,Estadio Banorte,outdoors,grass,,
2026,11,REG,2026-11-23,20:15,WAS,CIN,,,Northwest Stadium,outdoors,grass,,
2026,12,REG,2026-11-25,20:00,LA,GB,,,SoFi Stadium,dome,matrixturf,,
2026,12,REG,2026-11-26,20:20,BUF,KC,,,Highmark Stadium,outdoors,a_turf,,
2026,12,REG,2026-11-26,16:30,DAL,PHI,,,AT&T Stadium,,matrixturf,,
2026,12,REG,2026-11-26,13:00,DET,CHI,,,Ford Field,dome,fieldturf,,
2026,12,REG,2026-11-27,15:00,PIT,DEN,,,Acrisure Stadium,outdoors,grass,,
2026,12,REG,2026-11-29,16:25,ARI,WAS,,,State Farm Stadium,,grass,,
2026,12,REG,2026-11-29,13:00,CIN,NO,,,Paycor Stadium,outdoors,fieldturf,,
2026,12,REG,2026-11-29,13:00,CLE,LV,,,Huntington Bank Field,outdoors,grass,,
2026,12,REG,2026-11-29,13:00,HOU,BAL,,,Reliant Stadium,,astroturf,,
2026,12,REG,2026-11-29,13:00,IND,NYG,,,Lucas Oil Stadium,,fieldturf,,
2026,12,REG,2026-11-29,16:05,JAX,TEN,,,EverBank Stadium,outdoors,grass,,
2026,12,REG,2026-11-29,20:20,LAC,NE,,,SoFi Stadium,dome,matrixturf,,
2026,12,REG,2026-11-29,13:00,MIA,NYJ,,,Hard Rock Stadium,outdoors,grass,,
2026,12,REG,2026-11-29,13:00,MIN,ATL,,,U.S. Bank Stadium,dome,sportturf,,
2026,12,REG,2026-11-29,16:25,SF,SEA,,,Levi's Stadium,outdoors,grass,,
2026,12,REG,2026-11-30,20:15,TB,CAR,,,Raymond James Stadium,outdoors,grass,,
2026,13,REG,2026-12-03,20:15,LA,KC,,,SoFi Stadium,dome,matrixturf,,
2026,13,REG,2026-12-06,16:05,ARI,PHI,,,State Farm Stadium,,grass,,
2026,13,REG,2026-12-06,13:00,ATL,DET,,,Mercedes-Benz Stadium,,fieldturf,,
2026,13,REG,2026-12-06,13:00,CHI,JAX,,,Soldier Field,outdoors,grass,,
2026,13,REG,2026-12-06,13:00,CLE,CIN,,,Huntington Bank Field,outdoors,grass,,
2026,13,REG,2026-12-06,16:05,DEN,MIA,,,Empower Field at Mile High,outdoors,grass,,
2026,13,REG,2026-12-06,16:25,MIN,CAR,,,U.S. Bank Stadium,dome,sportturf,,
2026,13,REG,2026-12-06,16:25,NE,BUF,,,Gillette Stadium,outdoors,fieldturf,,
2026,13,REG,2026-12-06,13:00,NO,GB,,,Caesars Superdome,dome,sportturf,,
2026,13,REG,2026-12-06,13:00,NYG,SF,,,MetLife Stadium,outdoors,fieldturf,,
2026,13,REG,2026-12-06,20:20,PIT,HOU,,,Acrisure Stadium,outdoors,grass,,
2026,13,REG,2026-12-06,13:00,TB,LAC,,,Raymond James Stadium,outdoors,grass,,
2026,13,REG,2026-12-06,13:00,TEN,WAS,,,Nissan Stadium,outdoors,grass,,
2026,13,REG,2026-12-07,20:15,SEA,DAL,,,Lumen Field,outdoors,fieldturf,,
2026,14,REG,2026-12-10,20:15,NE,MIN,,,Gillette Stadium,outdoors,fieldturf,,
2026,14,REG,2026-12-13,13:00,BAL,TB,,,M&T Bank Stadium,outdoors,grass,,
2026,14,REG,2026-12-13,13:00,CAR,NO,,,Bank of America Stadium,outdoors,grass,,
2026,14,REG,2026-12-13,16:25,CIN,KC,,,Paycor Stadium,outdoors,fieldturf,,
2026,14,REG,2026-12-13,13:00,CLE,ATL,,,Huntington Bank Field,outdoors,grass,,
2026,14,REG,2026-12-13,13:00,DET,TEN,,,Ford Field,dome,fieldturf,,
2026,14,REG,2026-12-13,20:20,GB,BUF,,,Lambeau Field,outdoors,grass,,
2026,14,REG,2026-12-13,16:05,LV,LAC,,,Allegiant Stadium,dome,grass,,
2026,14,REG,2026-12-13,13:00,MIA,CHI,,,Hard Rock Stadium,outdoors,grass,,
2026,14,REG,2026-12-13,13:00,NYJ,DEN,,,MetLife Stadium,outdoors,fieldturf,,
2026,14,REG,2026-12-13,13:00,PHI,IND,,,Lincoln Financial Field,outdoors,grass,,
2026,14,REG,2026-12-13,16:25,SEA,NYG,,,Lumen Field,outdoors,fieldturf,,
2026,14,REG,2026-12-13,16:25,SF,LA,,,Levi's Stadium,outdoors,grass,,
2026,14,REG,2026-12-13,13:00,WAS,HOU,,,Northwest Stadium,outdoors,grass,,
2026,14,REG,2026-12-14,20:15,JAX,PIT,,,EverBank Stadium,outdoors,grass,,
2026,15,REG,2026-12-17,20:15,LAC,SF,,,SoFi Stadium,dome,matrixturf,,
2026,15,REG,2026-12-19,20:20,BUF,CHI,,,Highmark Stadium,outdoors,a_turf,,
2026,15,REG,2026-12-19,17:00,PHI,SEA,,,Lincoln Financial Field,outdoors,grass,,
2026,15,REG,2026-12-20,16:05,ARI,NYJ,,,State Farm Stadium,,grass,,
2026,15,REG,2026-12-20,13:00,CAR,CIN,,,Bank of America Stadium,outdoors,grass,,
2026,15,REG,2026-12-20,13:00,GB,MIA,,,Lambeau Field,outdoors,grass,,
2026,15,REG,2026-12-20,13:00,HOU,JAX,,,Reliant Stadium,,astroturf,,
2026,15,REG,2026-12-20,16:25,LA,DAL,,,SoFi Stadium,dome,matrixturf,,
2026,15,REG,2026-12-20,16:25,LV,DEN,,,Allegiant Stadium,dome,grass,,
2026,15,REG,2026-12-20,20:20,MIN,DET,,,U.S. Bank Stadium,dome,sportturf,,
2026,15,REG,2026-12-20,13:00,NYG,CLE,,,MetLife Stadium,outdoors,fieldturf,,
2026,15,REG,2026-12-20,13:00,PIT,BAL,,,Acrisure Stadium,outdoors,grass,,
2026,15,REG,2026-12-20,13:00,TB,NO,,,Raymond James Stadium,outdoors,grass,,
2026,15,REG,2026-12-20,13:00,TEN,IND,,,Nissan Stadium,outdoors,grass,,
2026,15,REG,2026-12-20,13:00,WAS,ATL,,,Northwest Stadium,outdoors,grass,,
2026,15,REG,2026-12-21,20:15,KC,NE,,,GEHA Field at Arrowhead Stadium,outdoors,grass,,
2026,16,REG,2026-12-24,20:15,PHI,HOU,,,Lincoln Financial Field,outdoors,grass,,
2026,16,REG,2026-12-25,13:00,CHI,GB,,,Soldier Field,outdoors,grass,,
2026,16,REG,2026-12-25,16:30,DEN,BUF,,,Empower Field at Mile High,outdoors,grass,,
2026,16,REG,2026-12-25,20:15,SEA,LA,,,Lumen Field,outdoors,fieldturf,,
2026,16,REG,2026-12-27,13:00,ATL,TB,,,Mercedes-Benz Stadium,,fieldturf,,
2026,16,REG,2026-12-27,13:00,BAL,CLE,,,M&T Bank Stadium,outdoors,grass,,
2026,16,REG,2026-12-27,20:20,DAL,JAX,,,AT&T Stadium,,matrixturf,,
2026,16,REG,2026-12-27,13:00,IND,CIN,,,Lucas Oil Stadium,,fieldturf,,
2026,16,REG,2026-12-27,16:25,KC,SF,,,GEHA Field at Arrowhead Stadium,outdoors,grass,,
2026,16,REG,2026-12-27,16:05,LV,TEN,,,Allegiant Stadium,dome,grass,,
2026,16,REG,2026-12-27,13:00,MIA,LAC,,,Hard Rock Stadium,outdoors,grass,,
2026,16,REG,2026-12-27,13:00,MIN,WAS,,,U.S. Bank Stadium,dome,sportturf,,
2026,16,REG,2026-12-27,13:00,NO,ARI,,,Caesars Superdome,dome,sportturf,,
2026,16,REG,2026-12-27,13:00,NYJ,NE,,,MetLife Stadium,outdoors,fieldturf,,
2026,16,REG,2026-12-27,13:00,PIT,CAR,,,Acrisure Stadium,outdoors,grass,,
2026,16,REG,2026-12-28,20:15,DET,NYG,,,Ford Field,dome,fieldturf,,
2026,17,REG,2026-12-31,20:15,CIN,BAL,,,Paycor Stadium,outdoors,fieldturf,,
2026,17,REG,2027-01-03,16:05,ARI,LV,,,State Farm Stadium,,grass,,
2026,17,REG,2027-01-03,13:00,ATL,NO,,,Mercedes-Benz Stadium,,fieldturf,,
2026,17,REG,2027-01-03,13:00,CAR,SEA,,,Bank of America Stadium,outdoors,grass,,
2026,17,REG,2027-01-03,16:25,CHI,DET,,,Soldier Field,outdoors,grass,,
2026,17,REG,2027-01-03,13:00,CLE,IND,,,Huntington Bank Field,outdoors,grass,,
2026,17,REG,2027-01-03,13:00,DAL,NYG,,,AT&T Stadium,,matrixturf,,
2026,17,REG,2027-01-03,13:00,JAX,WAS,,,EverBank Stadium,outdoors,grass,,
2026,17,REG,2027-01-03,13:00,LAC,KC,,,SoFi Stadium,dome,matrixturf,,
2026,17,REG,2027-01-03,13:00,MIA,BUF,,,Hard Rock Stadium,outdoors,grass,,
2026,17,REG,2027-01-03,13:00,NE,DEN,,,Gillette Stadium,outdoors,fieldturf,,
2026,17,REG,2027-01-03,13:00,NYJ,MIN,,,MetLife Stadium,outdoors,fieldturf,,
2026,17,REG,2027-01-03,20:20,SF,PHI,,,Levi's Stadium,outdoors,grass,,
2026,17,REG,2027-01-03,13:00,TB,LA,,,Raymond James Stadium,outdoors,grass,,
2026,17,REG,2027-01-03,13:00,TEN,PIT,,,Nissan Stadium,outdoors,grass,,
2026,17,REG,2027-01-04,20:15,GB,HOU,,,Lambeau Field,outdoors,grass,,
2026,18,REG,2027-01-10,13:00,ARI,SF,,,State Farm Stadium,,grass,,
2026,18,REG,2027-01-10,13:00,BAL,PIT,,,M&T Bank Stadium,outdoors,grass,,
2026,18,REG,2027-01-10,13:00,BUF,NYJ,,,Highmark Stadium,outdoors,a_turf,,
2026,18,REG,2027-01-10,13:00,CAR,ATL,,,Bank of America Stadium,outdoors,grass,,
2026,18,REG,2027-01-10,13:00,CIN,CLE,,,Paycor Stadium,outdoors,fieldturf,,
2026,18,REG,2027-01-10,13:00,DEN,LAC,,,Empower Field at Mile High,outdoors,grass,,
2026,18,REG,2027-01-10,13:00,GB,DET,,,Lambeau Field,outdoors,grass,,
2026,18,REG,2027-01-10,13:00,HOU,TEN,,,Reliant Stadium,,astroturf,,
2026,18,REG,2027-01-10,13:00,IND,JAX,,,Lucas Oil Stadium,,fieldturf,,
2026,18,REG,2027-01-10,13:00,KC,LV,,,GEHA Field at Arrowhead Stadium,outdoors,grass,,
2026,18,REG,2027-01-10,13:00,LA,SEA,,,SoFi Stadium,dome,matrixturf,,
2026,18,REG,2027-01-10,13:00,MIN,CHI,,,U.S. Bank Stadium,dome,sportturf,,
2026,18,REG,2027-01-10,13:00,NE,MIA,,,Gillette Stadium,outdoors,fieldturf,,
2026,18,REG,2027-01-10,13:00,NO,TB,,,Caesars Superdome,dome,sportturf,,
2026,18,REG,2027-01-10,13:00,NYG,PHI,,,MetLife Stadium,outdoors,fieldturf,,
2026,18,REG,2027-01-10,13:00,WAS,DAL,,,Northwest Stadium,outdoors,grass,,
