Stagione,Data,Ora,Casa,Ospite,GolCasa,GolOspite,Esito,GolCasaPT,GolOspitePT,EsitoPT,Arbitro,TiriCasa,TiriOspite,TiriPortaCasa,TiriPortaOspite,FalliCasa,FalliOspite,CornerCasa,CornerOspite,GialliCasa,GialliOspite,RossiCasa,RossiOspite
2022/23,05/08/2022,20:00,Crystal Palace,Arsenal,0,2,A,0,1,A,A Taylor,10,10,2,2,16,11,3,5,1,2,0,0
2022/23,06/08/2022,15:00,Bournemouth,Aston Villa,2,0,H,1,0,H,P Bankes,7,15,3,2,18,16,5,5,3,3,0,0
2022/23,06/08/2022,17:30,Everton,Chelsea,0,1,A,0,1,A,C Pawson,8,15,4,6,14,11,4,16,3,2,0,0
2022/23,06/08/2022,12:30,Fulham,Liverpool,2,2,D,1,0,H,A Madley,9,11,3,4,7,9,4,4,2,0,0,0
2022/23,06/08/2022,15:00,Leeds,Wolves,2,1,H,1,1,D,R Jones,12,15,4,6,13,9,6,4,2,0,0,0
2022/23,06/08/2022,15:00,Newcastle,Nott'm Forest,2,0,H,0,0,D,S Hooper,23,5,10,0,9,14,11,1,0,3,0,0
2022/23,06/08/2022,15:00,Tottenham,Southampton,4,1,H,2,1,H,A Marriner,18,10,8,2,11,6,10,2,3,0,0,0
2022/23,07/08/2022,14:00,Leicester,Brentford,2,2,D,1,0,H,J Gillett,14,8,5,3,6,5,5,6,0,0,0,0
2022/23,07/08/2022,14:00,Man United,Brighton,1,2,A,0,2,A,P Tierney,17,15,5,4,7,12,6,2,4,1,0,0
2022/23,07/08/2022,16:30,West Ham,Man City,0,2,A,0,1,A,M Oliver,6,14,1,2,8,4,1,4,0,1,0,0
2022/23,13/08/2022,15:00,Arsenal,Leicester,4,2,H,2,0,H,D England,19,6,7,2,15,9,6,2,1,1,0,0
2022/23,13/08/2022,12:30,Aston Villa,Everton,2,1,H,1,0,H,M Oliver,12,15,4,4,9,7,5,8,4,1,0,0
2022/23,13/08/2022,17:30,Brentford,Man United,4,0,H,4,0,H,S Attwell,13,15,7,4,6,15,8,2,0,4,0,0
2022/23,13/08/2022,15:00,Brighton,Newcastle,0,0,D,0,0,D,G Scott,13,4,7,1,8,6,7,3,2,3,0,0
2022/23,13/08/2022,15:00,Man City,Bournemouth,4,0,H,3,0,H,D Coote,19,3,7,1,9,9,11,1,0,3,0,0
2022/23,13/08/2022,15:00,Southampton,Leeds,2,2,D,0,0,D,T Harrington,14,13,4,5,10,12,2,5,1,3,0,0
2022/23,13/08/2022,15:00,Wolves,Fulham,0,0,D,0,0,D,J Brooks,7,9,1,3,7,14,5,3,3,3,0,0
2022/23,14/08/2022,16:30,Chelsea,Tottenham,2,2,D,1,0,H,A Taylor,16,10,3,5,9,9,8,5,3,0,0,0
2022/23,14/08/2022,14:00,Nott'm Forest,West Ham,1,0,H,1,0,H,R Jones,13,19,6,5,10,11,6,7,4,1,0,0
2022/23,15/08/2022,20:00,Liverpool,Crystal Palace,1,1,D,0,1,A,P Tierney,24,7,4,3,7,8,4,2,2,4,1,0
2022/23,20/08/2022,17:30,Bournemouth,Arsenal,0,3,A,0,2,A,C Pawson,6,14,1,6,12,10,3,4,2,1,0,0
2022/23,20/08/2022,15:00,Crystal Palace,Aston Villa,3,1,H,1,1,D,A Madley,17,13,9,5,16,14,4,2,2,1,0,0
2022/23,20/08/2022,15:00,Everton,Nott'm Forest,1,1,D,0,0,D,A Marriner,19,14,8,5,6,9,6,2,3,2,0,0
2022/23,20/08/2022,15:00,Fulham,Brentford,3,2,H,2,1,H,P Bankes,18,13,9,5,13,7,6,3,3,2,0,0
2022/23,20/08/2022,15:00,Leicester,Southampton,1,2,A,0,0,D,M Salisbury,6,9,1,3,11,15,2,5,2,3,0,0
2022/23,20/08/2022,12:30,Tottenham,Wolves,1,0,H,0,0,D,S Hooper,11,20,4,3,10,8,8,6,2,2,0,0
2022/23,21/08/2022,14:00,Leeds,Chelsea,3,0,H,2,0,H,S Attwell,12,14,6,3,16,15,4,6,0,1,0,1
2022/23,21/08/2022,16:30,Newcastle,Man City,3,3,D,2,1,H,J Gillett,12,21,6,10,14,7,5,5,4,2,0,0
2022/23,21/08/2022,14:00,West Ham,Brighton,0,2,A,0,1,A,A Taylor,13,11,3,2,10,7,5,4,2,0,0,0
2022/23,22/08/2022,20:00,Man United,Liverpool,2,1,H,1,0,H,M Oliver,12,17,4,5,11,7,6,8,3,1,0,0
2022/23,27/08/2022,17:30,Arsenal,Fulham,2,1,H,0,0,D,J Gillett,22,11,8,3,6,12,9,2,2,3,0,0
2022/23,27/08/2022,15:00,Brentford,Everton,1,1,D,0,1,A,J Brooks,19,14,5,7,8,8,8,5,2,2,0,0
2022/23,27/08/2022,15:00,Brighton,Leeds,1,0,H,0,0,D,M Salisbury,13,10,4,2,10,14,5,3,2,3,0,0
2022/23,27/08/2022,15:00,Chelsea,Leicester,2,1,H,0,0,D,P Tierney,7,17,3,5,10,7,3,11,1,2,1,0
2022/23,27/08/2022,15:00,Liverpool,Bournemouth,9,0,H,5,0,H,S Attwell,19,5,12,2,6,5,8,1,0,1,0,0
2022/23,27/08/2022,15:00,Man City,Crystal Palace,4,2,H,0,2,A,D England,18,2,5,2,14,8,6,1,1,2,0,0
2022/23,27/08/2022,12:30,Southampton,Man United,0,1,A,0,0,D,A Madley,17,11,5,6,4,14,5,3,0,3,0,0
2022/23,28/08/2022,14:00,Aston Villa,West Ham,0,1,A,0,0,D,D Coote,9,7,3,2,10,10,3,2,2,0,0,0
2022/23,28/08/2022,16:30,Nott'm Forest,Tottenham,0,2,A,0,1,A,C Pawson,17,18,1,7,11,13,6,1,6,1,0,0
2022/23,28/08/2022,14:00,Wolves,Newcastle,1,1,D,1,0,H,P Bankes,10,21,4,6,10,11,4,13,2,1,0,0
2022/23,30/08/2022,19:30,Crystal Palace,Brentford,1,1,D,0,0,D,S Hooper,13,9,4,3,11,8,4,6,1,2,0,0
2022/23,30/08/2022,19:30,Fulham,Brighton,2,1,H,0,0,D,T Bramall,10,7,3,4,9,11,3,3,2,1,0,0
2022/23,30/08/2022,20:00,Leeds,Everton,1,1,D,0,1,A,D England,14,7,5,2,10,9,10,2,3,3,0,0
2022/23,30/08/2022,19:45,Southampton,Chelsea,2,1,H,2,1,H,M Oliver,9,10,7,4,15,10,5,3,2,1,0,0
2022/23,31/08/2022,19:30,Arsenal,Aston Villa,2,1,H,1,0,H,R Jones,22,4,9,3,10,14,10,3,2,3,0,0
2022/23,31/08/2022,19:30,Bournemouth,Wolves,0,0,D,0,0,D,A Taylor,5,17,2,4,12,12,2,5,2,1,0,0
2022/23,31/08/2022,20:00,Liverpool,Newcastle,2,1,H,0,1,A,A Marriner,23,5,6,2,9,10,13,0,0,2,0,0
2022/23,31/08/2022,19:30,Man City,Nott'm Forest,6,0,H,3,0,H,P Tierney,17,8,9,1,9,7,10,1,0,1,0,0
2022/23,31/08/2022,19:45,West Ham,Tottenham,1,1,D,0,1,A,P Bankes,14,13,4,4,10,9,3,4,2,5,0,0
2022/23,01/09/2022,20:00,Leicester,Man United,0,1,A,0,1,A,C Pawson,10,9,2,2,7,15,1,3,1,3,0,0
2022/23,03/09/2022,17:30,Aston Villa,Man City,1,1,D,0,0,D,S Hooper,3,13,1,4,7,6,1,4,2,0,0,0
2022/23,03/09/2022,15:00,Brentford,Leeds,5,2,H,2,1,H,R Jones,14,17,8,6,8,9,2,6,2,2,0,0
2022/23,03/09/2022,15:00,Chelsea,West Ham,2,1,H,0,0,D,A Madley,8,6,3,3,6,11,10,3,4,2,0,0
2022/23,03/09/2022,12:30,Everton,Liverpool,0,0,D,0,0,D,A Taylor,14,23,3,8,7,11,7,9,2,2,0,0
2022/23,03/09/2022,15:00,Newcastle,Crystal Palace,0,0,D,0,0,D,M Salisbury,23,19,6,9,19,12,13,5,2,1,0,0
2022/23,03/09/2022,15:00,Nott'm Forest,Bournemouth,2,3,A,2,0,H,M Oliver,11,8,3,3,13,10,4,6,2,1,0,0
2022/23,03/09/2022,15:00,Tottenham,Fulham,2,1,H,1,0,H,S Attwell,23,9,10,3,9,6,10,3,3,4,0,0
2022/23,03/09/2022,15:00,Wolves,Southampton,1,0,H,1,0,H,J Brooks,7,12,2,1,10,14,5,6,4,2,0,0
2022/23,04/09/2022,14:00,Brighton,Leicester,5,2,H,2,2,D,T Harrington,23,6,11,4,6,8,10,1,1,1,0,0
2022/23,04/09/2022,16:30,Man United,Arsenal,3,1,H,1,0,H,P Tierney,10,16,6,3,13,9,2,5,3,3,0,0
2022/23,16/09/2022,20:00,Aston Villa,Southampton,1,0,H,1,0,H,T Harrington,11,7,3,1,13,13,6,3,3,1,0,0
2022/23,16/09/2022,20:00,Nott'm Forest,Fulham,2,3,A,1,0,H,J Gillett,11,15,3,7,11,10,2,10,2,4,0,0
2022/23,17/09/2022,15:00,Newcastle,Bournemouth,1,1,D,0,0,D,C Pawson,20,10,7,3,10,11,8,1,2,2,0,0
2022/23,17/09/2022,17:30,Tottenham,Leicester,6,2,H,2,2,D,S Hooper,16,19,11,7,9,9,6,1,1,2,0,0
2022/23,17/09/2022,12:30,Wolves,Man City,0,3,A,0,2,A,A Taylor,6,16,1,7,7,9,5,7,2,1,1,0
2022/23,18/09/2022,12:00,Brentford,Arsenal,0,3,A,0,2,A,D Coote,5,13,2,7,10,10,3,3,0,2,0,0
2022/23,18/09/2022,14:15,Everton,West Ham,1,0,H,0,0,D,M Oliver,7,14,2,4,8,11,5,14,3,1,0,0
2022/23,01/10/2022,12:30,Arsenal,Tottenham,3,1,H,1,1,D,A Taylor,22,7,9,3,10,10,5,2,2,1,0,1
2022/23,01/10/2022,15:00,Bournemouth,Brentford,0,0,D,0,0,D,T Bramall,7,13,1,4,11,10,7,8,1,2,0,0
2022/23,01/10/2022,15:00,Crystal Palace,Chelsea,1,2,A,1,1,D,C Kavanagh,7,13,3,3,11,13,5,2,1,3,0,0
2022/23,01/10/2022,15:00,Fulham,Newcastle,1,4,A,0,3,A,D England,3,19,1,10,9,10,1,8,2,0,1,0
2022/23,01/10/2022,15:00,Liverpool,Brighton,3,3,D,1,2,A,A Madley,15,6,7,6,9,13,9,2,1,1,0,0
2022/23,01/10/2022,15:00,Southampton,Everton,1,2,A,0,0,D,A Marriner,22,12,6,5,11,10,7,6,2,2,0,0
2022/23,01/10/2022,17:30,West Ham,Wolves,2,0,H,1,0,H,P Tierney,18,15,5,4,8,6,1,6,2,2,0,0
2022/23,02/10/2022,16:30,Leeds,Aston Villa,0,0,D,0,0,D,S Attwell,9,19,1,7,23,12,2,9,3,2,1,0
2022/23,02/10/2022,14:00,Man City,Man United,6,3,H,4,0,H,M Oliver,22,12,10,8,3,9,5,1,0,3,0,0
2022/23,03/10/2022,20:00,Leicester,Nott'm Forest,4,0,H,3,0,H,R Jones,17,10,7,3,13,12,6,6,2,4,0,0
2022/23,08/10/2022,15:00,Bournemouth,Leicester,2,1,H,0,1,A,M Salisbury,10,9,4,5,8,16,7,2,1,2,0,0
2022/23,08/10/2022,17:30,Brighton,Tottenham,0,1,A,0,1,A,T Harrington,14,8,4,3,9,14,6,2,1,2,0,0
2022/23,08/10/2022,15:00,Chelsea,Wolves,3,0,H,1,0,H,S Hooper,20,8,7,2,8,8,4,2,2,0,0,0
2022/23,08/10/2022,15:00,Man City,Southampton,4,0,H,2,0,H,A Madley,21,5,8,0,4,8,9,1,0,1,0,0
2022/23,08/10/2022,15:00,Newcastle,Brentford,5,1,H,2,0,H,J Brooks,16,6,6,3,14,9,9,5,0,1,0,0
2022/23,09/10/2022,16:30,Arsenal,Liverpool,3,2,H,2,1,H,M Oliver,11,8,7,3,11,11,4,3,1,2,0,0
2022/23,09/10/2022,14:00,Crystal Palace,Leeds,2,1,H,1,1,D,P Tierney,13,10,5,4,13,23,5,3,3,3,0,0
2022/23,09/10/2022,19:00,Everton,Man United,1,2,A,1,2,A,D Coote,11,12,2,4,7,13,5,4,2,1,0,0
2022/23,09/10/2022,14:00,West Ham,Fulham,3,1,H,1,1,D,C Kavanagh,17,8,8,2,9,7,4,2,1,3,0,0
2022/23,10/10/2022,20:00,Nott'm Forest,Aston Villa,1,1,D,1,1,D,A Taylor,6,12,3,2,13,19,1,4,3,3,0,0
2022/23,14/10/2022,20:00,Brentford,Brighton,2,0,H,1,0,H,M Salisbury,7,21,3,7,12,15,2,11,3,1,0,0
2022/23,15/10/2022,15:00,Fulham,Bournemouth,2,2,D,1,2,A,G Scott,19,10,4,6,9,11,5,6,2,0,0,0
2022/23,15/10/2022,12:30,Leicester,Crystal Palace,0,0,D,0,0,D,A Madley,14,8,5,1,18,13,9,2,2,2,0,0
2022/23,15/10/2022,17:30,Tottenham,Everton,2,0,H,0,0,D,P Tierney,21,4,7,0,12,13,7,1,1,4,0,0
2022/23,15/10/2022,15:00,Wolves,Nott'm Forest,1,0,H,0,0,D,T Bramall,9,10,2,2,17,13,4,5,2,2,0,0
2022/23,16/10/2022,14:00,Aston Villa,Chelsea,0,2,A,0,1,A,R Jones,18,8,7,4,12,11,7,1,0,3,0,0
2022/23,16/10/2022,14:00,Leeds,Arsenal,0,1,A,0,1,A,C Kavanagh,16,9,4,4,10,11,6,3,0,2,0,0
2022/23,16/10/2022,16:30,Liverpool,Man City,1,0,H,0,0,D,A Taylor,13,16,2,6,10,7,5,6,3,1,0,0
2022/23,16/10/2022,14:00,Man United,Newcastle,0,0,D,0,0,D,C Pawson,15,9,2,2,13,11,4,4,3,1,0,0
2022/23,16/10/2022,14:00,Southampton,West Ham,1,1,D,1,0,H,P Bankes,10,25,8,4,7,3,4,14,1,1,0,0
2022/23,18/10/2022,19:30,Brighton,Nott'm Forest,0,0,D,0,0,D,D England,19,3,7,0,10,14,9,1,3,1,0,0
2022/23,18/10/2022,20:15,Crystal Palace,Wolves,2,1,H,0,1,A,D Coote,14,10,4,4,14,18,4,3,3,1,0,0
2022/23,19/10/2022,19:30,Bournemouth,Southampton,0,1,A,0,1,A,J Brooks,15,9,3,3,8,13,7,3,1,3,0,0
2022/23,19/10/2022,19:30,Brentford,Chelsea,0,0,D,0,0,D,J Gillett,8,14,5,5,7,7,6,2,0,0,0,0
2022/23,19/10/2022,19:30,Liverpool,West Ham,1,0,H,1,0,H,S Attwell,22,8,7,3,9,8,8,3,0,0,0,0
2022/23,19/10/2022,20:15,Man United,Tottenham,2,0,H,0,0,D,S Hooper,28,9,10,2,7,7,8,3,1,0,0,0
2022/23,19/10/2022,19:30,Newcastle,Everton,1,0,H,1,0,H,T Harrington,16,1,4,0,9,12,8,2,2,4,0,0
2022/23,20/10/2022,19:30,Fulham,Aston Villa,3,0,H,1,0,H,M Oliver,18,12,8,6,11,11,9,7,0,2,0,1
2022/23,20/10/2022,20:15,Leicester,Leeds,2,0,H,2,0,H,P Bankes,5,14,1,2,15,11,2,9,2,1,0,0
2022/23,22/10/2022,17:30,Chelsea,Man United,1,1,D,0,0,D,S Attwell,6,13,2,6,8,10,6,4,1,4,0,0
2022/23,22/10/2022,15:00,Everton,Crystal Palace,3,0,H,1,0,H,S Hooper,9,9,6,2,16,14,3,4,3,4,0,0
2022/23,22/10/2022,15:00,Man City,Brighton,3,1,H,2,0,H,C Pawson,10,8,4,2,11,12,7,3,1,3,0,0
2022/23,22/10/2022,12:30,Nott'm Forest,Liverpool,1,0,H,0,0,D,P Tierney,10,15,7,7,14,8,2,11,2,1,0,0
2022/23,23/10/2022,14:00,Aston Villa,Brentford,4,0,H,3,0,H,D England,19,12,11,3,14,11,7,6,1,0,0,0
2022/23,23/10/2022,14:00,Leeds,Fulham,2,3,A,1,1,D,A Taylor,14,11,5,5,12,8,3,6,1,1,0,0
2022/23,23/10/2022,14:00,Southampton,Arsenal,1,1,D,0,1,A,R Jones,10,12,3,3,11,8,9,4,2,1,0,0
2022/23,23/10/2022,16:30,Tottenham,Newcastle,1,2,A,0,2,A,J Gillett,17,13,5,5,12,6,6,7,4,2,0,0
2022/23,23/10/2022,14:00,Wolves,Leicester,0,4,A,0,2,A,M Oliver,21,5,5,4,10,13,9,2,2,1,0,0
2022/23,24/10/2022,20:00,West Ham,Bournemouth,2,0,H,1,0,H,D Coote,20,5,4,3,9,11,5,0,0,2,0,0
2022/23,29/10/2022,15:00,Bournemouth,Tottenham,2,3,A,1,0,H,A Taylor,6,23,4,7,10,5,2,19,1,2,0,0
2022/23,29/10/2022,15:00,Brentford,Wolves,1,1,D,0,0,D,R Madley,12,14,3,4,10,17,3,6,3,3,0,1
2022/23,29/10/2022,15:00,Brighton,Chelsea,4,1,H,3,0,H,A Madley,19,15,9,7,16,6,8,7,1,2,0,0
2022/23,29/10/2022,15:00,Crystal Palace,Southampton,1,0,H,1,0,H,M Salisbury,12,14,3,4,13,12,8,4,3,3,0,0
2022/23,29/10/2022,17:30,Fulham,Everton,0,0,D,0,0,D,J Brooks,24,9,6,4,10,8,13,4,2,1,0,0
2022/23,29/10/2022,12:30,Leicester,Man City,0,1,A,0,0,D,R Jones,10,15,5,5,5,10,3,10,0,0,0,0
2022/23,29/10/2022,19:45,Liverpool,Leeds,1,2,A,1,1,D,M Oliver,22,14,10,6,9,3,14,5,0,1,0,0
2022/23,29/10/2022,15:00,Newcastle,Aston Villa,4,0,H,1,0,H,P Tierney,20,3,7,0,11,11,3,0,1,1,0,0
2022/23,30/10/2022,14:00,Arsenal,Nott'm Forest,5,0,H,1,0,H,S Hooper,24,5,10,2,9,8,9,4,0,1,0,0
2022/23,30/10/2022,16:15,Man United,West Ham,1,0,H,1,0,H,C Kavanagh,16,13,3,5,12,10,5,10,1,3,0,0
2022/23,05/11/2022,17:30,Everton,Leicester,0,2,A,0,1,A,D Coote,12,22,2,8,9,5,8,3,0,0,0,0
2022/23,05/11/2022,15:00,Leeds,Bournemouth,4,3,H,1,2,A,T Harrington,18,9,4,6,16,10,13,3,2,2,0,0
2022/23,05/11/2022,15:00,Man City,Fulham,2,1,H,1,1,D,D England,16,4,5,2,6,11,9,0,2,4,1,0
2022/23,05/11/2022,15:00,Nott'm Forest,Brentford,2,2,D,1,1,D,A Marriner,15,6,7,2,10,11,3,3,2,2,0,0
2022/23,05/11/2022,15:00,Wolves,Brighton,2,3,A,2,2,D,G Scott,8,19,5,8,15,11,4,9,2,0,1,0
2022/23,06/11/2022,14:00,Aston Villa,Man United,3,1,H,2,1,H,A Taylor,6,8,4,3,6,12,3,5,3,3,0,0
2022/23,06/11/2022,12:00,Chelsea,Arsenal,0,1,A,0,0,D,M Oliver,5,14,1,2,20,13,4,6,5,2,0,0
2022/23,06/11/2022,14:00,Southampton,Newcastle,1,4,A,0,1,A,S Attwell,16,7,5,4,7,10,8,2,1,0,0,0
2022/23,06/11/2022,16:30,Tottenham,Liverpool,1,2,A,0,2,A,A Madley,14,13,5,6,10,8,5,3,0,0,0,0
2022/23,06/11/2022,14:00,West Ham,Crystal Palace,1,2,A,1,1,D,P Tierney,5,15,2,6,10,7,2,5,1,1,0,0
2022/23,12/11/2022,15:00,Bournemouth,Everton,3,0,H,2,0,H,C Pawson,16,15,9,3,12,8,3,5,2,0,0,0
2022/23,12/11/2022,15:00,Liverpool,Southampton,3,1,H,3,1,H,S Hooper,15,9,7,5,8,8,6,0,0,2,0,0
2022/23,12/11/2022,12:30,Man City,Brentford,1,2,A,1,1,D,P Bankes,29,10,6,8,9,7,10,2,2,2,0,0
2022/23,12/11/2022,17:30,Newcastle,Chelsea,1,0,H,0,0,D,R Jones,10,5,3,2,14,11,5,3,3,2,0,0
2022/23,12/11/2022,15:00,Nott'm Forest,Crystal Palace,1,0,H,0,0,D,J Brooks,9,8,2,0,11,13,1,5,1,4,0,0
2022/23,12/11/2022,15:00,Tottenham,Leeds,4,3,H,1,2,A,M Salisbury,14,12,8,5,8,7,9,2,1,1,0,1
2022/23,12/11/2022,15:00,West Ham,Leicester,0,2,A,0,1,A,J Gillett,18,9,6,6,9,8,7,2,3,1,0,0
2022/23,12/11/2022,19:45,Wolves,Arsenal,0,2,A,0,0,D,S Attwell,11,14,2,4,5,6,6,4,3,2,0,0
2022/23,13/11/2022,14:00,Brighton,Aston Villa,1,2,A,1,1,D,C Kavanagh,7,8,2,2,14,11,11,4,2,7,0,0
2022/23,13/11/2022,16:30,Fulham,Man United,1,2,A,0,1,A,P Tierney,14,14,7,9,9,10,10,3,1,1,0,0
2022/23,26/12/2022,20:00,Arsenal,West Ham,3,1,H,0,1,A,M Oliver,16,8,5,4,13,17,7,5,0,2,0,0
2022/23,26/12/2022,17:30,Aston Villa,Liverpool,1,3,A,0,2,A,P Tierney,12,16,6,9,7,12,0,6,0,0,0,0
2022/23,26/12/2022,12:30,Brentford,Tottenham,2,2,D,1,0,H,D Coote,9,16,5,8,11,10,6,5,3,1,0,0
2022/23,26/12/2022,15:00,Crystal Palace,Fulham,0,3,A,0,1,A,A Madley,4,23,0,11,12,15,1,8,0,0,2,0
2022/23,26/12/2022,15:00,Everton,Wolves,1,2,A,1,1,D,C Pawson,12,7,6,4,9,22,2,2,1,6,0,0
2022/23,26/12/2022,15:00,Leicester,Newcastle,0,3,A,0,3,A,J Gillett,8,12,2,5,9,6,5,5,0,0,0,0
2022/23,26/12/2022,15:00,Southampton,Brighton,1,3,A,0,2,A,R Jones,14,7,4,4,9,10,4,2,1,2,0,0
2022/23,27/12/2022,17:30,Chelsea,Bournemouth,2,0,H,2,0,H,S Hooper,15,9,5,4,8,10,6,8,0,0,0,0
2022/23,27/12/2022,20:00,Man United,Nott'm Forest,3,0,H,2,0,H,A Taylor,17,8,8,3,13,4,9,9,3,1,0,0
2022/23,28/12/2022,20:00,Leeds,Man City,1,3,A,0,1,A,S Attwell,9,26,1,9,11,14,3,5,3,3,0,0
2022/23,30/12/2022,20:00,Liverpool,Leicester,2,1,H,2,1,H,C Pawson,21,7,5,2,8,15,4,5,0,1,0,0
2022/23,30/12/2022,19:45,West Ham,Brentford,0,2,A,0,2,A,D England,20,9,5,6,9,5,8,1,1,0,0,0
2022/23,31/12/2022,15:00,Bournemouth,Crystal Palace,0,2,A,0,2,A,A Marriner,6,15,2,6,17,11,2,7,4,1,0,0
2022/23,31/12/2022,17:30,Brighton,Arsenal,2,4,A,0,2,A,A Taylor,9,14,5,7,7,11,7,4,3,3,0,0
2022/23,31/12/2022,15:00,Fulham,Southampton,2,1,H,1,0,H,G Scott,8,9,2,3,8,13,4,4,0,1,0,0
2022/23,31/12/2022,15:00,Man City,Everton,1,1,D,1,0,H,A Madley,16,2,3,1,13,14,7,1,3,4,0,0
2022/23,31/12/2022,15:00,Newcastle,Leeds,0,0,D,0,0,D,S Hooper,16,8,5,1,13,19,9,3,3,5,0,0
2022/23,31/12/2022,12:30,Wolves,Man United,0,1,A,0,0,D,R Jones,10,16,3,6,11,11,7,5,1,3,0,0
2022/23,01/01/2023,16:30,Nott'm Forest,Chelsea,1,1,D,0,1,A,P Bankes,12,7,5,2,16,14,1,2,2,2,0,0
2022/23,01/01/2023,14:00,Tottenham,Aston Villa,0,2,A,0,0,D,J Brooks,6,13,2,4,15,10,5,3,4,3,0,0
2022/23,02/01/2023,17:30,Brentford,Liverpool,3,1,H,2,0,H,S Attwell,10,16,7,6,5,8,4,9,1,3,0,0
2022/23,03/01/2023,19:45,Arsenal,Newcastle,0,0,D,0,0,D,A Madley,17,8,4,1,10,16,5,5,4,4,0,0
2022/23,03/01/2023,19:45,Everton,Brighton,1,4,A,0,1,A,A Marriner,10,19,4,8,8,10,5,2,3,1,0,0
2022/23,03/01/2023,19:45,Leicester,Fulham,0,1,A,0,1,A,D Bond,15,11,6,2,12,11,6,3,2,6,0,0
2022/23,03/01/2023,20:00,Man United,Bournemouth,3,0,H,1,0,H,M Salisbury,18,7,6,4,13,7,6,5,0,3,0,0
2022/23,04/01/2023,20:00,Aston Villa,Wolves,1,1,D,0,1,A,J Gillett,13,10,4,3,6,12,7,8,1,3,0,0
2022/23,04/01/2023,20:00,Crystal Palace,Tottenham,0,4,A,0,0,D,M Oliver,19,14,4,6,11,8,10,4,1,2,0,0
2022/23,04/01/2023,19:45,Leeds,West Ham,2,2,D,1,1,D,D Coote,14,15,6,2,11,18,8,1,3,1,0,0
2022/23,04/01/2023,19:30,Southampton,Nott'm Forest,0,1,A,0,1,A,T Bramall,8,11,0,1,14,17,6,2,2,2,0,0
2022/23,05/01/2023,20:00,Chelsea,Man City,0,1,A,0,0,D,P Tierney,8,12,2,3,9,9,3,2,2,0,0,0
2022/23,12/01/2023,20:00,Fulham,Chelsea,2,1,H,1,0,H,D Coote,8,20,3,10,12,16,5,7,4,3,0,1
2022/23,13/01/2023,20:00,Aston Villa,Leeds,2,1,H,1,0,H,M Oliver,11,16,5,4,12,8,0,11,2,2,0,0
2022/23,14/01/2023,17:30,Brentford,Bournemouth,2,0,H,1,0,H,J Gillett,12,7,4,2,5,9,5,3,1,1,0,0
2022/23,14/01/2023,15:00,Brighton,Liverpool,3,0,H,0,0,D,D England,16,6,9,2,8,15,7,1,1,3,0,0
2022/23,14/01/2023,15:00,Everton,Southampton,1,2,A,1,0,H,J Brooks,12,13,4,5,7,19,6,4,0,3,0,0
2022/23,14/01/2023,12:30,Man United,Man City,2,1,H,0,0,D,S Attwell,8,5,4,1,15,5,1,2,3,0,0,0
2022/23,14/01/2023,15:00,Nott'm Forest,Leicester,2,0,H,0,0,D,P Tierney,15,6,5,1,11,12,3,5,1,2,0,0
2022/23,14/01/2023,15:00,Wolves,West Ham,1,0,H,0,0,D,S Hooper,17,16,4,4,10,7,4,3,0,2,0,0
2022/23,15/01/2023,14:00,Chelsea,Crystal Palace,1,0,H,0,0,D,P Bankes,15,10,5,5,10,17,11,7,2,5,0,0
2022/23,15/01/2023,14:00,Newcastle,Fulham,1,0,H,0,0,D,R Jones,20,5,5,0,6,14,10,5,1,3,0,0
2022/23,15/01/2023,16:30,Tottenham,Arsenal,0,2,A,0,2,A,C Pawson,17,14,7,5,16,15,4,3,4,2,0,0
2022/23,18/01/2023,20:00,Crystal Palace,Man United,1,1,D,0,1,A,R Jones,10,15,5,4,9,10,3,3,1,2,0,0
2022/23,19/01/2023,20:00,Man City,Tottenham,4,2,H,0,2,A,S Hooper,16,9,6,3,10,14,8,3,1,2,0,0
2022/23,21/01/2023,15:00,Bournemouth,Nott'm Forest,1,1,D,1,0,H,A Madley,16,20,4,5,10,7,4,6,1,2,0,0
2022/23,21/01/2023,17:30,Crystal Palace,Newcastle,0,0,D,0,0,D,C Pawson,6,16,1,7,13,7,3,15,4,2,0,0
2022/23,21/01/2023,15:00,Leicester,Brighton,2,2,D,1,1,D,T Bramall,9,13,2,4,9,9,5,6,0,1,0,0
2022/23,21/01/2023,12:30,Liverpool,Chelsea,0,0,D,0,0,D,M Oliver,15,11,3,2,16,9,5,5,3,1,0,0
2022/23,21/01/2023,15:00,Southampton,Aston Villa,0,1,A,0,0,D,M Salisbury,8,16,5,5,19,9,2,2,1,2,0,0
2022/23,21/01/2023,15:00,West Ham,Everton,2,0,H,2,0,H,S Attwell,11,5,4,2,9,6,4,9,1,1,0,0
2022/23,22/01/2023,16:30,Arsenal,Man United,3,2,H,1,1,D,A Taylor,25,6,5,4,8,9,12,4,1,2,0,0
2022/23,22/01/2023,14:00,Leeds,Brentford,0,0,D,0,0,D,P Bankes,9,6,5,0,10,18,2,3,2,2,0,0
2022/23,22/01/2023,14:00,Man City,Wolves,3,0,H,1,0,H,D Coote,13,10,7,1,10,10,5,7,1,2,0,0
2022/23,23/01/2023,20:00,Fulham,Tottenham,0,1,A,0,1,A,P Tierney,10,10,5,3,10,10,3,8,1,3,0,0
2022/23,03/02/2023,20:00,Chelsea,Fulham,0,0,D,0,0,D,S Attwell,12,10,3,4,16,12,6,2,1,4,0,0
2022/23,04/02/2023,15:00,Aston Villa,Leicester,2,4,A,2,3,A,D England,19,9,4,5,10,10,11,3,0,2,0,0
2022/23,04/02/2023,15:00,Brentford,Southampton,3,0,H,2,0,H,D Bond,14,14,4,6,10,9,4,4,1,2,0,0
2022/23,04/02/2023,15:00,Brighton,Bournemouth,1,0,H,0,0,D,C Pawson,20,12,6,2,14,7,7,3,3,1,0,0
2022/23,04/02/2023,12:30,Everton,Arsenal,1,0,H,0,0,D,D Coote,12,15,4,3,13,8,7,5,4,1,0,0
2022/23,04/02/2023,15:00,Man United,Crystal Palace,2,1,H,1,0,H,A Marriner,14,10,5,3,9,9,5,5,1,2,1,0
2022/23,04/02/2023,17:30,Newcastle,West Ham,1,1,D,1,1,D,P Bankes,8,10,2,1,11,13,4,2,2,1,0,0
2022/23,04/02/2023,15:00,Wolves,Liverpool,3,0,H,2,0,H,P Tierney,12,22,6,4,9,7,2,7,1,1,0,0
2022/23,05/02/2023,14:00,Nott'm Forest,Leeds,1,0,H,1,0,H,R Jones,6,10,2,4,15,14,0,2,4,2,0,0
2022/23,05/02/2023,16:30,Tottenham,Man City,1,0,H,1,0,H,A Madley,12,15,3,5,19,14,4,6,2,3,1,0
2022/23,08/02/2023,20:00,Man United,Leeds,2,2,D,0,1,A,S Hooper,24,8,7,2,7,11,6,5,1,3,0,0
2022/23,11/02/2023,15:00,Arsenal,Brentford,1,1,D,0,0,D,P Bankes,23,9,7,2,9,9,7,4,0,2,0,0
2022/23,11/02/2023,17:30,Bournemouth,Newcastle,1,1,D,1,1,D,S Attwell,11,15,5,7,8,10,4,6,2,3,0,0
2022/23,11/02/2023,15:00,Crystal Palace,Brighton,1,1,D,0,0,D,M Oliver,6,17,1,7,10,11,1,6,4,1,0,0
2022/23,11/02/2023,15:00,Fulham,Nott'm Forest,2,0,H,1,0,H,A Madley,16,10,3,1,9,11,5,4,0,1,0,0
2022/23,11/02/2023,15:00,Leicester,Tottenham,4,1,H,3,1,H,M Salisbury,15,11,7,4,14,9,1,5,5,2,0,0
2022/23,11/02/2023,15:00,Southampton,Wolves,1,2,A,1,0,H,J Gillett,17,11,2,2,12,14,5,2,2,2,0,1
2022/23,11/02/2023,12:30,West Ham,Chelsea,1,1,D,1,1,D,C Pawson,10,12,2,4,9,11,5,6,1,1,0,0
2022/23,12/02/2023,14:00,Leeds,Man United,0,2,A,0,0,D,P Tierney,16,11,6,5,10,13,7,3,2,1,0,0
2022/23,12/02/2023,16:30,Man City,Aston Villa,3,1,H,3,0,H,R Jones,17,6,9,2,13,14,8,4,1,2,0,0
2022/23,13/02/2023,20:00,Liverpool,Everton,2,0,H,1,0,H,S Hooper,15,6,6,1,8,16,3,3,1,3,0,0
2022/23,15/02/2023,19:30,Arsenal,Man City,1,3,A,1,1,D,A Taylor,10,9,1,6,11,15,1,3,2,3,0,0
2022/23,18/02/2023,12:30,Aston Villa,Arsenal,2,4,A,2,1,H,S Hooper,7,20,5,5,13,4,2,9,2,1,0,0
2022/23,18/02/2023,15:00,Brentford,Crystal Palace,1,1,D,0,0,D,P Tierney,12,10,5,4,10,8,2,6,2,2,0,0
2022/23,18/02/2023,15:00,Brighton,Fulham,0,1,A,0,0,D,D England,21,5,7,2,12,14,10,2,0,5,0,0
2022/23,18/02/2023,15:00,Chelsea,Southampton,0,1,A,0,1,A,D Coote,17,8,5,5,16,24,8,2,3,6,0,0
2022/23,18/02/2023,15:00,Everton,Leeds,1,0,H,0,0,D,A Madley,15,8,6,0,8,6,6,4,2,3,0,0
2022/23,18/02/2023,17:30,Newcastle,Liverpool,0,2,A,0,2,A,A Taylor,14,13,4,7,3,8,6,7,1,1,1,0
2022/23,18/02/2023,15:00,Nott'm Forest,Man City,1,1,D,0,1,A,G Scott,4,26,1,6,8,6,0,10,1,0,0,0
2022/23,18/02/2023,15:00,Wolves,Bournemouth,0,1,A,0,0,D,M Salisbury,15,5,4,1,12,10,12,2,3,3,0,0
2022/23,19/02/2023,14:00,Man United,Leicester,3,0,H,1,0,H,S Attwell,26,19,8,3,9,9,6,6,0,2,0,0
2022/23,19/02/2023,16:30,Tottenham,West Ham,2,0,H,0,0,D,M Oliver,16,6,6,1,16,10,4,7,2,1,0,0
2022/23,24/02/2023,20:00,Fulham,Wolves,1,1,D,0,1,A,M Oliver,10,8,5,2,12,17,4,3,2,0,0,0
2022/23,25/02/2023,17:30,Bournemouth,Man City,1,4,A,0,3,A,P Tierney,13,20,2,5,10,9,4,6,2,2,0,0
2022/23,25/02/2023,19:45,Crystal Palace,Liverpool,0,0,D,0,0,D,D England,6,12,0,4,11,14,5,3,2,5,0,0
2022/23,25/02/2023,15:00,Everton,Aston Villa,0,2,A,0,0,D,A Taylor,15,9,5,5,12,12,5,1,2,1,0,0
2022/23,25/02/2023,15:00,Leeds,Southampton,1,0,H,0,0,D,P Bankes,14,8,4,2,15,13,9,2,2,4,0,0
2022/23,25/02/2023,15:00,Leicester,Arsenal,0,1,A,0,0,D,C Pawson,1,10,0,2,14,9,0,8,0,1,0,0
2022/23,25/02/2023,15:00,West Ham,Nott'm Forest,4,0,H,0,0,D,J Gillett,18,8,5,3,8,5,12,3,0,0,0,0
2022/23,26/02/2023,13:30,Tottenham,Chelsea,2,0,H,0,0,D,S Attwell,8,10,3,2,10,10,4,4,2,3,0,0
2022/23,01/03/2023,19:45,Arsenal,Everton,4,0,H,2,0,H,M Oliver,15,8,5,5,5,12,5,1,0,2,0,0
2022/23,01/03/2023,20:00,Liverpool,Wolves,2,0,H,0,0,D,P Tierney,15,4,6,1,13,14,5,2,2,3,0,0
2022/23,04/03/2023,15:00,Arsenal,Bournemouth,3,2,H,0,1,A,C Kavanagh,31,4,9,4,6,8,17,1,0,2,0,0
2022/23,04/03/2023,15:00,Aston Villa,Crystal Palace,1,0,H,1,0,H,C Pawson,8,3,1,0,14,17,2,4,2,3,0,1
2022/23,04/03/2023,15:00,Brighton,West Ham,4,0,H,1,0,H,S Attwell,20,3,9,2,6,8,7,3,0,3,0,0
2022/23,04/03/2023,15:00,Chelsea,Leeds,1,0,H,0,0,D,M Oliver,13,11,3,2,10,7,5,7,2,0,0,0
2022/23,04/03/2023,12:30,Man City,Newcastle,2,0,H,1,0,H,S Hooper,11,5,3,2,8,13,8,4,2,4,0,0
2022/23,04/03/2023,17:30,Southampton,Leicester,1,0,H,1,0,H,R Jones,11,11,5,0,12,11,3,4,4,2,0,0
2022/23,04/03/2023,15:00,Wolves,Tottenham,1,0,H,0,0,D,T Robinson,8,21,5,6,11,18,4,8,1,1,0,0
2022/23,05/03/2023,16:30,Liverpool,Man United,7,0,H,1,0,H,A Madley,18,8,8,4,13,14,4,3,2,3,0,0
2022/23,05/03/2023,14:00,Nott'm Forest,Everton,2,2,D,1,2,A,J Brooks,10,10,4,3,11,17,3,3,3,5,0,0
2022/23,06/03/2023,20:00,Brentford,Fulham,3,2,H,1,1,D,A Taylor,14,9,6,5,12,17,2,3,0,3,0,0
2022/23,11/03/2023,12:30,Bournemouth,Liverpool,1,0,H,1,0,H,J Brooks,5,15,2,6,7,9,3,8,2,1,0,0
2022/23,11/03/2023,17:30,Crystal Palace,Man City,0,1,A,0,0,D,R Jones,4,14,0,4,11,17,2,6,2,2,0,0
2022/23,11/03/2023,15:00,Everton,Brentford,1,0,H,1,0,H,S Hooper,13,12,6,4,11,12,5,8,2,1,0,0
2022/23,11/03/2023,15:00,Leeds,Brighton,2,2,D,1,1,D,P Tierney,12,14,4,2,12,9,4,7,1,1,0,0
2022/23,11/03/2023,15:00,Leicester,Chelsea,1,3,A,1,2,A,A Marriner,17,12,7,6,10,11,2,5,1,2,1,0
2022/23,11/03/2023,15:00,Tottenham,Nott'm Forest,3,1,H,2,0,H,C Pawson,15,9,7,5,13,13,2,10,3,1,0,0
2022/23,12/03/2023,14:00,Fulham,Arsenal,0,3,A,0,3,A,D Coote,12,15,2,7,10,9,4,8,0,1,0,0
2022/23,12/03/2023,14:00,Man United,Southampton,0,0,D,0,0,D,A Taylor,10,17,4,4,12,9,7,8,2,0,0,0
2022/23,12/03/2023,16:30,Newcastle,Wolves,2,1,H,1,0,H,A Madley,19,7,8,4,11,10,10,3,1,2,0,0
2022/23,12/03/2023,14:00,West Ham,Aston Villa,1,1,D,1,1,D,C Kavanagh,17,12,6,4,8,6,13,2,1,0,0,0
2022/23,15/03/2023,19:30,Brighton,Crystal Palace,1,0,H,1,0,H,P Bankes,11,11,5,3,13,20,1,4,1,2,0,0
2022/23,15/03/2023,19:30,Southampton,Brentford,0,2,A,0,1,A,M Salisbury,7,11,1,5,14,10,3,3,1,2,0,0
2022/23,17/03/2023,20:00,Nott'm Forest,Newcastle,1,2,A,1,1,D,P Tierney,5,15,3,4,17,9,3,7,5,1,0,0
2022/23,18/03/2023,15:00,Aston Villa,Bournemouth,3,0,H,1,0,H,R Jones,20,10,9,3,8,13,9,6,1,4,0,0
2022/23,18/03/2023,15:00,Brentford,Leicester,1,1,D,1,0,H,D Bond,11,14,2,1,10,11,8,4,1,2,1,0
2022/23,18/03/2023,17:30,Chelsea,Everton,2,2,D,0,0,D,D England,20,12,7,3,8,12,8,2,2,2,0,0
2022/23,18/03/2023,15:00,Southampton,Tottenham,3,3,D,0,1,A,S Hooper,19,17,7,3,13,8,10,3,1,1,0,0
2022/23,18/03/2023,15:00,Wolves,Leeds,2,4,A,0,1,A,M Salisbury,23,11,8,4,15,9,5,4,3,5,1,0
2022/23,19/03/2023,14:00,Arsenal,Crystal Palace,4,1,H,2,0,H,S Attwell,15,8,5,4,8,10,5,4,0,1,0,0
2022/23,01/04/2023,15:00,Arsenal,Leeds,4,1,H,1,0,H,D England,13,7,6,5,11,13,4,3,0,2,0,0
2022/23,01/04/2023,15:00,Bournemouth,Fulham,2,1,H,0,1,A,P Bankes,12,10,7,2,15,13,4,3,1,4,0,0
2022/23,01/04/2023,15:00,Brighton,Brentford,3,3,D,2,2,D,M Oliver,33,7,15,5,16,10,14,0,2,1,0,0
2022/23,01/04/2023,17:30,Chelsea,Aston Villa,0,2,A,0,1,A,A Madley,27,5,8,2,14,16,13,2,3,3,0,0
2022/23,01/04/2023,15:00,Crystal Palace,Leicester,2,1,H,0,0,D,T Robinson,31,3,9,2,12,16,10,1,3,4,0,0
2022/23,01/04/2023,12:30,Man City,Liverpool,4,1,H,1,1,D,S Hooper,17,4,8,1,9,12,7,1,1,1,0,0
2022/23,01/04/2023,15:00,Nott'm Forest,Wolves,1,1,D,1,0,H,C Kavanagh,17,8,7,1,14,13,4,3,3,5,0,0
2022/23,02/04/2023,16:30,Newcastle,Man United,2,0,H,0,0,D,S Attwell,22,6,6,1,8,12,7,4,0,0,0,0
2022/23,02/04/2023,14:00,West Ham,Southampton,1,0,H,1,0,H,P Tierney,12,9,2,3,10,11,5,3,0,2,0,0
2022/23,03/04/2023,20:00,Everton,Tottenham,1,1,D,0,0,D,D Coote,15,8,6,2,10,14,3,3,0,3,1,1
2022/23,04/04/2023,19:45,Bournemouth,Brighton,0,2,A,0,1,A,D Bond,14,16,3,6,11,5,5,5,1,1,0,0
2022/23,04/04/2023,20:00,Chelsea,Liverpool,0,0,D,0,0,D,A Taylor,12,7,3,4,6,17,3,5,1,4,0,0
2022/23,04/04/2023,19:45,Leeds,Nott'm Forest,2,1,H,2,1,H,R Jones,21,13,6,1,11,13,11,4,1,4,0,0
2022/23,04/04/2023,19:45,Leicester,Aston Villa,1,2,A,1,1,D,G Scott,9,15,4,5,10,14,4,8,2,0,1,0
2022/23,05/04/2023,20:00,Man United,Brentford,1,0,H,1,0,H,J Brooks,18,6,3,1,8,13,12,3,3,2,0,0
2022/23,05/04/2023,20:00,West Ham,Newcastle,1,5,A,1,2,A,C Pawson,7,15,2,8,11,12,7,6,2,1,0,0
2022/23,08/04/2023,15:00,Aston Villa,Nott'm Forest,2,0,H,0,0,D,A Taylor,8,6,3,2,7,17,1,8,3,4,0,0
2022/23,08/04/2023,15:00,Brentford,Newcastle,1,2,A,1,0,H,C Kavanagh,12,10,6,4,10,15,6,5,0,0,0,0
2022/23,08/04/2023,15:00,Fulham,West Ham,0,1,A,0,1,A,J Gillett,16,9,3,5,10,12,11,4,1,1,0,0
2022/23,08/04/2023,15:00,Leicester,Bournemouth,0,1,A,0,1,A,D Coote,14,19,4,7,10,13,6,6,0,3,0,0
2022/23,08/04/2023,12:30,Man United,Everton,2,0,H,1,0,H,M Oliver,29,15,11,1,10,9,10,4,0,0,0,0
2022/23,08/04/2023,17:30,Southampton,Man City,1,4,A,0,1,A,R Jones,4,13,1,8,6,10,0,10,0,2,0,0
2022/23,08/04/2023,15:00,Tottenham,Brighton,2,1,H,1,1,D,S Attwell,9,17,3,4,15,15,3,7,3,1,0,0
2022/23,08/04/2023,15:00,Wolves,Chelsea,1,0,H,1,0,H,P Bankes,9,13,4,1,14,10,8,8,2,5,0,0
2022/23,09/04/2023,14:00,Leeds,Crystal Palace,1,5,A,1,1,D,S Hooper,11,16,7,8,11,8,2,4,3,1,0,0
2022/23,09/04/2023,16:30,Liverpool,Arsenal,2,2,D,1,2,A,P Tierney,21,9,6,5,11,11,5,4,4,4,0,0
2022/23,15/04/2023,12:30,Aston Villa,Newcastle,3,0,H,1,0,H,J Brooks,16,8,6,2,13,15,7,2,1,1,0,0
2022/23,15/04/2023,15:00,Chelsea,Brighton,1,2,A,1,1,D,R Jones,8,26,2,10,11,11,2,8,2,2,0,0
2022/23,15/04/2023,15:00,Everton,Fulham,1,3,A,1,1,D,A Taylor,15,21,7,7,10,6,4,8,3,2,0,0
2022/23,15/04/2023,17:30,Man City,Leicester,3,1,H,3,0,H,D England,12,10,4,4,8,8,6,2,1,1,0,0
2022/23,15/04/2023,15:00,Southampton,Crystal Palace,0,2,A,0,0,D,M Oliver,11,9,4,2,6,13,6,2,3,1,0,0
2022/23,15/04/2023,15:00,Tottenham,Bournemouth,2,3,A,1,1,D,A Madley,24,6,8,6,8,9,8,1,1,2,0,0
2022/23,15/04/2023,15:00,Wolves,Brentford,2,0,H,1,0,H,P Tierney,11,10,9,3,12,8,5,2,1,1,0,0
2022/23,16/04/2023,16:30,Nott'm Forest,Man United,0,2,A,0,1,A,S Hooper,6,22,0,8,9,9,4,9,2,2,0,0
2022/23,16/04/2023,14:00,West Ham,Arsenal,2,2,D,1,2,A,D Coote,16,11,3,5,11,8,7,2,1,2,0,0
2022/23,17/04/2023,20:00,Leeds,Liverpool,1,6,A,0,2,A,C Pawson,13,13,3,7,6,12,4,2,0,1,0,0
2022/23,21/04/2023,20:00,Arsenal,Southampton,3,3,D,1,2,A,S Hooper,25,8,6,6,10,14,7,2,1,5,0,0
2022/23,22/04/2023,15:00,Brentford,Aston Villa,1,1,D,0,0,D,M Salisbury,6,14,5,2,12,8,8,4,3,2,0,0
2022/23,22/04/2023,15:00,Crystal Palace,Everton,0,0,D,0,0,D,J Brooks,12,10,2,5,12,14,8,1,1,1,0,1
2022/23,22/04/2023,12:30,Fulham,Leeds,2,1,H,0,0,D,P Bankes,12,10,5,2,10,15,8,6,1,4,0,0
2022/23,22/04/2023,15:00,Leicester,Wolves,2,1,H,1,1,D,A Madley,15,16,8,3,17,16,1,7,1,3,0,0
2022/23,22/04/2023,15:00,Liverpool,Nott'm Forest,3,2,H,0,0,D,M Oliver,18,11,6,5,9,12,9,3,0,1,0,0
2022/23,23/04/2023,14:00,Bournemouth,West Ham,0,4,A,0,3,A,A Taylor,17,18,5,10,7,8,8,5,1,2,0,0
2022/23,23/04/2023,14:00,Newcastle,Tottenham,6,1,H,5,0,H,D Coote,25,11,8,3,7,13,9,3,0,3,0,0
2022/23,25/04/2023,19:45,Aston Villa,Fulham,1,0,H,1,0,H,T Bramall,14,1,3,0,6,18,8,2,3,2,0,0
2022/23,25/04/2023,20:00,Leeds,Leicester,1,1,D,1,0,H,P Tierney,13,15,3,3,14,15,3,6,4,2,0,0
2022/23,25/04/2023,19:30,Wolves,Crystal Palace,2,0,H,1,0,H,R Jones,9,14,3,4,13,14,6,11,5,4,0,0
2022/23,26/04/2023,19:45,Chelsea,Brentford,0,2,A,0,1,A,A Madley,15,7,4,1,5,13,5,2,1,2,0,0
2022/23,26/04/2023,20:00,Man City,Arsenal,4,1,H,2,0,H,M Oliver,14,8,9,2,13,13,1,3,3,1,0,0
2022/23,26/04/2023,19:30,Nott'm Forest,Brighton,3,1,H,1,1,D,J Gillett,12,17,5,7,7,8,2,7,2,0,0,0
2022/23,26/04/2023,19:45,West Ham,Liverpool,1,2,A,1,1,D,C Kavanagh,7,20,2,4,6,8,3,6,0,0,0,0
2022/23,27/04/2023,19:45,Everton,Newcastle,1,4,A,0,1,A,A Marriner,13,15,5,8,8,6,3,14,2,1,0,0
2022/23,27/04/2023,19:45,Southampton,Bournemouth,0,1,A,0,0,D,D England,11,16,2,2,9,11,6,4,0,3,0,0
2022/23,27/04/2023,20:15,Tottenham,Man United,2,2,D,0,2,A,A Taylor,18,17,7,8,8,7,6,8,1,2,0,0
2022/23,29/04/2023,15:00,Brentford,Nott'm Forest,2,1,H,0,1,A,P Bankes,14,5,8,3,6,13,6,0,1,2,0,0
2022/23,29/04/2023,15:00,Brighton,Wolves,6,0,H,4,0,H,D Coote,22,10,8,2,14,11,2,5,1,1,0,0
2022/23,29/04/2023,12:30,Crystal Palace,West Ham,4,3,H,3,2,H,C Pawson,16,8,6,4,9,17,8,5,1,2,0,0
2022/23,30/04/2023,14:00,Bournemouth,Leeds,4,1,H,2,1,H,C Kavanagh,12,15,7,6,12,14,2,6,1,0,0,0
2022/23,30/04/2023,14:00,Fulham,Man City,1,2,A,1,2,A,S Hooper,4,12,1,9,9,10,2,5,1,3,0,0
2022/23,30/04/2023,16:30,Liverpool,Tottenham,4,3,H,3,1,H,P Tierney,12,10,4,7,12,6,5,2,3,2,0,0
2022/23,30/04/2023,14:00,Man United,Aston Villa,1,0,H,1,0,H,J Gillett,14,7,6,1,16,7,1,4,2,0,0,0
2022/23,30/04/2023,14:00,Newcastle,Southampton,3,1,H,0,1,A,A Taylor,22,4,5,3,7,10,11,2,1,4,0,0
2022/23,01/05/2023,20:00,Leicester,Everton,2,2,D,2,1,H,M Oliver,15,23,6,8,10,12,2,9,4,1,0,0
2022/23,02/05/2023,20:00,Arsenal,Chelsea,3,1,H,3,0,H,R Jones,16,7,10,4,10,10,7,2,0,2,0,0
2022/23,03/05/2023,20:00,Liverpool,Fulham,1,0,H,1,0,H,S Attwell,15,9,3,3,10,8,7,5,0,0,0,0
2022/23,03/05/2023,20:00,Man City,West Ham,3,0,H,0,0,D,J Brooks,16,6,7,2,8,8,6,3,0,1,0,0
2022/23,04/05/2023,20:00,Brighton,Man United,1,0,H,0,0,D,A Marriner,22,16,6,5,10,14,8,6,4,4,0,0
2022/23,06/05/2023,15:00,Bournemouth,Chelsea,1,3,A,1,1,D,J Brooks,10,11,4,5,9,11,7,7,1,3,0,0
2022/23,06/05/2023,17:30,Liverpool,Brentford,1,0,H,1,0,H,A Taylor,15,5,5,1,19,10,7,3,4,2,0,0
2022/23,06/05/2023,15:00,Man City,Leeds,2,1,H,2,0,H,A Madley,18,4,6,2,3,16,10,1,0,3,0,0
2022/23,06/05/2023,15:00,Tottenham,Crystal Palace,1,0,H,1,0,H,D England,8,7,3,2,15,14,8,4,3,5,0,0
2022/23,06/05/2023,15:00,Wolves,Aston Villa,1,0,H,1,0,H,S Attwell,6,16,2,3,20,9,5,6,3,3,0,0
2022/23,07/05/2023,16:30,Newcastle,Arsenal,0,2,A,0,1,A,C Kavanagh,12,10,5,6,16,12,9,4,2,1,0,0
2022/23,07/05/2023,19:00,West Ham,Man United,1,0,H,1,0,H,P Bankes,15,19,4,4,4,9,5,6,0,2,0,0
2022/23,08/05/2023,17:30,Brighton,Everton,1,5,A,0,3,A,S Hooper,23,10,5,5,11,13,15,1,1,5,0,0
2022/23,08/05/2023,15:00,Fulham,Leicester,5,3,H,3,0,H,R Jones,17,18,7,9,13,15,2,7,0,3,0,0
2022/23,08/05/2023,20:00,Nott'm Forest,Southampton,4,3,H,3,1,H,M Oliver,9,19,4,5,16,10,2,11,1,0,0,0
2022/23,13/05/2023,15:00,Aston Villa,Tottenham,2,1,H,1,0,H,P Bankes,8,5,4,2,9,14,8,3,3,3,0,0
2022/23,13/05/2023,15:00,Chelsea,Nott'm Forest,2,2,D,0,1,A,P Tierney,14,11,6,2,13,15,2,5,3,1,0,0
2022/23,13/05/2023,15:00,Crystal Palace,Bournemouth,2,0,H,1,0,H,M Salisbury,17,5,5,0,5,12,11,2,0,2,0,0
2022/23,13/05/2023,12:30,Leeds,Newcastle,2,2,D,1,1,D,S Hooper,9,18,4,5,16,14,2,6,3,2,1,0
2022/23,13/05/2023,15:00,Man United,Wolves,2,0,H,1,0,H,J Brooks,27,5,9,0,9,9,11,7,3,2,0,0
2022/23,13/05/2023,15:00,Southampton,Fulham,0,2,A,0,0,D,T Bramall,5,9,1,4,17,12,1,8,2,0,0,0
2022/23,14/05/2023,16:30,Arsenal,Brighton,0,3,A,0,0,D,A Madley,14,12,2,6,13,17,5,2,1,2,0,0
2022/23,14/05/2023,14:00,Brentford,West Ham,2,0,H,2,0,H,M Oliver,24,4,10,4,5,5,7,5,1,0,0,0
2022/23,14/05/2023,14:00,Everton,Man City,0,3,A,0,2,A,A Taylor,7,9,3,4,12,4,8,6,1,0,0,0
2022/23,15/05/2023,20:00,Leicester,Liverpool,0,3,A,0,2,A,C Pawson,4,16,4,5,11,17,4,4,2,1,0,0
2022/23,18/05/2023,19:30,Newcastle,Brighton,4,1,H,2,0,H,R Jones,22,8,9,2,17,16,6,1,2,4,0,0
2022/23,20/05/2023,15:00,Bournemouth,Man United,0,1,A,0,1,A,C Kavanagh,10,20,4,5,6,7,3,6,1,0,0,0
2022/23,20/05/2023,15:00,Fulham,Crystal Palace,2,2,D,1,1,D,J Smith,11,11,4,5,13,12,7,4,3,0,0,0
2022/23,20/05/2023,15:00,Liverpool,Aston Villa,1,1,D,0,1,A,J Brooks,10,6,5,3,16,13,9,4,3,5,0,0
2022/23,20/05/2023,17:30,Nott'm Forest,Arsenal,1,0,H,1,0,H,A Taylor,6,11,2,3,11,12,3,6,3,2,0,0
2022/23,20/05/2023,12:30,Tottenham,Brentford,1,3,A,1,0,H,J Gillett,22,11,8,4,11,9,8,2,1,1,0,0
2022/23,20/05/2023,15:00,Wolves,Everton,1,1,D,1,0,H,D Coote,13,19,5,4,18,10,1,7,5,1,0,0
2022/23,21/05/2023,14:00,Brighton,Southampton,3,1,H,2,0,H,P Tierney,26,5,8,1,8,9,4,3,2,5,0,0
2022/23,21/05/2023,16:00,Man City,Chelsea,1,0,H,1,0,H,M Oliver,15,13,2,6,12,9,5,2,0,2,0,0
2022/23,21/05/2023,13:30,West Ham,Leeds,3,1,H,1,1,D,P Bankes,19,12,9,3,6,11,9,5,1,3,0,0
2022/23,22/05/2023,20:00,Newcastle,Leicester,0,0,D,0,0,D,A Marriner,23,1,4,1,9,5,12,1,2,0,0,0
2022/23,24/05/2023,20:00,Brighton,Man City,1,1,D,1,1,D,S Hooper,20,13,7,4,16,11,5,1,2,1,0,0
2022/23,25/05/2023,20:00,Man United,Chelsea,4,1,H,2,0,H,S Attwell,18,14,9,5,12,6,3,4,1,1,0,0
2022/23,28/05/2023,16:30,Arsenal,Wolves,5,0,H,3,0,H,A Marriner,14,6,8,0,8,11,8,4,0,0,0,0
2022/23,28/05/2023,16:30,Aston Villa,Brighton,2,1,H,2,1,H,D Coote,12,8,5,4,15,16,4,3,4,4,0,0
2022/23,28/05/2023,16:30,Brentford,Man City,1,0,H,0,0,D,J Brooks,11,17,4,3,12,8,3,4,4,0,0,0
2022/23,28/05/2023,16:30,Chelsea,Newcastle,1,1,D,1,1,D,J Gillett,22,13,5,4,9,11,10,3,0,0,0,0
2022/23,28/05/2023,16:30,Crystal Palace,Nott'm Forest,1,1,D,0,1,A,T Bramall,16,7,4,4,9,13,5,4,0,2,0,0
2022/23,28/05/2023,16:30,Everton,Bournemouth,1,0,H,0,0,D,S Attwell,13,7,6,2,11,12,9,3,1,3,0,0
2022/23,28/05/2023,16:30,Leeds,Tottenham,1,4,A,0,1,A,A Taylor,19,11,2,7,7,5,12,3,3,0,0,0
2022/23,28/05/2023,16:30,Leicester,West Ham,2,1,H,1,0,H,S Hooper,13,16,4,3,8,10,3,5,1,1,0,0
2022/23,28/05/2023,16:30,Man United,Fulham,2,1,H,1,1,D,R Jones,21,10,8,3,14,10,5,4,1,2,0,0
2022/23,28/05/2023,16:30,Southampton,Liverpool,4,4,D,2,2,D,D England,15,30,10,8,4,10,2,9,0,2,0,0
2023/24,11/08/2023,20:00,Burnley,Man City,0,3,A,0,2,A,C Pawson,6,17,1,8,11,8,6,5,0,0,1,0
2023/24,12/08/2023,12:30,Arsenal,Nott'm Forest,2,1,H,2,0,H,M Oliver,15,6,7,2,12,12,8,3,2,2,0,0
2023/24,12/08/2023,15:00,Bournemouth,West Ham,1,1,D,0,0,D,P Bankes,14,16,5,3,9,14,10,4,1,4,0,0
2023/24,12/08/2023,15:00,Brighton,Luton,4,1,H,1,0,H,D Coote,27,9,12,3,11,12,6,7,2,2,0,0
2023/24,12/08/2023,15:00,Everton,Fulham,0,1,A,0,0,D,S Attwell,19,9,9,2,12,6,10,4,0,2,0,0
2023/24,12/08/2023,17:30,Newcastle,Aston Villa,5,1,H,2,1,H,A Madley,17,16,13,6,12,17,6,5,4,4,0,0
2023/24,12/08/2023,15:00,Sheffield United,Crystal Palace,0,1,A,0,0,D,J Brooks,8,24,1,8,18,11,5,5,3,0,0,0
2023/24,13/08/2023,14:00,Brentford,Tottenham,2,2,D,2,2,D,R Jones,11,18,6,6,12,13,3,6,1,4,0,0
2023/24,13/08/2023,16:30,Chelsea,Liverpool,1,1,D,1,1,D,A Taylor,10,13,4,1,5,12,4,4,3,3,0,0
2023/24,14/08/2023,20:00,Man United,Wolves,1,0,H,0,0,D,S Hooper,15,23,3,6,14,10,8,7,2,3,0,0
2023/24,18/08/2023,19:45,Nott'm Forest,Sheffield United,2,1,H,1,0,H,P Bankes,16,7,4,3,5,9,6,7,2,3,0,0
2023/24,19/08/2023,15:00,Fulham,Brentford,0,3,A,0,1,A,D Bond,10,17,2,8,13,12,5,5,2,2,1,0
2023/24,19/08/2023,15:00,Liverpool,Bournemouth,3,1,H,2,1,H,T Bramall,26,13,10,5,11,13,10,2,1,3,1,0
2023/24,19/08/2023,20:00,Man City,Newcastle,1,0,H,1,0,H,R Jones,14,7,4,1,12,11,3,0,1,5,0,0
2023/24,19/08/2023,17:30,Tottenham,Man United,2,0,H,0,0,D,M Oliver,17,22,6,6,9,8,5,6,1,3,0,0
2023/24,19/08/2023,15:00,Wolves,Brighton,1,4,A,0,1,A,A Madley,16,16,5,8,14,11,5,3,3,6,1,0
2023/24,20/08/2023,14:00,Aston Villa,Everton,4,0,H,2,0,H,A Taylor,13,9,7,2,8,12,7,6,3,4,0,0
2023/24,20/08/2023,16:30,West Ham,Chelsea,3,1,H,1,1,D,J Brooks,12,17,6,4,12,9,3,9,2,3,1,0
2023/24,21/08/2023,20:00,Crystal Palace,Arsenal,0,1,A,0,0,D,D Coote,14,14,2,3,14,10,1,8,2,1,0,1
2023/24,25/08/2023,20:00,Chelsea,Luton,3,0,H,1,0,H,R Jones,19,11,8,1,15,12,6,4,2,3,0,0
2023/24,26/08/2023,15:00,Arsenal,Fulham,2,2,D,0,1,A,P Tierney,19,8,11,3,6,5,8,3,0,3,0,1
2023/24,26/08/2023,12:30,Bournemouth,Tottenham,0,2,A,0,1,A,T Robinson,11,17,3,6,18,11,6,2,1,3,0,0
2023/24,26/08/2023,15:00,Brentford,Crystal Palace,1,1,D,1,0,H,P Bankes,12,15,1,5,9,15,8,6,0,0,0,0
2023/24,26/08/2023,17:30,Brighton,West Ham,1,3,A,0,1,A,A Taylor,25,12,10,3,10,9,17,4,1,3,0,0
2023/24,26/08/2023,15:00,Everton,Wolves,0,1,A,0,0,D,C Pawson,15,11,7,2,10,14,7,0,3,4,0,0
2023/24,26/08/2023,15:00,Man United,Nott'm Forest,3,2,H,1,2,A,S Attwell,18,9,9,4,13,11,11,3,4,4,0,1
2023/24,27/08/2023,14:00,Burnley,Aston Villa,1,3,A,0,2,A,M Salisbury,9,16,2,6,12,11,4,6,2,0,0,0
2023/24,27/08/2023,16:30,Newcastle,Liverpool,1,2,A,1,0,H,J Brooks,23,9,8,4,16,10,5,9,1,2,0,1
2023/24,27/08/2023,14:00,Sheffield United,Man City,1,2,A,0,0,D,J Gillett,6,30,2,9,11,2,1,12,3,0,0,0
2023/24,01/09/2023,20:00,Luton,West Ham,1,2,A,0,1,A,P Tierney,16,9,1,3,8,13,9,6,1,1,0,0
2023/24,02/09/2023,15:00,Brentford,Bournemouth,2,2,D,1,1,D,R Madley,21,12,7,5,6,13,5,2,1,2,0,0
2023/24,02/09/2023,17:30,Brighton,Newcastle,3,1,H,1,0,H,S Attwell,15,9,6,2,14,17,5,3,4,4,0,0
2023/24,02/09/2023,15:00,Burnley,Tottenham,2,5,A,1,2,A,D England,16,20,4,10,15,9,7,4,4,3,0,0
2023/24,02/09/2023,15:00,Chelsea,Nott'm Forest,0,1,A,0,0,D,T Robinson,21,7,2,3,10,9,8,0,3,4,0,0
2023/24,02/09/2023,15:00,Man City,Fulham,5,1,H,2,1,H,M Oliver,7,6,5,4,12,12,4,5,2,4,0,0
2023/24,02/09/2023,12:30,Sheffield United,Everton,2,2,D,2,1,H,A Madley,13,16,8,6,11,13,4,6,1,2,0,0
2023/24,03/09/2023,16:30,Arsenal,Man United,3,1,H,1,1,D,A Taylor,17,10,5,2,8,7,12,3,2,3,0,0
2023/24,03/09/2023,14:00,Crystal Palace,Wolves,3,2,H,0,0,D,R Jones,16,12,11,4,12,12,4,2,1,3,0,0
2023/24,03/09/2023,14:00,Liverpool,Aston Villa,3,0,H,2,0,H,S Hooper,17,9,4,3,12,7,7,3,0,1,0,0
2023/24,16/09/2023,15:00,Aston Villa,Crystal Palace,3,1,H,0,0,D,D England,16,6,5,3,13,9,4,2,5,3,0,0
2023/24,16/09/2023,15:00,Fulham,Luton,1,0,H,0,0,D,M Salisbury,13,7,2,2,6,14,6,2,2,2,0,0
2023/24,16/09/2023,15:00,Man United,Brighton,1,3,A,0,1,A,J Gillett,14,10,4,8,8,9,8,1,2,2,0,0
2023/24,16/09/2023,17:30,Newcastle,Brentford,1,0,H,0,0,D,C Pawson,9,11,2,2,8,12,8,3,3,5,0,0
2023/24,16/09/2023,15:00,Tottenham,Sheffield United,2,1,H,0,0,D,P Bankes,28,7,10,5,13,14,15,2,6,5,0,1
2023/24,16/09/2023,15:00,West Ham,Man City,1,3,A,1,0,H,A Madley,6,29,3,15,7,11,4,11,3,2,0,0
2023/24,16/09/2023,12:30,Wolves,Liverpool,1,3,A,1,0,H,M Oliver,11,16,2,6,10,4,4,4,1,3,0,0
2023/24,17/09/2023,14:00,Bournemouth,Chelsea,0,0,D,0,0,D,D Coote,13,14,4,6,15,20,1,7,1,5,0,0
2023/24,17/09/2023,16:30,Everton,Arsenal,0,1,A,0,0,D,S Hooper,8,13,1,4,12,10,1,11,1,1,0,0
2023/24,18/09/2023,19:45,Nott'm Forest,Burnley,1,1,D,0,1,A,R Jones,14,10,4,3,16,10,5,4,2,3,0,1
2023/24,23/09/2023,17:30,Brentford,Everton,1,3,A,1,1,D,M Oliver,12,18,2,6,9,12,1,4,2,2,0,0
2023/24,23/09/2023,20:00,Burnley,Man United,0,1,A,0,1,A,T Harrington,12,11,4,4,6,12,9,5,1,2,0,0
2023/24,23/09/2023,15:00,Crystal Palace,Fulham,0,0,D,0,0,D,P Tierney,7,10,3,5,10,15,3,2,3,2,0,0
2023/24,23/09/2023,15:00,Luton,Wolves,1,1,D,0,0,D,J Smith,20,3,4,3,12,17,10,1,0,2,0,1
2023/24,23/09/2023,15:00,Man City,Nott'm Forest,2,0,H,2,0,H,A Taylor,7,10,4,3,5,17,6,6,3,7,1,0
2023/24,24/09/2023,14:00,Arsenal,Tottenham,2,2,D,1,1,D,R Jones,13,13,6,5,12,19,11,4,3,4,0,0
2023/24,24/09/2023,14:00,Brighton,Bournemouth,3,1,H,1,1,D,J Brooks,13,12,4,4,12,17,4,4,3,3,0,0
2023/24,24/09/2023,14:00,Chelsea,Aston Villa,0,1,A,0,0,D,J Gillett,10,15,4,7,9,11,5,11,2,3,0,0
2023/24,24/09/2023,14:00,Liverpool,West Ham,3,1,H,1,1,D,C Kavanagh,22,11,7,4,12,13,7,4,0,2,0,0
2023/24,24/09/2023,16:30,Sheffield United,Newcastle,0,8,A,0,3,A,S Attwell,9,22,1,15,12,8,2,6,3,0,0,0
2023/24,30/09/2023,12:30,Aston Villa,Brighton,6,1,H,3,0,H,A Madley,19,11,9,3,19,21,1,3,4,4,0,0
2023/24,30/09/2023,15:00,Bournemouth,Arsenal,0,4,A,0,2,A,M Salisbury,8,15,1,8,11,10,6,6,0,1,0,0
2023/24,30/09/2023,15:00,Everton,Luton,1,2,A,1,2,A,A Taylor,23,9,5,2,8,10,3,6,0,1,0,0
2023/24,30/09/2023,15:00,Man United,Crystal Palace,0,1,A,0,1,A,C Kavanagh,19,8,4,2,10,8,10,4,3,2,0,0
2023/24,30/09/2023,15:00,Newcastle,Burnley,2,0,H,1,0,H,T Bramall,20,8,8,2,7,15,5,3,1,3,0,0
2023/24,30/09/2023,17:30,Tottenham,Liverpool,2,1,H,1,1,D,S Hooper,24,12,8,4,11,17,12,5,5,4,0,2
2023/24,30/09/2023,15:00,West Ham,Sheffield United,2,0,H,2,0,H,G Scott,20,16,9,2,6,9,7,4,1,1,0,0
2023/24,30/09/2023,15:00,Wolves,Man City,2,1,H,1,0,H,C Pawson,3,23,1,8,18,12,0,6,5,4,0,0
2023/24,01/10/2023,14:00,Nott'm Forest,Brentford,1,1,D,0,0,D,P Tierney,6,18,1,5,6,10,1,11,1,2,1,0
2023/24,02/10/2023,20:00,Fulham,Chelsea,0,2,A,0,2,A,T Robinson,10,11,3,4,15,12,8,1,1,4,0,0
2023/24,03/10/2023,19:30,Luton,Burnley,1,2,A,0,1,A,P Bankes,18,14,3,4,14,6,7,6,4,2,0,0
2023/24,07/10/2023,15:00,Burnley,Chelsea,1,4,A,1,1,D,S Attwell,10,9,3,5,11,8,7,3,2,4,0,0
2023/24,07/10/2023,17:30,Crystal Palace,Nott'm Forest,0,0,D,0,0,D,C Pawson,8,16,2,5,7,12,3,7,0,1,0,0
2023/24,07/10/2023,15:00,Everton,Bournemouth,3,0,H,2,0,H,D Coote,25,11,8,4,14,15,8,7,1,2,0,0
2023/24,07/10/2023,15:00,Fulham,Sheffield United,3,1,H,0,0,D,S Barrott,20,5,6,2,8,10,9,4,1,2,0,0
2023/24,07/10/2023,12:30,Luton,Tottenham,0,1,A,0,0,D,J Brooks,12,15,2,4,16,7,5,6,2,1,0,1
2023/24,07/10/2023,15:00,Man United,Brentford,2,1,H,0,1,A,A Madley,21,11,8,3,10,17,7,5,0,5,0,0
2023/24,08/10/2023,16:30,Arsenal,Man City,1,0,H,0,0,D,M Oliver,12,4,2,1,8,7,5,4,2,3,0,0
2023/24,08/10/2023,14:00,Brighton,Liverpool,2,2,D,1,2,A,A Taylor,14,14,3,4,12,20,8,1,1,2,0,0
2023/24,08/10/2023,14:00,West Ham,Newcastle,2,2,D,1,0,H,P Bankes,5,10,3,3,11,18,4,2,3,3,0,0
2023/24,08/10/2023,14:00,Wolves,Aston Villa,1,1,D,0,0,D,R Jones,8,18,3,4,19,9,2,10,2,2,1,0
2023/24,21/10/2023,15:00,Bournemouth,Wolves,1,2,A,1,0,H,P Tierney,7,20,4,7,15,10,3,12,2,6,1,0
2023/24,21/10/2023,15:00,Brentford,Burnley,3,0,H,1,0,H,J Smith,23,6,10,1,14,12,5,5,5,2,0,1
2023/24,21/10/2023,17:30,Chelsea,Arsenal,2,2,D,1,0,H,C Kavanagh,11,13,5,3,7,14,2,7,3,3,0,0
2023/24,21/10/2023,12:30,Liverpool,Everton,2,0,H,0,0,D,C Pawson,26,6,6,1,9,9,12,4,1,1,0,1
2023/24,21/10/2023,15:00,Man City,Brighton,2,1,H,2,0,H,R Jones,10,5,6,3,9,11,2,2,2,2,1,0
2023/24,21/10/2023,15:00,Newcastle,Crystal Palace,4,0,H,3,0,H,T Robinson,10,17,7,3,7,12,6,8,2,3,0,0
2023/24,21/10/2023,15:00,Nott'm Forest,Luton,2,2,D,0,0,D,S Barrott,19,13,8,4,12,11,4,2,3,0,0,0
2023/24,21/10/2023,20:00,Sheffield United,Man United,1,2,A,1,1,D,M Oliver,12,14,6,5,12,10,5,4,3,1,0,0
2023/24,22/10/2023,16:30,Aston Villa,West Ham,4,1,H,1,0,H,D Coote,15,14,7,4,9,15,8,7,0,1,0,0
2023/24,23/10/2023,20:00,Tottenham,Fulham,2,0,H,1,0,H,A Taylor,15,10,5,3,10,14,3,5,2,0,0,0
2023/24,27/10/2023,20:00,Crystal Palace,Tottenham,1,2,A,0,0,D,A Madley,13,10,3,1,19,11,11,2,2,1,0,0
2023/24,28/10/2023,15:00,Arsenal,Sheffield United,5,0,H,1,0,H,T Robinson,13,2,8,0,9,13,6,1,0,3,0,0
2023/24,28/10/2023,15:00,Bournemouth,Burnley,2,1,H,1,1,D,S Barrott,13,6,6,3,9,12,10,5,2,3,0,0
2023/24,28/10/2023,12:30,Chelsea,Brentford,0,2,A,0,0,D,S Hooper,17,7,2,5,12,7,10,1,1,4,0,0
2023/24,28/10/2023,17:30,Wolves,Newcastle,2,2,D,1,2,A,A Taylor,11,13,6,5,13,15,8,7,1,4,0,0
2023/24,29/10/2023,14:00,Aston Villa,Luton,3,1,H,1,0,H,J Brooks,17,7,6,1,11,10,6,4,3,2,0,0
2023/24,29/10/2023,14:00,Brighton,Fulham,1,1,D,1,0,H,M Salisbury,18,10,7,5,12,8,7,3,0,3,0,0
2023/24,29/10/2023,14:00,Liverpool,Nott'm Forest,3,0,H,2,0,H,C Kavanagh,21,9,8,1,9,13,8,3,2,3,0,0
2023/24,29/10/2023,15:30,Man United,Man City,0,3,A,0,1,A,P Tierney,7,21,3,10,9,4,7,12,4,1,0,0
2023/24,29/10/2023,13:00,West Ham,Everton,0,1,A,0,0,D,S Attwell,12,10,2,4,7,11,4,3,4,1,0,0
2023/24,04/11/2023,15:00,Brentford,West Ham,3,2,H,1,2,A,T Bramall,16,12,4,2,12,14,4,3,1,4,0,0
2023/24,04/11/2023,15:00,Burnley,Crystal Palace,0,2,A,0,1,A,P Bankes,17,4,5,3,9,12,12,1,0,5,0,0
2023/24,04/11/2023,15:00,Everton,Brighton,1,1,D,1,0,H,T Robinson,10,7,4,2,15,5,3,3,4,2,0,0
2023/24,04/11/2023,12:30,Fulham,Man United,0,1,A,0,0,D,J Brooks,18,12,3,5,9,15,9,4,5,2,0,0
2023/24,04/11/2023,15:00,Man City,Bournemouth,6,1,H,3,0,H,C Pawson,21,5,8,1,8,9,12,1,0,1,0,0
2023/24,04/11/2023,17:30,Newcastle,Arsenal,1,0,H,0,0,D,S Attwell,9,14,2,1,14,9,0,11,5,1,0,0
2023/24,04/11/2023,15:00,Sheffield United,Wolves,2,1,H,0,0,D,R Jones,11,10,2,3,13,10,4,4,2,3,0,0
2023/24,05/11/2023,16:30,Luton,Liverpool,1,1,D,0,0,D,A Madley,8,24,5,6,7,13,4,7,1,1,0,0
2023/24,05/11/2023,14:00,Nott'm Forest,Aston Villa,2,0,H,1,0,H,J Gillett,5,13,3,3,6,9,0,10,1,1,0,0
2023/24,06/11/2023,20:00,Tottenham,Chelsea,1,4,A,1,1,D,M Oliver,8,17,5,8,12,21,1,6,1,5,2,0
2023/24,11/11/2023,15:00,Arsenal,Burnley,3,1,H,1,0,H,M Oliver,16,8,6,5,8,9,3,3,0,1,1,0
2023/24,11/11/2023,17:30,Bournemouth,Newcastle,2,0,H,0,0,D,C Kavanagh,19,8,10,5,10,4,6,5,2,1,0,0
2023/24,11/11/2023,15:00,Crystal Palace,Everton,2,3,A,1,1,D,S Barrott,13,8,4,4,9,18,9,2,1,4,0,0
2023/24,11/11/2023,15:00,Man United,Luton,1,0,H,0,0,D,G Scott,15,10,4,4,9,11,11,3,0,2,0,0
2023/24,11/11/2023,12:30,Wolves,Tottenham,2,1,H,0,1,A,T Robinson,17,6,4,2,19,15,11,3,4,3,0,0
2023/24,12/11/2023,14:00,Aston Villa,Fulham,3,1,H,2,0,H,S Hooper,12,9,6,5,4,17,2,2,2,5,0,0
2023/24,12/11/2023,14:00,Brighton,Sheffield United,1,1,D,1,0,H,J Brooks,11,9,6,1,13,16,6,3,3,2,1,0
2023/24,12/11/2023,16:30,Chelsea,Man City,4,4,D,2,2,D,A Taylor,17,15,9,10,12,15,3,3,5,3,0,0
2023/24,12/11/2023,14:00,Liverpool,Brentford,3,0,H,1,0,H,P Tierney,17,16,10,3,16,12,6,8,1,2,0,0
2023/24,12/11/2023,14:00,West Ham,Nott'm Forest,3,2,H,1,1,D,M Salisbury,16,10,6,5,9,12,9,4,2,2,0,0
2023/24,25/11/2023,17:30,Brentford,Arsenal,0,1,A,0,0,D,T Robinson,9,15,3,4,9,7,1,8,1,1,0,0
2023/24,25/11/2023,15:00,Burnley,West Ham,1,2,A,0,0,D,S Barrott,11,11,5,3,11,7,4,5,1,3,0,0
2023/24,25/11/2023,15:00,Luton,Crystal Palace,2,1,H,0,0,D,J Gillett,8,16,3,8,15,12,4,5,6,1,0,0
2023/24,25/11/2023,12:30,Man City,Liverpool,1,1,D,1,0,H,C Kavanagh,16,8,5,3,9,11,9,6,1,3,0,0
2023/24,25/11/2023,15:00,Newcastle,Chelsea,4,1,H,1,1,D,S Hooper,14,7,5,4,13,19,4,2,4,4,0,1
2023/24,25/11/2023,15:00,Nott'm Forest,Brighton,2,3,A,1,2,A,A Taylor,18,11,5,5,12,7,6,4,2,4,0,1
2023/24,25/11/2023,15:00,Sheffield United,Bournemouth,1,3,A,0,2,A,A Madley,10,23,2,11,6,8,4,7,4,1,0,0
2023/24,26/11/2023,16:30,Everton,Man United,0,3,A,0,1,A,J Brooks,24,9,6,4,10,8,6,5,3,0,0,0
2023/24,26/11/2023,14:00,Tottenham,Aston Villa,1,2,A,1,1,D,R Jones,18,15,8,5,11,13,9,3,0,4,0,0
2023/24,27/11/2023,20:00,Fulham,Wolves,3,2,H,1,1,D,M Salisbury,12,10,6,6,13,13,6,2,2,2,0,0
2023/24,02/12/2023,15:00,Arsenal,Wolves,2,1,H,2,0,H,P Bankes,19,6,6,3,10,10,4,0,1,2,0,0
2023/24,02/12/2023,15:00,Brentford,Luton,3,1,H,0,0,D,A Taylor,27,7,6,1,10,8,7,5,1,2,0,0
2023/24,02/12/2023,15:00,Burnley,Sheffield United,5,0,H,2,0,H,C Kavanagh,19,6,7,3,9,12,6,1,2,5,0,1
2023/24,02/12/2023,20:00,Newcastle,Man United,1,0,H,0,0,D,R Jones,22,8,4,1,6,13,7,3,1,2,0,0
2023/24,02/12/2023,17:30,Nott'm Forest,Everton,0,1,A,0,0,D,P Tierney,13,12,2,3,15,14,4,3,1,0,0,0
2023/24,03/12/2023,14:00,Bournemouth,Aston Villa,2,2,D,1,1,D,T Bramall,15,11,7,3,16,12,7,7,5,3,0,0
2023/24,03/12/2023,14:00,Chelsea,Brighton,3,2,H,2,1,H,C Pawson,8,18,5,9,16,12,5,8,3,5,1,0
2023/24,03/12/2023,14:00,Liverpool,Fulham,4,3,H,2,2,D,S Attwell,26,9,12,5,6,7,3,4,0,0,0,0
2023/24,03/12/2023,16:30,Man City,Tottenham,3,3,D,2,1,H,S Hooper,18,8,4,4,14,14,10,8,4,4,0,0
2023/24,03/12/2023,14:00,West Ham,Crystal Palace,1,1,D,1,0,H,M Oliver,9,9,3,2,17,7,2,3,2,0,0,0
2023/24,05/12/2023,20:15,Luton,Arsenal,3,4,A,1,2,A,S Barrott,6,23,4,9,14,7,3,8,2,1,0,0
2023/24,05/12/2023,19:30,Wolves,Burnley,1,0,H,1,0,H,J Gillett,7,12,4,3,11,15,6,8,2,4,0,0
2023/24,06/12/2023,20:15,Aston Villa,Man City,1,0,H,0,0,D,J Brooks,22,2,7,2,13,13,6,0,2,2,0,0
2023/24,06/12/2023,19:30,Brighton,Brentford,2,1,H,1,1,D,P Bankes,18,8,7,2,10,8,7,3,3,1,0,0
2023/24,06/12/2023,19:30,Crystal Palace,Bournemouth,0,2,A,0,1,A,C Pawson,16,11,3,4,10,17,3,9,1,3,0,0
2023/24,06/12/2023,19:30,Fulham,Nott'm Forest,5,0,H,2,0,H,J Smith,14,4,6,1,7,10,6,1,0,1,0,0
2023/24,06/12/2023,20:15,Man United,Chelsea,2,1,H,1,1,D,C Kavanagh,28,13,9,3,12,12,12,4,4,0,0,0
2023/24,06/12/2023,19:30,Sheffield United,Liverpool,0,2,A,0,1,A,S Hooper,6,15,1,8,12,8,2,12,2,3,0,0
2023/24,07/12/2023,19:30,Everton,Newcastle,3,0,H,0,0,D,T Robinson,21,13,6,3,18,8,5,2,3,0,0,0
2023/24,07/12/2023,20:15,Tottenham,West Ham,1,2,A,1,0,H,M Salisbury,23,11,7,5,11,12,8,4,3,3,0,0
2023/24,09/12/2023,17:30,Aston Villa,Arsenal,1,0,H,1,0,H,J Gillett,10,12,3,5,16,11,3,3,4,2,0,0
2023/24,09/12/2023,15:00,Brighton,Burnley,1,1,D,0,1,A,S Hooper,29,6,11,3,5,8,9,1,0,4,0,0
2023/24,09/12/2023,12:30,Crystal Palace,Liverpool,1,2,A,0,0,D,A Madley,8,14,4,2,17,17,6,5,5,2,1,0
2023/24,09/12/2023,15:00,Man United,Bournemouth,0,3,A,0,1,A,P Bankes,20,10,3,4,7,10,10,4,3,1,0,0
2023/24,09/12/2023,15:00,Sheffield United,Brentford,1,0,H,1,0,H,S Attwell,9,10,4,4,14,13,3,4,5,1,0,0
2023/24,09/12/2023,15:00,Wolves,Nott'm Forest,1,1,D,1,1,D,S Barrott,10,8,4,2,9,11,4,3,0,1,0,0
2023/24,10/12/2023,14:00,Everton,Chelsea,2,0,H,0,0,D,M Oliver,9,16,5,4,12,12,4,8,2,2,0,0
2023/24,10/12/2023,14:00,Fulham,West Ham,5,0,H,3,0,H,P Tierney,14,9,8,5,5,10,3,6,2,1,0,0
2023/24,10/12/2023,14:00,Luton,Man City,1,2,A,1,0,H,T Robinson,4,18,2,6,16,6,6,3,2,1,0,0
2023/24,10/12/2023,16:30,Tottenham,Newcastle,4,1,H,2,0,H,C Kavanagh,23,9,12,3,10,12,3,6,1,3,0,0
2023/24,15/12/2023,20:00,Nott'm Forest,Tottenham,0,2,A,0,1,A,J Gillett,15,12,1,6,16,11,6,4,2,4,0,1
2023/24,16/12/2023,17:30,Burnley,Everton,0,2,A,0,2,A,A Taylor,14,9,2,6,9,8,8,6,0,1,0,0
2023/24,16/12/2023,15:00,Chelsea,Sheffield United,2,0,H,0,0,D,A Madley,15,6,6,1,9,14,7,6,1,3,0,0
2023/24,16/12/2023,15:00,Man City,Crystal Palace,2,2,D,1,0,H,P Tierney,19,5,9,2,12,9,6,1,1,1,0,0
2023/24,16/12/2023,15:00,Newcastle,Fulham,3,0,H,0,0,D,S Barrott,27,6,10,4,7,12,5,1,0,2,0,1
2023/24,17/12/2023,14:00,Arsenal,Brighton,2,0,H,0,0,D,T Robinson,26,6,9,1,11,9,10,1,1,3,0,0
2023/24,17/12/2023,14:00,Brentford,Aston Villa,1,2,A,1,0,H,D Coote,4,15,3,5,19,6,7,12,6,4,1,1
2023/24,17/12/2023,16:30,Liverpool,Man United,0,0,D,0,0,D,M Oliver,34,6,8,1,13,8,12,0,2,4,0,1
2023/24,17/12/2023,14:00,West Ham,Wolves,3,0,H,2,0,H,C Kavanagh,13,14,4,3,12,15,6,6,3,1,0,0
2023/24,21/12/2023,20:00,Crystal Palace,Brighton,1,1,D,1,0,H,J Brooks,11,18,3,6,12,11,3,1,5,2,0,0
2023/24,22/12/2023,20:00,Aston Villa,Sheffield United,1,1,D,0,0,D,A Taylor,12,5,4,2,11,16,9,1,3,3,0,0
2023/24,23/12/2023,15:00,Fulham,Burnley,0,2,A,0,0,D,R Welch,19,7,5,2,5,17,8,6,2,1,0,0
2023/24,23/12/2023,17:30,Liverpool,Arsenal,1,1,D,1,1,D,C Kavanagh,13,13,3,2,13,14,4,5,2,5,0,0
2023/24,23/12/2023,15:00,Luton,Newcastle,1,0,H,1,0,H,D England,16,15,5,2,11,5,6,7,2,1,0,0
2023/24,23/12/2023,15:00,Nott'm Forest,Bournemouth,2,3,A,0,0,D,R Jones,11,18,5,7,10,10,6,6,0,3,1,0
2023/24,23/12/2023,15:00,Tottenham,Everton,2,1,H,2,0,H,S Attwell,13,18,6,8,6,18,3,8,1,4,0,0
2023/24,23/12/2023,12:30,West Ham,Man United,2,0,H,0,0,D,S Hooper,12,11,5,3,13,15,4,4,2,3,0,0
2023/24,24/12/2023,13:00,Wolves,Chelsea,2,1,H,0,0,D,D Coote,14,16,6,5,11,9,10,6,3,5,0,0
2023/24,26/12/2023,15:00,Bournemouth,Fulham,3,0,H,1,0,H,T Robinson,16,8,4,3,10,10,6,5,0,2,0,0
2023/24,26/12/2023,17:30,Burnley,Liverpool,0,2,A,0,1,A,P Tierney,9,19,0,10,7,10,4,4,2,1,0,0
2023/24,26/12/2023,20:00,Man United,Aston Villa,3,2,H,0,2,A,C Pawson,13,10,7,4,10,10,3,6,1,3,0,0
2023/24,26/12/2023,12:30,Newcastle,Nott'm Forest,1,3,A,1,1,D,C Kavanagh,19,15,7,6,10,11,10,2,3,3,0,0
2023/24,26/12/2023,15:00,Sheffield United,Luton,2,3,A,0,1,A,S Allison,21,12,6,4,13,13,9,4,5,0,0,0
2023/24,27/12/2023,19:30,Brentford,Wolves,1,4,A,1,3,A,A Madley,14,11,4,5,5,14,8,2,1,1,0,0
2023/24,27/12/2023,19:30,Chelsea,Crystal Palace,2,1,H,1,1,D,M Salisbury,9,13,4,5,13,16,4,3,3,2,0,0
2023/24,27/12/2023,20:15,Everton,Man City,1,3,A,1,0,H,J Brooks,7,23,2,9,13,5,8,4,4,2,0,0
2023/24,28/12/2023,20:15,Arsenal,West Ham,0,2,A,0,1,A,M Oliver,30,6,8,3,8,8,10,3,2,0,0,0
2023/24,28/12/2023,19:30,Brighton,Tottenham,4,2,H,2,0,H,J Gillett,15,19,9,3,18,6,7,6,3,2,0,0
2023/24,30/12/2023,15:00,Aston Villa,Burnley,3,2,H,2,1,H,S Attwell,19,9,7,5,9,14,6,2,4,1,0,1
2023/24,30/12/2023,15:00,Crystal Palace,Brentford,3,1,H,2,1,H,R Jones,13,9,6,4,14,10,7,4,0,1,0,0
2023/24,30/12/2023,12:30,Luton,Chelsea,2,3,A,0,2,A,P Tierney,15,12,6,8,14,21,7,2,2,2,0,0
2023/24,30/12/2023,15:00,Man City,Sheffield United,2,0,H,1,0,H,D Coote,18,4,4,2,5,6,12,2,1,1,0,0
2023/24,30/12/2023,17:30,Nott'm Forest,Man United,2,1,H,0,0,D,T Robinson,8,10,2,5,9,11,4,5,2,4,0,0
2023/24,30/12/2023,15:00,Wolves,Everton,3,0,H,1,0,H,T Bramall,12,10,6,0,9,14,5,2,2,3,0,0
2023/24,31/12/2023,14:00,Fulham,Arsenal,2,1,H,1,1,D,J Smith,15,13,4,3,11,10,5,4,4,1,0,0
2023/24,31/12/2023,14:00,Tottenham,Bournemouth,3,1,H,1,0,H,S Hooper,12,24,6,4,9,18,4,13,3,3,0,0
2023/24,01/01/2024,20:00,Liverpool,Newcastle,4,2,H,0,0,D,A Taylor,34,5,15,3,16,15,7,3,3,5,0,0
2023/24,02/01/2024,19:30,West Ham,Brighton,0,0,D,0,0,D,S Barrott,6,22,2,8,4,6,2,0,1,0,0,0
2023/24,12/01/2024,19:45,Burnley,Luton,1,1,D,1,0,H,T Harrington,13,14,7,5,7,12,2,8,1,0,0,0
2023/24,13/01/2024,12:30,Chelsea,Fulham,1,0,H,1,0,H,A Taylor,17,14,3,4,13,9,6,4,5,1,0,0
2023/24,13/01/2024,17:30,Newcastle,Man City,2,3,A,2,1,H,C Kavanagh,12,27,5,11,7,7,3,13,1,2,0,0
2023/24,14/01/2024,14:00,Everton,Aston Villa,0,0,D,0,0,D,D Coote,10,16,2,5,13,14,4,5,1,4,0,0
2023/24,14/01/2024,16:30,Man United,Tottenham,2,2,D,2,1,H,J Brooks,9,16,2,6,8,5,8,13,2,1,0,0
2023/24,20/01/2024,12:30,Arsenal,Crystal Palace,5,0,H,2,0,H,P Tierney,21,12,6,5,8,12,6,7,0,0,0,0
2023/24,20/01/2024,17:30,Brentford,Nott'm Forest,3,2,H,1,1,D,D England,11,12,5,3,10,14,6,4,1,3,0,0
2023/24,21/01/2024,16:30,Bournemouth,Liverpool,0,4,A,0,0,D,A Madley,11,14,1,7,9,12,8,5,1,2,0,0
2023/24,21/01/2024,14:00,Sheffield United,West Ham,2,2,D,1,1,D,M Salisbury,21,16,6,5,11,10,4,1,3,1,1,1
2023/24,22/01/2024,19:45,Brighton,Wolves,0,0,D,0,0,D,C Pawson,11,8,4,3,10,13,8,2,1,4,0,0
2023/24,30/01/2024,20:15,Aston Villa,Newcastle,1,3,A,0,2,A,J Brooks,12,14,6,5,14,12,8,7,4,1,0,0
2023/24,30/01/2024,20:00,Crystal Palace,Sheffield United,3,2,H,2,2,D,T Harrington,12,9,4,5,8,18,11,1,1,4,0,0
2023/24,30/01/2024,19:45,Fulham,Everton,0,0,D,0,0,D,T Bramall,25,21,6,4,6,13,15,6,1,2,0,0
2023/24,30/01/2024,19:45,Luton,Brighton,4,0,H,3,0,H,R Jones,18,9,8,2,13,14,7,4,2,2,0,0
2023/24,30/01/2024,19:30,Nott'm Forest,Arsenal,1,2,A,0,0,D,S Hooper,9,19,3,3,6,7,2,11,0,1,0,0
2023/24,31/01/2024,20:15,Liverpool,Chelsea,4,1,H,2,0,H,P Tierney,28,4,13,3,15,16,8,1,2,4,0,0
2023/24,31/01/2024,19:30,Man City,Burnley,3,1,H,2,0,H,S Barrott,14,8,4,3,3,13,7,3,2,2,0,0
2023/24,31/01/2024,19:30,Tottenham,Brentford,3,2,H,0,1,A,D Coote,19,9,5,5,13,15,5,3,2,3,0,0
2023/24,01/02/2024,19:30,West Ham,Bournemouth,1,1,D,0,1,A,T Robinson,9,9,3,4,13,11,1,5,1,3,0,0
2023/24,01/02/2024,20:15,Wolves,Man United,3,4,A,0,2,A,J Gillett,16,21,7,8,10,10,4,5,2,5,0,0
2023/24,03/02/2024,15:00,Brighton,Crystal Palace,4,1,H,3,0,H,S Hooper,13,7,6,5,8,14,3,2,1,3,0,0
2023/24,03/02/2024,15:00,Burnley,Fulham,2,2,D,0,2,A,D Bond,12,15,4,7,11,7,2,13,2,2,0,0
2023/24,03/02/2024,12:30,Everton,Tottenham,2,2,D,1,2,A,M Oliver,14,9,5,6,8,14,9,5,3,0,0,0
2023/24,03/02/2024,15:00,Newcastle,Luton,4,4,D,2,2,D,T Bramall,19,11,6,8,13,16,8,2,2,2,0,0
2023/24,03/02/2024,17:30,Sheffield United,Aston Villa,0,5,A,0,4,A,P Tierney,10,14,5,10,10,7,3,4,1,0,0,0
2023/24,04/02/2024,16:30,Arsenal,Liverpool,3,1,H,1,1,D,A Taylor,15,10,7,1,11,11,2,4,6,2,0,1
2023/24,04/02/2024,14:00,Bournemouth,Nott'm Forest,1,1,D,1,1,D,R Welch,9,8,2,6,19,12,11,6,3,2,1,0
2023/24,04/02/2024,14:00,Chelsea,Wolves,2,4,A,1,2,A,T Robinson,15,14,6,7,15,11,10,1,3,2,0,0
2023/24,04/02/2024,14:00,Man United,West Ham,3,0,H,1,0,H,A Madley,12,22,5,3,10,5,5,8,0,1,0,0
2023/24,05/02/2024,20:00,Brentford,Man City,1,3,A,1,1,D,J Gillett,9,25,3,15,2,4,8,13,1,0,0,0
2023/24,10/02/2024,15:00,Fulham,Bournemouth,3,1,H,2,0,H,D England,7,25,6,4,11,11,1,14,1,2,0,0
2023/24,10/02/2024,15:00,Liverpool,Burnley,3,1,H,1,1,D,T Robinson,25,9,10,4,11,13,9,3,3,2,0,0
2023/24,10/02/2024,15:00,Luton,Sheffield United,1,3,A,0,2,A,C Kavanagh,20,7,5,3,7,12,13,1,1,2,0,0
2023/24,10/02/2024,12:30,Man City,Everton,2,0,H,0,0,D,J Brooks,19,5,3,1,6,11,9,0,0,2,0,0
2023/24,10/02/2024,17:30,Nott'm Forest,Newcastle,2,3,A,2,2,D,A Taylor,13,7,3,5,9,6,4,4,1,2,0,0
2023/24,10/02/2024,15:00,Tottenham,Brighton,2,1,H,0,1,A,S Barrott,16,6,6,3,14,13,9,6,2,3,0,0
2023/24,10/02/2024,15:00,Wolves,Brentford,0,2,A,0,1,A,S Hooper,17,9,5,6,11,9,7,4,2,3,0,0
2023/24,11/02/2024,16:30,Aston Villa,Man United,1,2,A,0,1,A,R Jones,23,17,10,5,9,7,10,8,3,2,0,0
2023/24,11/02/2024,14:00,West Ham,Arsenal,0,6,A,0,4,A,C Pawson,5,25,1,12,17,11,2,6,4,0,0,0
2023/24,12/02/2024,20:00,Crystal Palace,Chelsea,1,3,A,1,0,H,M Oliver,13,14,4,5,14,7,1,7,2,2,0,0
2023/24,17/02/2024,12:30,Brentford,Liverpool,1,4,A,0,1,A,M Oliver,15,15,6,8,4,18,1,6,2,1,0,0
2023/24,17/02/2024,15:00,Burnley,Arsenal,0,5,A,0,2,A,J Gillett,8,16,0,7,11,8,4,6,2,1,0,0
2023/24,17/02/2024,15:00,Fulham,Aston Villa,1,2,A,0,1,A,L Smith,15,12,4,3,11,6,4,4,5,2,0,0
2023/24,17/02/2024,17:30,Man City,Chelsea,1,1,D,0,1,A,A Madley,31,9,5,6,7,12,12,1,1,3,0,0
2023/24,17/02/2024,15:00,Newcastle,Bournemouth,2,2,D,0,0,D,M Salisbury,17,12,5,7,9,22,4,2,1,3,0,0
2023/24,17/02/2024,15:00,Nott'm Forest,West Ham,2,0,H,1,0,H,T Bramall,19,10,8,3,13,15,5,3,4,4,0,1
2023/24,17/02/2024,15:00,Tottenham,Wolves,1,2,A,0,1,A,A Taylor,15,12,4,7,8,13,10,4,0,1,0,0
2023/24,18/02/2024,16:30,Luton,Man United,1,2,A,1,2,A,D Coote,22,21,4,9,7,21,8,6,3,5,0,0
2023/24,18/02/2024,14:00,Sheffield United,Brighton,0,5,A,0,2,A,S Attwell,6,24,1,10,3,5,5,10,1,4,1,0
2023/24,19/02/2024,20:00,Everton,Crystal Palace,1,1,D,0,0,D,P Tierney,19,10,4,4,8,12,3,6,0,2,0,0
2023/24,20/02/2024,19:30,Man City,Brentford,1,0,H,0,0,D,D England,25,6,11,2,12,6,10,1,2,4,0,0
2023/24,21/02/2024,19:30,Liverpool,Luton,4,1,H,0,1,A,A Madley,29,12,13,3,15,14,13,4,1,4,0,0
2023/24,24/02/2024,20:00,Arsenal,Newcastle,4,1,H,2,0,H,P Tierney,18,3,8,2,15,6,9,0,1,0,0,0
2023/24,24/02/2024,15:00,Aston Villa,Nott'm Forest,4,2,H,3,1,H,S Barrott,16,10,6,3,7,16,7,2,1,2,0,0
2023/24,24/02/2024,17:30,Bournemouth,Man City,0,1,A,0,1,A,J Gillett,13,15,4,6,14,6,3,8,2,2,0,0
2023/24,24/02/2024,15:00,Brighton,Everton,1,1,D,0,0,D,T Harrington,23,6,7,3,9,14,11,3,2,3,1,0
2023/24,24/02/2024,15:00,Crystal Palace,Burnley,3,0,H,0,0,D,L Smith,15,2,6,0,8,13,12,3,3,1,0,1
2023/24,24/02/2024,15:00,Man United,Fulham,1,2,A,0,0,D,M Oliver,21,17,9,5,6,11,10,9,2,5,0,0
2023/24,25/02/2024,13:30,Wolves,Sheffield United,1,0,H,1,0,H,D Bond,13,12,2,4,8,4,5,6,2,1,0,0
2023/24,26/02/2024,20:00,West Ham,Brentford,4,2,H,2,1,H,S Hooper,17,14,6,8,5,9,1,7,1,2,0,0
2023/24,02/03/2024,15:00,Brentford,Chelsea,2,2,D,0,1,A,J Gillett,14,17,5,6,10,9,0,6,3,1,0,0
2023/24,02/03/2024,15:00,Everton,West Ham,1,3,A,0,0,D,C Pawson,22,12,11,5,9,6,4,5,1,2,0,0
2023/24,02/03/2024,15:00,Fulham,Brighton,3,0,H,2,0,H,S Hooper,12,15,5,5,16,10,2,6,1,2,0,0
2023/24,02/03/2024,17:30,Luton,Aston Villa,2,3,A,0,2,A,M Oliver,13,12,5,8,8,19,8,6,1,4,0,0
2023/24,02/03/2024,15:00,Newcastle,Wolves,3,0,H,2,0,H,T Robinson,14,12,7,3,8,11,3,5,0,1,0,0
2023/24,02/03/2024,15:00,Nott'm Forest,Liverpool,0,1,A,0,0,D,P Tierney,8,22,2,2,11,12,3,12,2,2,0,0
2023/24,02/03/2024,15:00,Tottenham,Crystal Palace,3,1,H,0,0,D,J Brooks,14,4,6,1,7,16,11,1,1,2,0,0
2023/24,03/03/2024,13:00,Burnley,Bournemouth,0,2,A,0,1,A,D Coote,20,10,6,3,8,13,7,2,2,4,0,0
2023/24,03/03/2024,15:30,Man City,Man United,3,1,H,0,1,A,A Madley,27,3,8,1,5,10,15,2,0,1,0,0
2023/24,04/03/2024,20:00,Sheffield United,Arsenal,0,6,A,0,5,A,S Barrott,4,22,0,10,11,4,0,7,1,0,0,0
2023/24,09/03/2024,17:30,Arsenal,Brentford,2,1,H,1,1,D,R Jones,17,9,6,4,9,10,10,4,2,4,0,0
2023/24,09/03/2024,15:00,Bournemouth,Sheffield United,2,2,D,0,1,A,A Taylor,32,13,12,9,12,11,10,3,3,5,0,0
2023/24,09/03/2024,15:00,Crystal Palace,Luton,1,1,D,1,0,H,S Singh,21,8,4,2,20,11,8,6,2,3,0,0
2023/24,09/03/2024,12:30,Man United,Everton,2,0,H,2,0,H,S Hooper,15,23,8,6,13,11,5,8,1,2,0,0
2023/24,09/03/2024,15:00,Wolves,Fulham,2,1,H,0,0,D,T Harrington,8,23,3,6,7,11,3,4,2,2,0,0
2023/24,10/03/2024,13:00,Aston Villa,Tottenham,0,4,A,0,0,D,C Kavanagh,10,9,1,5,11,15,6,4,0,2,1,0
2023/24,10/03/2024,14:00,Brighton,Nott'm Forest,1,0,H,1,0,H,M Salisbury,10,9,3,4,14,14,6,3,4,4,0,0
2023/24,10/03/2024,15:45,Liverpool,Man City,1,1,D,0,1,A,M Oliver,19,10,6,6,6,10,7,4,0,3,0,0
2023/24,10/03/2024,14:00,West Ham,Burnley,2,2,D,0,2,A,D England,22,11,4,4,11,18,4,4,2,4,0,0
2023/24,11/03/2024,20:00,Chelsea,Newcastle,3,2,H,1,1,D,J Brooks,12,11,8,3,12,7,0,4,3,1,0,0
2023/24,13/03/2024,19:30,Bournemouth,Luton,4,3,H,0,3,A,S Allison,24,8,10,4,16,11,11,3,1,2,0,0
2023/24,16/03/2024,15:00,Burnley,Brentford,2,1,H,1,0,H,D Bond,17,9,6,5,14,17,5,4,2,4,0,1
2023/24,16/03/2024,17:30,Fulham,Tottenham,3,0,H,1,0,H,R Jones,16,14,7,5,9,10,4,5,2,3,0,0
2023/24,16/03/2024,15:00,Luton,Nott'm Forest,1,1,D,0,1,A,D England,10,16,4,6,10,17,6,7,1,2,0,0
2023/24,17/03/2024,14:00,West Ham,Aston Villa,1,1,D,1,0,H,J Gillett,13,13,5,5,13,12,7,11,3,3,0,0
2023/24,30/03/2024,17:30,Aston Villa,Wolves,2,0,H,1,0,H,P Tierney,11,13,5,3,11,19,5,4,3,4,0,0
2023/24,30/03/2024,15:00,Bournemouth,Everton,2,1,H,0,0,D,S Barrott,11,7,4,3,14,11,9,8,1,2,0,0
2023/24,30/03/2024,20:00,Brentford,Man United,1,1,D,0,0,D,S Hooper,31,11,5,5,7,14,14,4,2,2,0,0
2023/24,30/03/2024,15:00,Chelsea,Burnley,2,2,D,1,0,H,D England,33,18,13,7,12,7,12,4,2,2,0,1
2023/24,30/03/2024,12:30,Newcastle,West Ham,4,3,H,1,2,A,R Jones,24,10,9,4,9,8,3,4,1,1,1,0
2023/24,30/03/2024,15:00,Nott'm Forest,Crystal Palace,1,1,D,0,1,A,C Kavanagh,12,10,5,3,14,12,4,6,1,1,0,0
2023/24,30/03/2024,15:00,Sheffield United,Fulham,3,3,D,0,0,D,T Robinson,8,24,4,9,10,13,2,15,4,1,0,0
2023/24,30/03/2024,15:00,Tottenham,Luton,2,1,H,0,1,A,J Gillett,17,7,4,3,16,14,3,6,2,4,0,0
2023/24,31/03/2024,14:00,Liverpool,Brighton,2,1,H,1,1,D,D Coote,30,9,8,3,20,6,8,4,5,3,0,0
2023/24,31/03/2024,16:30,Man City,Arsenal,0,0,D,0,0,D,A Taylor,12,6,1,2,9,20,7,4,0,2,0,0
2023/24,02/04/2024,19:45,Bournemouth,Crystal Palace,1,0,H,0,0,D,G Scott,11,3,6,2,13,14,9,2,3,2,0,0
2023/24,02/04/2024,19:45,Burnley,Wolves,1,1,D,1,1,D,T Bramall,13,8,6,2,10,12,7,4,0,2,0,0
2023/24,02/04/2024,19:30,Newcastle,Everton,1,1,D,1,0,H,T Harrington,18,10,6,3,9,14,7,3,0,3,0,0
2023/24,02/04/2024,19:30,Nott'm Forest,Fulham,3,1,H,3,0,H,M Oliver,16,18,4,3,7,8,3,8,0,0,0,0
2023/24,02/04/2024,20:15,West Ham,Tottenham,1,1,D,1,1,D,J Brooks,11,13,4,4,13,9,9,5,1,4,0,0
2023/24,03/04/2024,19:30,Arsenal,Luton,2,0,H,2,0,H,C Pawson,13,5,4,1,12,8,3,1,1,1,0,0
2023/24,03/04/2024,19:30,Brentford,Brighton,0,0,D,0,0,D,A Madley,5,24,2,6,9,12,1,5,1,1,0,0
2023/24,03/04/2024,20:15,Man City,Aston Villa,4,1,H,2,1,H,D England,25,8,11,3,6,13,2,3,1,2,0,0
2023/24,04/04/2024,20:15,Chelsea,Man United,4,3,H,2,2,D,J Gillett,28,19,10,5,7,15,12,3,3,0,0,0
2023/24,04/04/2024,19:30,Liverpool,Sheffield United,3,1,H,1,0,H,S Attwell,29,8,9,3,6,9,13,1,0,1,0,0
2023/24,06/04/2024,15:00,Aston Villa,Brentford,3,3,D,1,0,H,M Salisbury,11,8,3,3,15,11,11,3,2,2,0,0
2023/24,06/04/2024,17:30,Brighton,Arsenal,0,3,A,0,1,A,J Brooks,10,20,2,7,14,13,8,7,1,2,0,0
2023/24,06/04/2024,12:30,Crystal Palace,Man City,2,4,A,1,1,D,P Tierney,7,18,4,8,13,3,2,9,1,1,0,0
2023/24,06/04/2024,15:00,Everton,Burnley,1,0,H,1,0,H,M Oliver,12,6,3,1,11,13,3,5,2,1,0,1
2023/24,06/04/2024,15:00,Fulham,Newcastle,0,1,A,0,0,D,S Allison,14,12,4,5,10,13,14,3,1,2,0,0
2023/24,06/04/2024,15:00,Luton,Bournemouth,2,1,H,0,0,D,A Madley,19,8,9,1,7,14,7,2,0,0,0,0
2023/24,06/04/2024,15:00,Wolves,West Ham,1,2,A,1,0,H,T Harrington,14,11,7,4,15,7,4,4,5,2,0,0
2023/24,07/04/2024,15:30,Man United,Liverpool,2,2,D,0,1,A,A Taylor,9,28,5,7,9,10,6,11,5,2,0,0
2023/24,07/04/2024,17:30,Sheffield United,Chelsea,2,2,D,1,1,D,R Jones,11,6,6,3,12,10,7,6,4,2,0,0
2023/24,07/04/2024,18:00,Tottenham,Nott'm Forest,3,1,H,1,1,D,S Hooper,17,13,7,6,11,12,12,2,2,3,0,0
2023/24,13/04/2024,17:30,Bournemouth,Man United,2,2,D,2,1,H,T Harrington,20,8,5,2,13,14,7,2,4,0,0,0
2023/24,13/04/2024,15:00,Brentford,Sheffield United,2,0,H,0,0,D,S Barrott,9,8,5,2,8,11,3,6,3,1,0,0
2023/24,13/04/2024,15:00,Burnley,Brighton,1,1,D,0,0,D,S Hooper,11,20,3,8,18,8,4,5,1,2,0,0
2023/24,13/04/2024,15:00,Man City,Luton,5,1,H,1,0,H,J Brooks,33,4,13,2,7,6,12,1,1,0,0,0
2023/24,13/04/2024,12:30,Newcastle,Tottenham,4,0,H,2,0,H,T Robinson,18,11,5,2,14,12,16,3,0,4,0,0
2023/24,13/04/2024,15:00,Nott'm Forest,Wolves,2,2,D,1,1,D,C Pawson,18,11,9,4,15,10,10,1,2,3,0,0
2023/24,14/04/2024,16:30,Arsenal,Aston Villa,0,2,A,0,0,D,D Coote,18,11,4,2,12,7,4,6,3,1,0,0
2023/24,14/04/2024,14:00,Liverpool,Crystal Palace,0,1,A,0,1,A,C Kavanagh,21,8,6,5,10,10,11,1,1,1,0,0
2023/24,14/04/2024,14:00,West Ham,Fulham,0,2,A,0,1,A,S Attwell,15,18,4,10,6,13,8,3,1,2,0,0
2023/24,15/04/2024,20:00,Chelsea,Everton,6,0,H,4,0,H,P Tierney,14,10,10,2,5,21,4,8,1,4,0,0
2023/24,20/04/2024,15:00,Luton,Brentford,1,5,A,0,2,A,J Gillett,6,21,3,9,13,9,4,9,1,2,0,0
2023/24,20/04/2024,15:00,Sheffield United,Burnley,1,4,A,0,2,A,A Madley,18,16,11,9,10,9,11,2,1,0,0,0
2023/24,20/04/2024,19:30,Wolves,Arsenal,0,2,A,0,1,A,P Tierney,5,24,3,9,14,9,1,2,3,2,0,0
2023/24,21/04/2024,15:00,Aston Villa,Bournemouth,3,1,H,1,1,D,T Robinson,14,14,4,6,8,14,8,4,1,3,0,0
2023/24,21/04/2024,15:00,Crystal Palace,West Ham,5,2,H,4,1,H,G Scott,18,4,7,1,9,9,4,0,3,2,0,0
2023/24,21/04/2024,13:30,Everton,Nott'm Forest,2,0,H,1,0,H,A Taylor,7,8,4,3,15,9,6,4,3,2,0,0
2023/24,21/04/2024,16:30,Fulham,Liverpool,1,3,A,1,1,D,C Pawson,12,14,5,7,5,11,1,4,3,0,0,0
2023/24,23/04/2024,20:00,Arsenal,Chelsea,5,0,H,1,0,H,S Hooper,27,7,10,1,12,11,4,2,2,2,0,0
2023/24,24/04/2024,20:00,Crystal Palace,Newcastle,2,0,H,0,0,D,T Bramall,20,7,7,2,10,15,7,2,3,3,0,0
2023/24,24/04/2024,20:00,Everton,Liverpool,2,0,H,1,0,H,A Madley,16,23,6,7,6,13,4,13,0,3,0,0
2023/24,24/04/2024,20:00,Man United,Sheffield United,4,2,H,1,1,D,M Salisbury,25,10,13,4,7,9,9,4,0,1,0,0
2023/24,24/04/2024,19:45,Wolves,Bournemouth,0,1,A,0,1,A,S Attwell,15,21,4,6,10,17,8,12,4,1,0,1
2023/24,25/04/2024,20:00,Brighton,Man City,0,4,A,0,3,A,J Gillett,7,14,3,6,10,3,4,4,2,0,0,0
2023/24,27/04/2024,20:00,Aston Villa,Chelsea,2,2,D,2,0,H,C Pawson,9,21,4,5,13,14,2,4,3,5,0,0
2023/24,27/04/2024,17:30,Everton,Brentford,1,0,H,0,0,D,D England,18,10,1,4,10,12,6,6,1,2,0,0
2023/24,27/04/2024,15:00,Fulham,Crystal Palace,1,1,D,0,0,D,S Attwell,9,14,2,4,11,15,5,9,0,2,0,0
2023/24,27/04/2024,15:00,Man United,Burnley,1,1,D,0,0,D,J Brooks,27,16,10,7,7,11,6,5,1,3,0,0
2023/24,27/04/2024,15:00,Newcastle,Sheffield United,5,1,H,1,1,D,T Harrington,20,15,7,5,9,10,4,5,0,0,0,0
2023/24,27/04/2024,12:30,West Ham,Liverpool,2,2,D,1,0,H,A Taylor,11,28,8,8,8,10,5,8,0,2,0,0
2023/24,27/04/2024,15:00,Wolves,Luton,2,1,H,1,0,H,D Coote,13,9,5,6,14,14,4,4,3,1,0,0
2023/24,28/04/2024,14:00,Bournemouth,Brighton,3,0,H,1,0,H,P Tierney,15,13,6,1,14,10,8,2,2,2,0,0
2023/24,28/04/2024,16:30,Nott'm Forest,Man City,0,2,A,0,1,A,S Hooper,14,11,2,5,8,6,4,5,0,0,0,0
2023/24,28/04/2024,14:00,Tottenham,Arsenal,2,3,A,0,3,A,M Oliver,14,9,2,3,12,16,8,6,2,1,0,0
2023/24,02/05/2024,19:30,Chelsea,Tottenham,2,0,H,1,0,H,R Jones,16,19,5,3,12,16,4,9,0,1,0,0
2023/24,03/05/2024,20:00,Luton,Everton,1,1,D,1,1,D,T Robinson,18,10,5,3,14,12,8,7,1,3,0,0
2023/24,04/05/2024,12:30,Arsenal,Bournemouth,3,0,H,1,0,H,D Coote,25,7,9,2,16,12,6,1,2,3,0,0
2023/24,04/05/2024,15:00,Brentford,Fulham,0,0,D,0,0,D,G Scott,7,15,3,3,3,6,7,6,1,1,0,0
2023/24,04/05/2024,15:00,Burnley,Newcastle,1,4,A,0,3,A,A Taylor,17,23,5,11,8,8,4,11,2,2,0,0
2023/24,04/05/2024,17:30,Man City,Wolves,5,1,H,3,0,H,C Pawson,20,2,12,1,4,17,6,0,0,4,0,0
2023/24,04/05/2024,15:00,Sheffield United,Nott'm Forest,1,3,A,1,1,D,C Kavanagh,17,15,5,4,9,7,5,3,0,1,1,0
2023/24,05/05/2024,14:00,Brighton,Aston Villa,1,0,H,0,0,D,R Jones,15,2,8,1,13,10,7,3,2,1,0,0
2023/24,05/05/2024,14:00,Chelsea,West Ham,5,0,H,3,0,H,A Madley,25,13,14,2,12,10,8,6,1,3,0,0
2023/24,05/05/2024,16:30,Liverpool,Tottenham,4,2,H,2,0,H,P Tierney,25,11,13,6,14,12,8,3,1,4,0,0
2023/24,06/05/2024,20:00,Crystal Palace,Man United,4,0,H,2,0,H,J Gillett,18,7,10,2,12,8,6,3,1,1,0,0
2023/24,11/05/2024,15:00,Bournemouth,Brentford,1,2,A,0,0,D,M Donohue,13,11,4,5,16,12,3,8,2,2,0,0
2023/24,11/05/2024,15:00,Everton,Sheffield United,1,0,H,1,0,H,S Attwell,15,13,6,1,6,11,3,6,1,2,0,0
2023/24,11/05/2024,12:30,Fulham,Man City,0,4,A,0,1,A,A Taylor,1,16,1,9,9,6,1,7,1,0,1,0
2023/24,11/05/2024,15:00,Newcastle,Brighton,1,1,D,1,1,D,D England,18,15,7,4,9,16,8,4,3,4,0,0
2023/24,11/05/2024,17:30,Nott'm Forest,Chelsea,2,3,A,1,1,D,T Harrington,20,12,4,5,14,8,5,6,2,3,0,0
2023/24,11/05/2024,15:00,Tottenham,Burnley,2,1,H,1,1,D,J Gillett,21,7,9,3,10,14,9,3,3,5,0,0
2023/24,11/05/2024,15:00,West Ham,Luton,3,1,H,0,1,A,M Oliver,24,4,8,1,9,15,7,6,1,3,0,0
2023/24,11/05/2024,15:00,Wolves,Crystal Palace,1,3,A,0,2,A,T Bramall,13,13,7,3,13,12,8,3,3,2,0,1
2023/24,12/05/2024,16:30,Man United,Arsenal,0,1,A,0,1,A,P Tierney,14,11,2,5,5,6,4,7,0,2,0,0
2023/24,13/05/2024,20:00,Aston Villa,Liverpool,3,3,D,1,2,A,S Hooper,19,14,5,7,11,15,5,4,1,1,0,0
2023/24,14/05/2024,20:00,Tottenham,Man City,0,2,A,0,0,D,C Kavanagh,10,8,5,5,14,11,7,4,3,3,0,0
2023/24,15/05/2024,19:45,Brighton,Chelsea,1,2,A,0,1,A,M Salisbury,12,13,2,6,13,14,4,6,2,2,0,1
2023/24,15/05/2024,20:00,Man United,Newcastle,3,2,H,1,0,H,R Jones,17,21,8,8,16,7,9,9,3,3,0,0
2023/24,19/05/2024,16:00,Arsenal,Everton,2,1,H,1,1,D,M Oliver,26,5,5,2,8,11,8,1,4,3,0,0
2023/24,19/05/2024,16:00,Brentford,Newcastle,2,4,A,0,3,A,S Hooper,10,12,5,7,15,11,3,0,4,4,0,0
2023/24,19/05/2024,16:00,Brighton,Man United,0,2,A,0,0,D,C Pawson,17,11,3,4,10,9,7,5,1,3,0,0
2023/24,19/05/2024,16:00,Burnley,Nott'm Forest,1,2,A,0,2,A,G Scott,20,12,3,6,11,5,4,3,1,0,0,0
2023/24,19/05/2024,16:00,Chelsea,Bournemouth,2,1,H,1,0,H,A Taylor,16,22,6,5,5,9,6,5,2,3,0,0
2023/24,19/05/2024,16:00,Crystal Palace,Aston Villa,5,0,H,2,0,H,D Bond,15,8,9,2,10,8,2,4,1,4,0,0
2023/24,19/05/2024,16:00,Liverpool,Wolves,2,0,H,2,0,H,C Kavanagh,36,4,14,3,14,11,10,2,1,1,0,1
2023/24,19/05/2024,16:00,Luton,Fulham,2,4,A,1,2,A,M Donohue,15,15,6,7,15,20,4,4,5,4,0,0
2023/24,19/05/2024,16:00,Man City,West Ham,3,1,H,2,1,H,J Brooks,28,3,12,2,3,12,11,2,0,1,0,0
2023/24,19/05/2024,16:00,Sheffield United,Tottenham,0,3,A,0,1,A,A Madley,6,18,1,9,11,9,2,6,2,0,0,0
2024/25,16/08/2024,20:00,Man United,Fulham,1,0,H,0,0,D,R Jones,14,10,5,2,12,10,7,8,2,3,0,0
2024/25,17/08/2024,15:00,Arsenal,Wolves,2,0,H,1,0,H,J Gillett,18,9,6,3,17,14,8,2,2,2,0,0
2024/25,17/08/2024,15:00,Everton,Brighton,0,3,A,0,1,A,S Hooper,9,10,1,5,8,8,1,5,1,1,1,0
2024/25,17/08/2024,12:30,Ipswich,Liverpool,0,2,A,0,0,D,T Robinson,7,18,2,5,9,18,2,10,3,1,0,0
2024/25,17/08/2024,15:00,Newcastle,Southampton,1,0,H,1,0,H,C Pawson,3,19,1,4,15,16,3,12,2,4,1,0
2024/25,17/08/2024,15:00,Nott'm Forest,Bournemouth,1,1,D,1,0,H,M Oliver,14,13,8,4,17,8,2,6,1,3,0,0
2024/25,17/08/2024,17:30,West Ham,Aston Villa,1,2,A,1,1,D,T Harrington,14,15,3,3,18,11,5,3,1,2,0,0
2024/25,18/08/2024,14:00,Brentford,Crystal Palace,2,1,H,1,0,H,S Barrott,9,14,5,6,6,15,4,7,1,5,0,0
2024/25,18/08/2024,16:30,Chelsea,Man City,0,2,A,0,1,A,A Taylor,10,11,3,5,12,9,4,3,1,1,0,0
2024/25,19/08/2024,20:00,Leicester,Tottenham,1,1,D,0,1,A,C Kavanagh,7,15,3,7,11,12,2,13,1,1,0,0
2024/25,24/08/2024,17:30,Aston Villa,Arsenal,0,2,A,0,0,D,M Oliver,11,9,3,4,8,15,4,1,1,3,0,0
2024/25,24/08/2024,12:30,Brighton,Man United,2,1,H,1,0,H,C Pawson,14,11,5,4,9,13,4,4,1,2,0,0
2024/25,24/08/2024,15:00,Crystal Palace,West Ham,0,2,A,0,0,D,R Jones,14,18,2,3,9,17,3,3,1,1,0,0
2024/25,24/08/2024,15:00,Fulham,Leicester,2,1,H,1,1,D,D Bond,18,10,6,4,14,13,7,5,2,2,0,0
2024/25,24/08/2024,15:00,Man City,Ipswich,4,1,H,3,1,H,M Salisbury,14,1,5,1,4,15,10,1,2,3,0,0
2024/25,24/08/2024,15:00,Southampton,Nott'm Forest,0,1,A,0,0,D,S Barrott,5,23,1,8,14,14,4,10,3,3,0,0
2024/25,24/08/2024,15:00,Tottenham,Everton,4,0,H,2,0,H,A Taylor,13,10,7,1,11,15,12,5,0,0,0,0
2024/25,25/08/2024,14:00,Bournemouth,Newcastle,1,1,D,1,0,H,D Coote,16,14,4,5,19,8,8,9,2,2,0,0
2024/25,25/08/2024,16:30,Liverpool,Brentford,2,0,H,1,0,H,S Attwell,19,8,8,2,10,7,9,4,2,3,0,0
2024/25,25/08/2024,14:00,Wolves,Chelsea,2,6,A,2,2,D,D England,12,14,4,8,13,13,5,5,2,3,0,0
2024/25,31/08/2024,12:30,Arsenal,Brighton,1,1,D,1,0,H,C Kavanagh,11,22,7,4,12,7,3,7,3,2,1,0
2024/25,31/08/2024,15:00,Brentford,Southampton,3,1,H,1,0,H,J Smith,20,18,7,6,10,7,2,8,2,1,0,0
2024/25,31/08/2024,15:00,Everton,Bournemouth,2,3,A,0,0,D,S Attwell,18,17,8,7,6,1,8,4,2,1,0,0
2024/25,31/08/2024,15:00,Ipswich,Fulham,1,1,D,1,1,D,L Smith,11,9,4,4,15,15,8,6,2,3,0,0
2024/25,31/08/2024,15:00,Leicester,Aston Villa,1,2,A,0,1,A,D Coote,9,10,3,5,13,21,1,4,4,5,0,0
2024/25,31/08/2024,15:00,Nott'm Forest,Wolves,1,1,D,1,1,D,S Hooper,16,11,5,3,15,18,7,3,3,4,0,0
2024/25,31/08/2024,17:30,West Ham,Man City,1,3,A,1,2,A,M Oliver,10,23,2,8,10,3,3,11,3,2,0,0
2024/25,01/09/2024,13:30,Chelsea,Crystal Palace,1,1,D,1,0,H,J Gillett,13,9,7,3,9,13,4,5,4,2,0,0
2024/25,01/09/2024,16:00,Man United,Liverpool,0,3,A,0,2,A,A Taylor,8,11,3,3,7,7,5,2,4,1,0,0
2024/25,01/09/2024,13:30,Newcastle,Tottenham,2,1,H,1,0,H,R Jones,9,20,3,6,16,13,7,12,4,4,0,0
2024/25,14/09/2024,17:30,Aston Villa,Everton,3,2,H,1,2,A,C Pawson,17,6,8,2,10,12,6,2,1,4,0,0
2024/25,14/09/2024,20:00,Bournemouth,Chelsea,0,1,A,0,0,D,A Taylor,19,10,7,3,16,9,6,3,6,8,0,0
2024/25,14/09/2024,15:00,Brighton,Ipswich,0,0,D,0,0,D,S Barrott,21,6,6,1,14,16,9,2,4,3,0,0
2024/25,14/09/2024,15:00,Crystal Palace,Leicester,2,2,D,0,1,A,T Harrington,20,9,4,4,11,15,5,2,0,3,0,0
2024/25,14/09/2024,15:00,Fulham,West Ham,1,1,D,1,0,H,T Robinson,21,11,5,3,15,18,3,2,2,3,0,0
2024/25,14/09/2024,15:00,Liverpool,Nott'm Forest,0,1,A,0,0,D,M Oliver,14,5,5,3,15,6,7,2,4,4,0,0
2024/25,14/09/2024,15:00,Man City,Brentford,2,1,H,2,1,H,D Bond,18,8,7,5,9,3,12,3,3,1,0,0
2024/25,14/09/2024,12:30,Southampton,Man United,0,3,A,0,2,A,S Attwell,6,20,4,10,11,14,0,7,1,4,1,0
2024/25,15/09/2024,14:00,Tottenham,Arsenal,0,1,A,0,0,D,J Gillett,15,7,5,4,13,10,7,6,5,3,0,0
2024/25,15/09/2024,16:30,Wolves,Newcastle,1,2,A,1,0,H,C Kavanagh,12,14,5,6,17,6,4,7,3,3,0,0
2024/25,21/09/2024,15:00,Aston Villa,Wolves,3,1,H,0,1,A,T Robinson,9,10,4,4,11,16,6,5,3,6,0,0
2024/25,21/09/2024,17:30,Crystal Palace,Man United,0,0,D,0,0,D,D Coote,9,15,4,6,7,12,4,11,3,1,0,0
2024/25,21/09/2024,15:00,Fulham,Newcastle,3,1,H,2,0,H,P Bankes,22,15,11,4,16,8,6,0,6,0,0,0
2024/25,21/09/2024,15:00,Leicester,Everton,1,1,D,0,1,A,D England,12,16,2,5,11,12,6,1,1,2,0,0
2024/25,21/09/2024,15:00,Liverpool,Bournemouth,3,0,H,3,0,H,T Harrington,19,19,13,6,10,12,3,9,1,4,0,0
2024/25,21/09/2024,15:00,Southampton,Ipswich,1,1,D,1,0,H,S Allison,11,13,3,6,16,16,2,10,4,4,0,0
2024/25,21/09/2024,15:00,Tottenham,Brentford,3,1,H,2,1,H,J Brooks,23,6,10,6,11,9,9,4,3,1,0,0
2024/25,21/09/2024,12:30,West Ham,Chelsea,0,3,A,0,2,A,S Barrott,15,12,7,5,17,9,6,5,5,2,0,0
2024/25,22/09/2024,14:00,Brighton,Nott'm Forest,2,2,D,2,1,H,R Jones,14,4,3,3,12,11,9,1,3,4,0,1
2024/25,22/09/2024,16:30,Man City,Arsenal,2,2,D,1,2,A,M Oliver,33,5,11,3,7,10,8,2,3,4,0,1
2024/25,28/09/2024,15:00,Arsenal,Leicester,4,2,H,2,0,H,S Barrott,36,5,16,3,11,6,17,0,2,4,0,0
2024/25,28/09/2024,15:00,Brentford,West Ham,1,1,D,1,0,H,S Hooper,8,19,3,3,2,11,7,7,2,3,0,0
2024/25,28/09/2024,15:00,Chelsea,Brighton,4,2,H,4,2,H,P Bankes,15,15,7,5,11,8,8,2,3,2,0,0
2024/25,28/09/2024,15:00,Everton,Crystal Palace,2,1,H,0,1,A,A Madley,8,17,2,5,13,11,5,8,2,1,0,0
2024/25,28/09/2024,12:30,Newcastle,Man City,1,1,D,0,1,A,J Gillett,11,16,4,6,14,10,5,6,4,4,0,0
2024/25,28/09/2024,15:00,Nott'm Forest,Fulham,0,1,A,0,0,D,J Smith,11,14,1,2,11,15,6,5,2,4,0,0
2024/25,28/09/2024,17:30,Wolves,Liverpool,1,2,A,0,1,A,A Taylor,8,10,3,6,16,8,2,10,2,3,0,0
2024/25,29/09/2024,14:00,Ipswich,Aston Villa,2,2,D,1,2,A,S Attwell,15,7,5,3,10,14,10,0,4,1,0,0
2024/25,29/09/2024,16:30,Man United,Tottenham,0,3,A,0,1,A,C Kavanagh,11,24,2,10,16,14,5,3,5,3,1,0
2024/25,30/09/2024,20:00,Bournemouth,Southampton,3,1,H,3,0,H,M Oliver,14,9,6,3,19,12,7,4,2,5,0,0
2024/25,05/10/2024,15:00,Arsenal,Southampton,3,1,H,0,0,D,T Harrington,29,8,6,2,10,9,13,1,0,3,0,0
2024/25,05/10/2024,15:00,Brentford,Wolves,5,3,H,4,2,H,A Madley,19,17,12,6,9,10,10,3,2,3,0,0
2024/25,05/10/2024,12:30,Crystal Palace,Liverpool,0,1,A,0,1,A,S Hooper,9,16,5,4,7,15,3,8,4,2,0,0
2024/25,05/10/2024,17:30,Everton,Newcastle,0,0,D,0,0,D,C Pawson,8,14,2,3,12,8,0,10,1,2,0,0
2024/25,05/10/2024,15:00,Leicester,Bournemouth,1,0,H,1,0,H,D Bond,6,17,2,2,12,14,0,9,4,1,0,0
2024/25,05/10/2024,15:00,Man City,Fulham,3,2,H,1,1,D,P Bankes,20,11,7,4,4,10,8,3,2,1,0,0
2024/25,05/10/2024,15:00,West Ham,Ipswich,4,1,H,2,1,H,A Taylor,23,9,13,2,12,6,5,5,0,1,0,0
2024/25,06/10/2024,14:00,Aston Villa,Man United,0,0,D,0,0,D,R Jones,11,10,1,4,12,11,6,3,1,5,0,0
2024/25,06/10/2024,16:30,Brighton,Tottenham,3,2,H,0,2,A,D Coote,11,13,4,3,14,10,4,7,2,2,0,0
2024/25,06/10/2024,14:00,Chelsea,Nott'm Forest,1,1,D,0,0,D,C Kavanagh,22,16,8,9,12,11,11,3,6,2,0,1
2024/25,19/10/2024,17:30,Bournemouth,Arsenal,2,0,H,0,0,D,R Jones,13,6,4,1,12,11,7,4,1,1,0,1
2024/25,19/10/2024,15:00,Fulham,Aston Villa,1,3,A,1,1,D,D England,10,14,4,5,8,11,6,11,3,3,1,1
2024/25,19/10/2024,15:00,Ipswich,Everton,0,2,A,0,2,A,M Oliver,13,11,2,8,12,10,5,8,1,1,0,0
2024/25,19/10/2024,15:00,Man United,Brentford,2,1,H,0,1,A,S Barrott,23,8,11,2,14,5,9,2,2,2,0,0
2024/25,19/10/2024,15:00,Newcastle,Brighton,0,1,A,0,1,A,P Bankes,21,10,6,5,11,9,9,4,2,2,0,0
2024/25,19/10/2024,15:00,Southampton,Leicester,2,3,A,2,0,H,A Taylor,14,18,7,4,10,10,10,6,5,3,1,0
2024/25,19/10/2024,12:30,Tottenham,West Ham,4,1,H,1,1,D,A Madley,22,11,7,4,10,15,13,5,1,3,0,1
2024/25,20/10/2024,16:30,Liverpool,Chelsea,2,1,H,1,0,H,J Brooks,9,12,5,2,12,13,1,6,4,3,0,0
2024/25,20/10/2024,14:00,Wolves,Man City,1,2,A,1,1,D,C Kavanagh,3,22,2,7,8,5,1,18,4,1,0,0
2024/25,21/10/2024,20:00,Nott'm Forest,Crystal Palace,1,0,H,0,0,D,T Robinson,20,20,6,7,9,12,6,6,2,3,0,0
2024/25,25/10/2024,20:00,Leicester,Nott'm Forest,1,3,A,1,1,D,C Pawson,11,20,1,5,16,9,6,7,5,2,0,0
2024/25,26/10/2024,15:00,Aston Villa,Bournemouth,1,1,D,0,0,D,A Madley,18,11,8,3,12,14,9,7,7,6,0,0
2024/25,26/10/2024,15:00,Brentford,Ipswich,4,3,H,2,2,D,L Smith,20,11,9,5,7,10,5,5,0,1,0,1
2024/25,26/10/2024,15:00,Brighton,Wolves,2,2,D,1,0,H,M Oliver,19,14,6,7,12,10,9,6,3,3,0,0
2024/25,26/10/2024,17:30,Everton,Fulham,1,1,D,0,0,D,J Brooks,10,14,5,3,8,8,4,2,1,0,0,0
2024/25,26/10/2024,15:00,Man City,Southampton,1,0,H,1,0,H,T Harrington,22,5,8,2,9,9,12,1,1,3,0,0
2024/25,27/10/2024,16:30,Arsenal,Liverpool,2,2,D,2,1,H,A Taylor,9,9,3,4,14,14,1,3,2,2,0,0
2024/25,27/10/2024,14:00,Chelsea,Newcastle,2,1,H,1,1,D,S Hooper,17,11,7,3,13,16,7,4,6,3,0,0
2024/25,27/10/2024,14:00,Crystal Palace,Tottenham,1,0,H,1,0,H,D Bond,14,11,6,3,16,12,8,8,4,4,0,0
2024/25,27/10/2024,14:00,West Ham,Man United,2,1,H,0,0,D,D Coote,12,18,3,5,6,7,6,5,5,1,0,0
2024/25,02/11/2024,15:00,Bournemouth,Man City,2,1,H,1,0,H,M Oliver,12,18,6,4,11,6,3,10,2,1,0,0
2024/25,02/11/2024,15:00,Ipswich,Leicester,1,1,D,0,0,D,T Robinson,14,20,2,6,11,10,4,6,4,2,1,0
2024/25,02/11/2024,15:00,Liverpool,Brighton,2,1,H,0,1,A,T Harrington,16,13,8,5,10,18,10,7,1,1,0,0
2024/25,02/11/2024,12:30,Newcastle,Arsenal,1,0,H,1,0,H,J Brooks,9,10,4,1,16,18,4,6,4,4,0,0
2024/25,02/11/2024,15:00,Nott'm Forest,West Ham,3,0,H,1,0,H,P Bankes,19,4,6,2,7,9,11,6,1,2,0,1
2024/25,02/11/2024,15:00,Southampton,Everton,1,0,H,0,0,D,A Madley,9,16,2,5,14,18,3,6,4,2,0,0
2024/25,02/11/2024,17:30,Wolves,Crystal Palace,2,2,D,0,0,D,A Taylor,11,19,6,7,7,9,3,6,1,2,0,0
2024/25,03/11/2024,16:30,Man United,Chelsea,1,1,D,0,0,D,R Jones,11,12,4,3,19,14,4,8,6,2,0,0
2024/25,03/11/2024,14:00,Tottenham,Aston Villa,4,1,H,0,1,A,C Pawson,16,12,6,1,14,14,6,4,2,0,0,0
2024/25,04/11/2024,20:00,Fulham,Brentford,2,1,H,0,1,A,S Attwell,26,5,12,2,3,10,11,3,2,1,0,0
2024/25,09/11/2024,15:00,Brentford,Bournemouth,3,2,H,1,1,D,D Bond,12,15,6,3,8,16,6,4,2,4,0,0
2024/25,09/11/2024,17:30,Brighton,Man City,2,1,H,0,1,A,S Barrott,10,15,4,6,12,10,0,4,3,3,0,0
2024/25,09/11/2024,15:00,Crystal Palace,Fulham,0,2,A,0,1,A,M Salisbury,13,17,5,7,10,11,1,8,1,1,1,0
2024/25,09/11/2024,20:00,Liverpool,Aston Villa,2,0,H,1,0,H,D Coote,14,12,5,2,11,15,2,9,0,3,0,0
2024/25,09/11/2024,15:00,West Ham,Everton,0,0,D,0,0,D,S Attwell,11,18,6,4,10,9,7,6,1,2,0,0
2024/25,09/11/2024,15:00,Wolves,Southampton,2,0,H,1,0,H,T Bramall,8,9,4,0,14,12,1,9,1,4,0,0
2024/25,10/11/2024,16:30,Chelsea,Arsenal,1,1,D,0,0,D,M Oliver,17,13,3,3,12,12,4,3,4,2,0,0
2024/25,10/11/2024,14:00,Man United,Leicester,3,0,H,2,0,H,P Bankes,13,6,3,5,9,5,1,5,0,1,0,0
2024/25,10/11/2024,14:00,Nott'm Forest,Newcastle,1,3,A,1,0,H,A Taylor,9,17,3,6,13,6,4,5,1,1,0,0
2024/25,10/11/2024,14:00,Tottenham,Ipswich,1,2,A,0,2,A,D England,17,8,5,3,10,19,12,2,1,5,0,0
2024/25,23/11/2024,15:00,Arsenal,Nott'm Forest,3,0,H,1,0,H,S Hooper,19,7,7,0,10,1,8,1,3,2,0,0
2024/25,23/11/2024,15:00,Aston Villa,Crystal Palace,2,2,D,1,2,A,T Robinson,17,13,5,6,10,11,10,1,3,2,0,0
2024/25,23/11/2024,15:00,Bournemouth,Brighton,1,2,A,0,1,A,S Attwell,19,6,5,4,13,10,7,0,2,2,0,1
2024/25,23/11/2024,15:00,Everton,Brentford,0,0,D,0,0,D,C Kavanagh,27,9,5,2,8,10,10,4,0,0,0,1
2024/25,23/11/2024,15:00,Fulham,Wolves,1,4,A,1,1,D,R Jones,10,10,3,5,14,14,7,2,3,0,0,0
2024/25,23/11/2024,12:30,Leicester,Chelsea,1,2,A,0,1,A,A Madley,4,16,1,7,15,12,2,9,4,3,0,0
2024/25,23/11/2024,17:30,Man City,Tottenham,0,4,A,0,2,A,J Brooks,23,9,5,7,19,9,9,3,4,2,0,0
2024/25,24/11/2024,16:30,Ipswich,Man United,1,1,D,1,1,D,A Taylor,11,11,6,4,11,10,4,3,0,0,0,0
2024/25,24/11/2024,14:00,Southampton,Liverpool,2,3,A,1,1,D,S Barrott,7,27,5,11,11,9,3,10,3,4,0,0
2024/25,25/11/2024,20:00,Newcastle,West Ham,0,2,A,0,1,A,C Pawson,18,15,2,6,11,8,8,3,1,0,0,0
2024/25,29/11/2024,20:00,Brighton,Southampton,1,1,D,1,0,H,R Jones,22,10,5,2,20,16,7,6,2,4,0,0
2024/25,30/11/2024,15:00,Brentford,Leicester,4,1,H,3,1,H,M Oliver,13,7,6,3,9,10,5,4,1,1,0,0
2024/25,30/11/2024,15:00,Crystal Palace,Newcastle,1,1,D,0,0,D,D England,16,1,4,0,12,11,8,9,3,3,0,0
2024/25,30/11/2024,15:00,Nott'm Forest,Ipswich,1,0,H,0,0,D,T Harrington,12,7,5,3,5,16,8,7,1,3,0,0
2024/25,30/11/2024,17:30,West Ham,Arsenal,2,5,A,2,5,A,A Taylor,12,16,5,7,10,13,2,10,4,1,0,0
2024/25,30/11/2024,15:00,Wolves,Bournemouth,2,4,A,1,3,A,P Bankes,10,12,3,8,13,11,3,4,4,1,0,0
2024/25,01/12/2024,13:30,Chelsea,Aston Villa,3,0,H,2,0,H,S Attwell,17,10,8,4,21,6,3,4,2,2,0,0
2024/25,01/12/2024,16:00,Liverpool,Man City,2,0,H,1,0,H,C Kavanagh,18,8,7,2,9,8,7,4,1,3,0,0
2024/25,01/12/2024,13:30,Man United,Everton,4,0,H,2,0,H,J Brooks,11,8,5,2,12,12,2,2,2,3,0,0
2024/25,01/12/2024,13:30,Tottenham,Fulham,1,1,D,0,0,D,D Bond,8,14,3,6,4,14,7,11,0,1,0,1
2024/25,03/12/2024,19:30,Ipswich,Crystal Palace,0,1,A,0,0,D,C Pawson,9,13,2,3,14,13,4,7,2,4,0,0
2024/25,03/12/2024,20:15,Leicester,West Ham,3,1,H,1,0,H,J Smith,8,31,6,10,9,7,3,9,2,2,0,0
2024/25,04/12/2024,20:15,Arsenal,Man United,2,0,H,0,0,D,S Barrott,14,5,6,2,12,8,13,0,1,3,0,0
2024/25,04/12/2024,20:15,Aston Villa,Brentford,3,1,H,3,0,H,L Smith,20,9,10,1,11,15,10,5,2,2,0,0
2024/25,04/12/2024,19:30,Everton,Wolves,4,0,H,2,0,H,M Salisbury,13,6,4,2,10,8,3,4,2,0,0,0
2024/25,04/12/2024,19:30,Man City,Nott'm Forest,3,0,H,2,0,H,M Oliver,17,12,7,3,7,15,8,2,2,4,0,0
2024/25,04/12/2024,19:30,Newcastle,Liverpool,3,3,D,1,0,H,A Madley,17,16,6,5,9,17,5,6,2,5,0,0
2024/25,04/12/2024,19:30,Southampton,Chelsea,1,5,A,1,3,A,T Harrington,6,26,4,13,7,14,5,7,1,0,1,0
2024/25,05/12/2024,20:15,Bournemouth,Tottenham,1,0,H,1,0,H,S Hooper,21,12,8,4,15,8,5,9,2,2,0,0
2024/25,05/12/2024,19:30,Fulham,Brighton,3,1,H,1,0,H,P Bankes,6,13,2,3,7,8,5,6,2,2,0,0
2024/25,07/12/2024,15:00,Aston Villa,Southampton,1,0,H,1,0,H,D Bond,18,4,5,0,18,15,14,1,1,3,0,0
2024/25,07/12/2024,15:00,Brentford,Newcastle,4,2,H,2,2,D,T Robinson,11,16,8,3,10,7,3,4,3,0,0,0
2024/25,07/12/2024,15:00,Crystal Palace,Man City,2,2,D,1,1,D,R Jones,12,12,3,4,4,10,6,8,1,0,0,1
2024/25,07/12/2024,17:30,Man United,Nott'm Forest,2,3,A,1,1,D,D England,17,11,7,3,10,13,5,3,0,2,0,0
2024/25,08/12/2024,14:00,Fulham,Arsenal,1,1,D,1,0,H,C Kavanagh,2,12,2,4,10,9,0,6,4,2,0,0
2024/25,08/12/2024,14:00,Ipswich,Bournemouth,1,2,A,1,0,H,M Salisbury,18,22,5,6,9,13,6,13,2,1,0,0
2024/25,08/12/2024,14:00,Leicester,Brighton,2,2,D,0,1,A,S Attwell,10,16,3,7,9,10,5,5,1,2,0,0
2024/25,08/12/2024,16:30,Tottenham,Chelsea,3,4,A,2,1,H,A Taylor,13,17,5,8,17,11,5,10,2,2,0,0
2024/25,09/12/2024,20:00,West Ham,Wolves,2,1,H,0,0,D,J Brooks,19,19,4,5,12,17,11,0,5,4,0,0
2024/25,14/12/2024,15:00,Arsenal,Everton,0,0,D,0,0,D,C Pawson,13,2,5,0,6,9,8,2,0,3,0,0
2024/25,14/12/2024,15:00,Liverpool,Fulham,2,2,D,0,1,A,T Harrington,16,12,4,3,10,7,5,4,3,4,1,0
2024/25,14/12/2024,15:00,Newcastle,Leicester,4,0,H,1,0,H,T Bramall,27,4,11,1,7,16,5,2,3,3,0,0
2024/25,14/12/2024,17:30,Nott'm Forest,Aston Villa,2,1,H,0,0,D,S Barrott,17,8,6,2,12,6,4,3,0,1,0,0
2024/25,14/12/2024,15:00,Wolves,Ipswich,1,2,A,0,1,A,S Hooper,16,10,6,5,13,9,7,3,0,2,1,0
2024/25,15/12/2024,14:00,Brighton,Crystal Palace,1,3,A,0,2,A,M Oliver,17,13,5,5,11,15,8,5,1,4,0,0
2024/25,15/12/2024,19:00,Chelsea,Brentford,2,1,H,1,0,H,P Bankes,26,9,8,4,11,7,8,5,0,2,1,0
2024/25,15/12/2024,16:30,Man City,Man United,1,2,A,1,0,H,A Taylor,10,10,3,3,5,14,8,2,1,1,0,0
2024/25,15/12/2024,19:00,Southampton,Tottenham,0,5,A,0,5,A,D England,9,18,3,9,8,15,2,5,1,3,0,0
2024/25,16/12/2024,20:00,Bournemouth,West Ham,1,1,D,0,0,D,C Kavanagh,29,16,9,3,6,11,12,6,0,2,0,0
2024/25,21/12/2024,12:30,Aston Villa,Man City,2,1,H,1,0,H,P Bankes,11,12,6,6,14,7,5,4,3,3,0,0
2024/25,21/12/2024,15:00,Brentford,Nott'm Forest,0,2,A,0,1,A,M Oliver,7,10,3,6,9,14,9,5,3,4,0,0
2024/25,21/12/2024,17:30,Crystal Palace,Arsenal,1,5,A,1,3,A,S Hooper,15,14,6,6,9,8,3,3,2,2,0,0
2024/25,21/12/2024,15:00,Ipswich,Newcastle,0,4,A,0,3,A,S Attwell,10,15,2,7,9,7,2,1,2,0,0,0
2024/25,21/12/2024,15:00,West Ham,Brighton,1,1,D,0,0,D,R Jones,11,12,4,6,14,20,8,4,2,2,0,0
2024/25,22/12/2024,14:00,Everton,Chelsea,0,0,D,0,0,D,C Kavanagh,5,12,4,5,20,12,2,5,4,1,0,0
2024/25,22/12/2024,14:00,Fulham,Southampton,0,0,D,0,0,D,T Robinson,16,5,5,1,8,15,6,5,1,3,0,0
2024/25,22/12/2024,14:00,Leicester,Wolves,0,3,A,0,3,A,A Taylor,9,8,5,4,15,16,6,1,2,0,0,0
2024/25,22/12/2024,14:00,Man United,Bournemouth,0,3,A,0,1,A,C Pawson,23,10,7,5,11,11,13,1,1,3,0,0
2024/25,22/12/2024,16:30,Tottenham,Liverpool,3,6,A,1,3,A,S Barrott,9,24,5,12,7,9,7,5,1,2,0,0
2024/25,26/12/2024,15:00,Bournemouth,Crystal Palace,0,0,D,0,0,D,T Bramall,18,10,4,4,13,12,5,2,2,2,0,0
2024/25,26/12/2024,15:00,Chelsea,Fulham,1,2,A,1,0,H,S Barrott,12,14,8,7,13,13,3,1,1,3,0,0
2024/25,26/12/2024,20:00,Liverpool,Leicester,3,1,H,1,1,D,D Bond,19,4,7,1,17,5,14,1,3,2,0,0
2024/25,26/12/2024,12:30,Man City,Everton,1,1,D,1,1,D,S Hooper,24,8,5,3,5,10,8,5,1,4,0,0
2024/25,26/12/2024,15:00,Newcastle,Aston Villa,3,0,H,1,0,H,A Taylor,22,4,8,1,15,10,9,6,2,1,0,1
2024/25,26/12/2024,15:00,Nott'm Forest,Tottenham,1,0,H,1,0,H,C Pawson,10,13,3,4,12,13,2,7,3,2,0,1
2024/25,26/12/2024,15:00,Southampton,West Ham,0,1,A,0,0,D,L Smith,18,16,5,2,15,8,2,2,1,2,0,0
2024/25,26/12/2024,17:30,Wolves,Man United,2,0,H,0,0,D,T Harrington,7,11,4,4,12,12,4,4,2,2,0,1
2024/25,27/12/2024,20:15,Arsenal,Ipswich,1,0,H,1,0,H,D England,13,3,5,0,7,12,5,1,1,1,0,0
2024/25,27/12/2024,19:30,Brighton,Brentford,0,0,D,0,0,D,A Madley,24,8,7,3,6,12,5,3,0,2,0,0
2024/25,29/12/2024,15:00,Crystal Palace,Southampton,2,1,H,1,1,D,M Salisbury,19,7,10,3,18,19,8,7,2,3,0,0
2024/25,29/12/2024,15:00,Everton,Nott'm Forest,0,2,A,0,1,A,T Harrington,13,11,2,7,13,10,5,4,4,1,0,0
2024/25,29/12/2024,15:00,Fulham,Bournemouth,2,2,D,1,0,H,R Jones,11,16,6,9,7,16,1,7,1,3,0,0
2024/25,29/12/2024,14:30,Leicester,Man City,0,2,A,0,1,A,M Oliver,11,14,4,5,11,6,4,4,2,1,0,0
2024/25,29/12/2024,15:00,Tottenham,Wolves,2,2,D,2,1,H,C Kavanagh,13,11,3,3,9,10,5,5,1,2,0,0
2024/25,29/12/2024,17:15,West Ham,Liverpool,0,5,A,0,3,A,A Taylor,7,22,0,13,7,10,3,6,0,0,0,0
2024/25,30/12/2024,19:45,Aston Villa,Brighton,2,2,D,1,1,D,C Pawson,20,13,4,4,9,14,12,3,2,3,0,0
2024/25,30/12/2024,19:45,Ipswich,Chelsea,2,0,H,1,0,H,J Brooks,9,20,6,5,9,5,4,7,4,4,0,0
2024/25,30/12/2024,20:00,Man United,Newcastle,0,2,A,0,2,A,S Hooper,10,12,0,4,13,8,2,3,1,1,0,0
2024/25,01/01/2025,17:30,Brentford,Arsenal,1,3,A,1,1,D,P Bankes,5,14,2,5,6,8,4,3,1,2,0,0
2024/25,04/01/2025,15:00,Aston Villa,Leicester,2,1,H,0,0,D,J Gillett,13,4,5,2,10,11,7,2,0,1,0,0
2024/25,04/01/2025,15:00,Bournemouth,Everton,1,0,H,0,0,D,J Brooks,19,9,8,0,15,14,9,3,2,2,0,0
2024/25,04/01/2025,17:30,Brighton,Arsenal,1,1,D,0,1,A,A Taylor,11,9,4,3,17,14,2,5,2,3,0,0
2024/25,04/01/2025,15:00,Crystal Palace,Chelsea,1,1,D,0,1,A,T Robinson,13,15,6,1,9,12,6,6,0,2,0,0
2024/25,04/01/2025,15:00,Man City,West Ham,4,1,H,2,0,H,M Salisbury,10,17,7,4,8,13,7,1,2,1,0,0
2024/25,04/01/2025,15:00,Southampton,Brentford,0,5,A,0,1,A,S Attwell,8,20,1,11,10,4,2,2,2,0,0,0
2024/25,04/01/2025,12:30,Tottenham,Newcastle,1,2,A,1,2,A,A Madley,13,14,4,4,11,15,9,10,1,4,0,0
2024/25,05/01/2025,14:00,Fulham,Ipswich,2,2,D,0,1,A,D Bond,15,7,4,3,10,14,9,2,1,5,0,0
2024/25,05/01/2025,16:30,Liverpool,Man United,2,2,D,0,0,D,M Oliver,19,13,6,4,10,13,6,9,2,4,0,0
2024/25,06/01/2025,20:00,Wolves,Nott'm Forest,0,3,A,0,2,A,P Bankes,13,11,6,3,10,8,5,3,1,2,0,0
2024/25,14/01/2025,19:30,Brentford,Man City,2,2,D,0,0,D,A Taylor,18,21,6,8,4,4,4,5,0,0,0,0
2024/25,14/01/2025,19:30,Chelsea,Bournemouth,2,2,D,1,0,H,R Jones,26,7,10,3,15,16,9,3,2,3,0,0
2024/25,14/01/2025,20:00,Nott'm Forest,Liverpool,1,1,D,1,0,H,C Kavanagh,6,23,3,7,7,10,0,9,2,1,0,0
2024/25,14/01/2025,19:30,West Ham,Fulham,3,2,H,2,0,H,C Pawson,4,21,3,5,9,18,0,3,3,3,0,0
2024/25,15/01/2025,20:00,Arsenal,Tottenham,2,1,H,2,1,H,S Hooper,14,10,4,2,16,9,10,4,3,1,0,0
2024/25,15/01/2025,19:30,Everton,Aston Villa,0,1,A,0,0,D,S Barrott,10,11,3,3,17,10,8,5,2,1,0,0
2024/25,15/01/2025,19:30,Leicester,Crystal Palace,0,2,A,0,0,D,A Madley,21,9,4,4,7,6,4,3,0,0,0,0
2024/25,15/01/2025,19:30,Newcastle,Wolves,3,0,H,1,0,H,D England,17,13,5,7,10,13,4,2,0,2,0,0
2024/25,16/01/2025,19:30,Ipswich,Brighton,0,2,A,0,0,D,T Harrington,5,11,3,5,13,14,1,9,2,2,0,0
2024/25,16/01/2025,20:00,Man United,Southampton,3,1,H,0,1,A,J Brooks,23,13,9,5,7,10,5,4,1,3,0,0
2024/25,18/01/2025,17:30,Arsenal,Aston Villa,2,2,D,1,0,H,C Kavanagh,18,8,6,4,10,18,10,1,2,3,0,0
2024/25,18/01/2025,15:00,Brentford,Liverpool,0,2,A,0,0,D,A Madley,11,37,6,8,6,14,2,15,2,3,0,0
2024/25,18/01/2025,15:00,Leicester,Fulham,0,2,A,0,0,D,M Salisbury,8,17,4,2,8,8,5,2,3,1,0,0
2024/25,18/01/2025,12:30,Newcastle,Bournemouth,1,4,A,1,2,A,S Attwell,13,19,5,10,7,18,7,6,1,6,0,0
2024/25,18/01/2025,15:00,West Ham,Crystal Palace,0,2,A,0,0,D,T Bramall,7,12,0,7,13,10,2,4,1,0,1,0
2024/25,19/01/2025,14:00,Everton,Tottenham,3,2,H,3,0,H,D England,12,11,6,6,14,14,3,8,2,1,0,0
2024/25,19/01/2025,16:30,Ipswich,Man City,0,6,A,0,3,A,S Barrott,8,17,4,9,4,7,4,7,0,1,0,0
2024/25,19/01/2025,14:00,Man United,Brighton,1,3,A,1,1,D,P Bankes,10,6,1,3,13,12,4,2,3,3,0,0
2024/25,19/01/2025,14:00,Nott'm Forest,Southampton,3,2,H,3,0,H,A Taylor,14,10,5,4,4,18,2,8,0,4,0,0
2024/25,20/01/2025,20:00,Chelsea,Wolves,3,1,H,1,1,D,S Hooper,19,9,7,4,8,14,3,6,4,2,0,0
2024/25,25/01/2025,15:00,Bournemouth,Nott'm Forest,5,0,H,1,0,H,C Pawson,16,18,10,4,9,12,3,9,2,3,0,0
2024/25,25/01/2025,15:00,Brighton,Everton,0,1,A,0,1,A,T Robinson,16,3,1,1,8,11,9,1,3,4,0,0
2024/25,25/01/2025,15:00,Liverpool,Ipswich,4,1,H,3,0,H,M Salisbury,16,3,6,3,10,11,3,4,0,2,0,0
2024/25,25/01/2025,17:30,Man City,Chelsea,3,1,H,1,1,D,J Brooks,15,10,6,4,6,8,2,4,3,2,0,0
2024/25,25/01/2025,15:00,Southampton,Newcastle,1,3,A,1,2,A,S Barrott,12,17,5,9,10,5,3,8,1,0,0,0
2024/25,25/01/2025,15:00,Wolves,Arsenal,0,1,A,0,0,D,M Oliver,9,9,4,3,20,10,1,5,0,1,1,1
2024/25,26/01/2025,16:30,Aston Villa,West Ham,1,1,D,1,0,H,P Bankes,14,14,4,4,13,16,4,3,2,3,0,0
2024/25,26/01/2025,14:00,Crystal Palace,Brentford,1,2,A,0,0,D,T Harrington,16,13,5,6,8,11,4,7,2,2,0,0
2024/25,26/01/2025,19:00,Fulham,Man United,0,1,A,0,0,D,A Taylor,9,4,3,1,7,9,3,0,0,1,0,0
2024/25,26/01/2025,14:00,Tottenham,Leicester,1,2,A,1,0,H,R Jones,15,12,6,3,6,16,6,4,1,5,0,0
2024/25,01/02/2025,15:00,Bournemouth,Liverpool,0,2,A,0,1,A,D England,14,19,3,7,15,9,3,3,2,3,0,0
2024/25,01/02/2025,15:00,Everton,Leicester,4,0,H,3,0,H,D Bond,13,9,7,1,7,13,5,6,0,0,0,0
2024/25,01/02/2025,15:00,Ipswich,Southampton,1,2,A,1,1,D,M Oliver,15,9,6,4,11,14,1,2,0,3,0,0
2024/25,01/02/2025,15:00,Newcastle,Fulham,1,2,A,1,0,H,C Kavanagh,11,15,4,4,10,15,4,7,4,4,0,0
2024/25,01/02/2025,12:30,Nott'm Forest,Brighton,7,0,H,3,0,H,S Hooper,14,10,9,5,8,13,4,6,1,3,0,0
2024/25,01/02/2025,17:30,Wolves,Aston Villa,2,0,H,1,0,H,A Madley,8,10,5,3,20,13,5,8,2,3,0,0
2024/25,02/02/2025,16:30,Arsenal,Man City,5,1,H,1,0,H,P Bankes,12,7,7,4,6,7,5,2,2,0,0,0
2024/25,02/02/2025,14:00,Brentford,Tottenham,0,2,A,0,1,A,J Gillett,20,13,4,2,4,11,10,3,0,1,0,0
2024/25,02/02/2025,14:00,Man United,Crystal Palace,0,2,A,0,0,D,J Brooks,17,11,2,3,12,13,11,0,3,1,0,0
2024/25,03/02/2025,20:00,Chelsea,West Ham,2,1,H,0,1,A,S Attwell,22,14,3,5,11,10,4,3,3,1,0,0
2024/25,12/02/2025,19:30,Everton,Liverpool,2,2,D,1,1,D,M Oliver,10,6,3,4,9,20,2,3,2,2,1,1
2024/25,14/02/2025,20:00,Brighton,Chelsea,3,0,H,2,0,H,K Kavanagh,13,8,5,0,12,15,2,9,1,2,0,0
2024/25,15/02/2025,15:00,Aston Villa,Ipswich,1,1,D,0,0,D,R Jones,25,4,6,3,7,11,16,1,0,3,0,1
2024/25,15/02/2025,17:30,Crystal Palace,Everton,1,2,A,0,1,A,A Taylor,17,11,6,6,9,12,6,2,0,1,0,0
2024/25,15/02/2025,15:00,Fulham,Nott'm Forest,2,1,H,1,1,D,T Bramall,24,8,10,2,13,8,8,4,0,0,0,0
2024/25,15/02/2025,12:30,Leicester,Arsenal,0,2,A,0,0,D,S Barrott,6,11,2,5,9,10,3,7,2,1,0,0
2024/25,15/02/2025,15:00,Man City,Newcastle,4,0,H,3,0,H,A Madley,11,3,7,1,5,13,7,4,0,1,0,0
2024/25,15/02/2025,15:00,Southampton,Bournemouth,1,3,A,0,2,A,J Gillett,11,14,4,7,13,15,4,6,1,3,0,0
2024/25,15/02/2025,15:00,West Ham,Brentford,0,1,A,0,1,A,D England,13,14,3,5,10,13,9,2,1,1,0,0
2024/25,16/02/2025,14:00,Liverpool,Wolves,2,1,H,2,0,H,S Hooper,10,16,3,4,15,13,4,3,2,2,0,0
2024/25,16/02/2025,16:30,Tottenham,Man United,1,0,H,1,0,H,P Bankes,22,16,7,6,13,9,10,5,1,2,0,0
2024/25,19/02/2025,19:30,Aston Villa,Liverpool,2,2,D,2,1,H,C Pawson,9,17,4,3,8,6,6,8,1,0,0,0
2024/25,21/02/2025,20:00,Leicester,Brentford,0,4,A,0,3,A,T Harrington,8,14,3,6,10,10,5,6,4,0,0,0
2024/25,22/02/2025,15:00,Arsenal,West Ham,0,1,A,0,1,A,C Pawson,20,5,2,2,16,15,2,0,1,3,1,0
2024/25,22/02/2025,17:30,Aston Villa,Chelsea,2,1,H,0,1,A,M Oliver,12,15,6,7,15,16,2,3,1,3,0,0
2024/25,22/02/2025,15:00,Bournemouth,Wolves,0,1,A,0,1,A,M Salisbury,8,13,3,5,17,9,6,7,3,3,1,0
2024/25,22/02/2025,12:30,Everton,Man United,2,2,D,2,0,H,A Madley,9,9,8,3,12,9,7,9,4,1,0,0
2024/25,22/02/2025,15:00,Fulham,Crystal Palace,0,2,A,0,1,A,R Jones,10,10,0,5,10,7,7,7,1,3,0,0
2024/25,22/02/2025,15:00,Ipswich,Tottenham,1,4,A,1,2,A,T Robinson,17,10,5,6,15,14,4,4,2,1,0,0
2024/25,22/02/2025,15:00,Southampton,Brighton,0,4,A,0,1,A,D Bond,6,18,1,12,11,12,5,6,2,0,0,0
2024/25,23/02/2025,16:30,Man City,Liverpool,0,2,A,0,2,A,A Taylor,16,8,5,4,3,10,7,5,0,0,0,0
2024/25,23/02/2025,14:00,Newcastle,Nott'm Forest,4,3,H,4,1,H,J Gillett,13,17,5,5,11,13,7,6,1,4,0,0
2024/25,25/02/2025,19:30,Brighton,Bournemouth,2,1,H,1,0,H,M Oliver,11,19,4,5,12,14,1,9,2,1,0,0
2024/25,25/02/2025,20:15,Chelsea,Southampton,4,0,H,3,0,H,T Bramall,19,7,10,2,6,9,4,2,1,2,0,0
2024/25,25/02/2025,19:30,Crystal Palace,Aston Villa,4,1,H,1,0,H,S Barrott,19,6,6,2,19,10,3,8,3,1,0,0
2024/25,25/02/2025,19:30,Wolves,Fulham,1,2,A,1,1,D,P Bankes,18,11,5,5,8,15,7,5,1,3,0,0
2024/25,26/02/2025,19:30,Brentford,Everton,1,1,D,1,0,H,S Hooper,12,14,3,4,3,6,2,5,2,1,0,0
2024/25,26/02/2025,20:15,Liverpool,Newcastle,2,0,H,1,0,H,C Kavanagh,12,3,3,0,12,11,4,2,0,1,0,0
2024/25,26/02/2025,19:30,Man United,Ipswich,3,2,H,2,2,D,D England,10,12,6,3,9,16,5,6,4,4,1,0
2024/25,26/02/2025,19:30,Nott'm Forest,Arsenal,0,0,D,0,0,D,A Madley,6,13,2,1,10,17,3,11,1,1,0,0
2024/25,26/02/2025,19:30,Tottenham,Man City,0,1,A,0,1,A,J Gillett,11,12,6,5,12,15,8,3,3,0,0,0
2024/25,27/02/2025,20:00,West Ham,Leicester,2,0,H,2,0,H,S Attwell,8,10,2,2,12,6,3,3,0,0,0,0
2024/25,08/03/2025,17:30,Brentford,Aston Villa,0,1,A,0,0,D,J Gillett,13,12,3,4,10,5,6,5,2,2,0,0
2024/25,08/03/2025,15:00,Brighton,Fulham,2,1,H,1,1,D,S Barrott,9,6,4,1,6,12,3,7,0,2,0,0
2024/25,08/03/2025,15:00,Crystal Palace,Ipswich,1,0,H,0,0,D,S Hooper,19,15,4,8,8,7,5,4,4,3,0,0
2024/25,08/03/2025,15:00,Liverpool,Southampton,3,1,H,0,1,A,L Smith,28,6,7,4,10,9,6,4,2,1,0,0
2024/25,08/03/2025,12:30,Nott'm Forest,Man City,1,0,H,0,0,D,C Kavanagh,9,14,4,3,9,7,3,2,3,2,0,0
2024/25,08/03/2025,20:00,Wolves,Everton,1,1,D,1,1,D,S Attwell,11,12,3,4,11,16,5,5,2,2,0,0
2024/25,09/03/2025,14:00,Chelsea,Leicester,1,0,H,0,0,D,T Robinson,20,3,7,3,12,13,12,2,1,0,0,0
2024/25,09/03/2025,16:30,Man United,Arsenal,1,1,D,1,0,H,A Taylor,10,17,6,6,8,11,2,9,0,1,0,0
2024/25,09/03/2025,14:00,Tottenham,Bournemouth,2,2,D,0,1,A,J Brooks,12,17,4,8,15,16,3,6,3,3,0,0
2024/25,10/03/2025,20:00,West Ham,Newcastle,0,1,A,0,0,D,M Salisbury,9,9,2,3,7,15,3,4,0,1,0,0
2024/25,15/03/2025,17:30,Bournemouth,Brentford,1,2,A,1,1,D,C Pawson,17,10,5,4,13,7,4,3,3,0,0,0
2024/25,15/03/2025,15:00,Everton,West Ham,1,1,D,0,0,D,D Bond,13,10,5,5,12,8,6,5,1,2,0,0
2024/25,15/03/2025,15:00,Ipswich,Nott'm Forest,2,4,A,0,3,A,M Salisbury,11,11,4,6,4,13,6,3,1,1,0,0
2024/25,15/03/2025,15:00,Man City,Brighton,2,2,D,2,1,H,S Hooper,11,15,3,3,10,10,4,5,2,5,0,0
2024/25,15/03/2025,15:00,Southampton,Wolves,1,2,A,0,1,A,R Jones,10,5,3,3,12,13,5,1,0,0,0,0
2024/25,16/03/2025,13:30,Arsenal,Chelsea,1,0,H,1,0,H,C Kavanagh,12,8,4,2,10,13,5,4,3,3,0,0
2024/25,16/03/2025,13:30,Fulham,Tottenham,2,0,H,0,0,D,A Madley,13,12,4,4,13,10,6,5,0,0,0,0
2024/25,16/03/2025,19:00,Leicester,Man United,0,3,A,0,1,A,T Bramall,11,18,3,5,6,6,6,4,2,0,0,0
2024/25,01/04/2025,19:45,Arsenal,Fulham,2,1,H,1,0,H,J Brooks,17,9,4,3,2,10,5,4,1,2,0,0
2024/25,01/04/2025,20:00,Nott'm Forest,Man United,1,0,H,1,0,H,J Gillett,8,23,2,6,5,12,3,10,1,3,0,0
2024/25,01/04/2025,19:45,Wolves,West Ham,1,0,H,1,0,H,T Harrington,9,10,2,1,16,12,1,2,4,2,0,0
2024/25,02/04/2025,19:45,Bournemouth,Ipswich,1,2,A,0,1,A,R Jones,24,10,7,2,14,15,8,3,1,2,0,0
2024/25,02/04/2025,19:45,Brighton,Aston Villa,0,3,A,0,0,D,S Attwell,11,8,4,5,16,11,4,0,1,3,0,0
2024/25,02/04/2025,20:00,Liverpool,Everton,1,0,H,0,0,D,S Barrott,17,5,3,0,7,11,11,5,2,2,0,0
2024/25,02/04/2025,19:45,Man City,Leicester,2,0,H,2,0,H,D England,18,2,5,0,11,8,5,0,1,4,0,0
2024/25,02/04/2025,19:45,Newcastle,Brentford,2,1,H,1,0,H,P Bankes,21,12,4,3,12,12,4,5,1,1,0,0
2024/25,02/04/2025,19:45,Southampton,Crystal Palace,1,1,D,1,0,H,A Madley,8,9,2,3,14,9,2,2,2,1,0,0
2024/25,03/04/2025,20:00,Chelsea,Tottenham,1,0,H,0,0,D,C Pawson,11,8,5,2,7,16,4,6,5,5,0,0
2024/25,05/04/2025,17:30,Aston Villa,Nott'm Forest,2,1,H,2,0,H,S Hooper,17,19,8,3,7,15,4,4,2,2,0,0
2024/25,05/04/2025,15:00,Crystal Palace,Brighton,2,1,H,1,1,D,A Taylor,8,11,3,5,12,13,2,4,0,1,2,1
2024/25,05/04/2025,12:30,Everton,Arsenal,1,1,D,0,1,A,D England,5,14,2,5,17,13,3,8,3,1,0,0
2024/25,05/04/2025,15:00,Ipswich,Wolves,1,2,A,1,0,H,P Bankes,6,22,2,7,12,16,4,8,2,2,0,0
2024/25,05/04/2025,15:00,West Ham,Bournemouth,2,2,D,0,1,A,T Robinson,9,11,3,4,13,13,4,7,2,2,0,0
2024/25,06/04/2025,14:00,Brentford,Chelsea,0,0,D,0,0,D,M Oliver,9,21,2,5,12,12,3,6,1,3,0,0
2024/25,06/04/2025,14:00,Fulham,Liverpool,3,2,H,3,1,H,C Kavanagh,12,14,6,6,10,9,4,4,3,0,0,0
2024/25,06/04/2025,16:30,Man United,Man City,0,0,D,0,0,D,J Brooks,13,9,2,5,13,9,5,3,3,2,0,0
2024/25,06/04/2025,14:00,Tottenham,Southampton,3,1,H,2,0,H,M Salisbury,13,12,8,4,16,20,4,1,1,1,0,0
2024/25,07/04/2025,20:00,Leicester,Newcastle,0,3,A,0,3,A,R Jones,7,16,2,5,8,9,12,2,2,0,0,0
2024/25,12/04/2025,17:30,Arsenal,Brentford,1,1,D,0,0,D,S Hooper,14,3,3,2,7,9,13,5,1,3,0,0
2024/25,12/04/2025,15:00,Brighton,Leicester,2,2,D,1,1,D,D Bond,21,15,7,6,9,11,3,6,2,5,0,0
2024/25,12/04/2025,12:30,Man City,Crystal Palace,5,2,H,2,2,D,J Gillett,21,8,9,3,10,16,1,4,2,3,0,0
2024/25,12/04/2025,15:00,Nott'm Forest,Everton,0,1,A,0,0,D,C Pawson,10,13,5,5,9,13,1,7,0,3,0,0
2024/25,12/04/2025,15:00,Southampton,Aston Villa,0,3,A,0,0,D,T Bramall,7,25,2,10,11,4,2,14,3,1,0,0
2024/25,13/04/2025,14:00,Chelsea,Ipswich,2,2,D,0,2,A,S Attwell,34,13,9,4,11,7,15,4,2,2,0,0
2024/25,13/04/2025,14:00,Liverpool,West Ham,2,1,H,1,0,H,A Madley,15,11,6,4,15,8,10,3,0,2,0,0
2024/25,13/04/2025,16:30,Newcastle,Man United,4,1,H,1,1,D,C Kavanagh,13,9,6,5,7,9,7,2,0,2,0,0
2024/25,13/04/2025,14:00,Wolves,Tottenham,4,2,H,2,0,H,A Taylor,13,11,5,4,12,15,1,4,1,2,0,0
2024/25,14/04/2025,20:00,Bournemouth,Fulham,1,0,H,1,0,H,O Oliver,12,12,3,7,11,10,6,9,3,2,0,0
2024/25,16/04/2025,19:30,Newcastle,Crystal Palace,5,0,H,4,0,H,D England,14,11,7,4,9,15,5,4,2,3,0,0
2024/25,19/04/2025,17:30,Aston Villa,Newcastle,4,1,H,1,1,D,J Gillett,23,10,9,3,9,12,7,7,1,3,0,0
2024/25,19/04/2025,15:00,Brentford,Brighton,4,2,H,1,1,D,T Robinson,16,12,8,3,7,11,4,8,3,3,0,1
2024/25,19/04/2025,15:00,Crystal Palace,Bournemouth,0,0,D,0,0,D,S Barrott,5,15,0,4,13,10,5,4,3,4,1,0
2024/25,19/04/2025,15:00,Everton,Man City,0,2,A,0,0,D,S Hooper,8,12,3,7,7,6,2,5,4,0,0,0
2024/25,19/04/2025,15:00,West Ham,Southampton,1,1,D,0,0,D,A Kitchen,12,15,4,4,14,13,2,5,2,1,0,0
2024/25,20/04/2025,14:00,Fulham,Chelsea,1,2,A,1,0,H,A Taylor,6,13,1,8,13,9,6,4,1,3,0,0
2024/25,20/04/2025,14:00,Ipswich,Arsenal,0,4,A,0,2,A,C Kavanagh,4,24,0,7,10,7,0,12,0,0,1,0
2024/25,20/04/2025,16:30,Leicester,Liverpool,0,1,A,0,0,D,S Attwell,5,28,0,10,11,7,1,13,1,2,0,0
2024/25,20/04/2025,14:00,Man United,Wolves,0,1,A,0,0,D,R Jones,12,4,2,2,11,18,9,2,2,3,0,0
2024/25,21/04/2025,20:00,Tottenham,Nott'm Forest,1,2,A,0,2,A,P Bankes,22,4,6,3,11,12,7,1,1,4,0,0
2024/25,22/04/2025,20:00,Man City,Aston Villa,2,1,H,1,1,D,C Pawson,14,7,6,3,9,10,10,2,3,3,0,0
2024/25,23/04/2025,20:00,Arsenal,Crystal Palace,2,2,D,2,1,H,M Salisbury,12,15,6,4,4,6,3,6,1,1,0,0
2024/25,26/04/2025,15:00,Brighton,West Ham,3,2,H,1,0,H,D England,16,12,9,4,7,9,8,1,1,1,0,0
2024/25,26/04/2025,12:30,Chelsea,Everton,1,0,H,1,0,H,C Kavanagh,10,6,7,3,11,11,10,2,0,0,0,0
2024/25,26/04/2025,15:00,Newcastle,Ipswich,3,0,H,1,0,H,M Salisbury,25,4,5,0,9,9,11,2,1,2,0,1
2024/25,26/04/2025,15:00,Southampton,Fulham,1,2,A,1,0,H,T Harrington,7,26,3,5,10,12,0,13,1,1,0,0
2024/25,26/04/2025,15:00,Wolves,Leicester,3,0,H,1,0,H,S Barrott,20,8,6,2,7,17,4,2,1,4,0,0
2024/25,27/04/2025,14:00,Bournemouth,Man United,1,1,D,1,0,H,P Bankes,8,25,1,6,11,12,5,10,4,2,1,0
2024/25,27/04/2025,16:30,Liverpool,Tottenham,5,1,H,3,1,H,T Bramall,25,8,8,3,16,9,8,2,2,1,0,0
2024/25,01/05/2025,19:30,Nott'm Forest,Brentford,0,2,A,0,1,A,D England,14,11,5,3,10,12,4,5,3,5,0,0
2024/25,02/05/2025,20:00,Man City,Wolves,1,0,H,1,0,H,P Bankes,9,6,2,1,7,11,4,5,0,0,0,0
2024/25,03/05/2025,17:30,Arsenal,Bournemouth,1,2,A,1,0,H,J Gillett,13,9,4,2,7,16,2,3,0,2,0,0
2024/25,03/05/2025,12:30,Aston Villa,Fulham,1,0,H,1,0,H,R Jones,10,11,3,3,6,17,5,3,0,5,0,0
2024/25,03/05/2025,15:00,Everton,Ipswich,2,2,D,2,1,H,L Smith,8,12,3,5,12,15,3,3,4,4,0,0
2024/25,03/05/2025,15:00,Leicester,Southampton,2,0,H,2,0,H,D Webb,14,8,4,2,12,13,7,7,1,3,0,0
2024/25,04/05/2025,14:00,Brentford,Man United,4,3,H,2,1,H,A Taylor,12,14,6,5,8,10,7,4,0,2,0,0
2024/25,04/05/2025,14:00,Brighton,Newcastle,1,1,D,1,0,H,C Pawson,5,13,2,5,15,10,1,4,2,1,0,0
2024/25,04/05/2025,16:30,Chelsea,Liverpool,3,1,H,1,0,H,S Hooper,17,11,7,2,10,11,3,6,2,2,0,0
2024/25,04/05/2025,14:00,West Ham,Tottenham,1,1,D,1,1,D,M Oliver,11,7,2,2,18,15,1,3,2,2,0,0
2024/25,05/05/2025,20:00,Crystal Palace,Nott'm Forest,1,1,D,0,0,D,A Madley,20,12,3,4,9,15,7,4,3,8,0,0
2024/25,10/05/2025,17:30,Bournemouth,Aston Villa,0,1,A,0,1,A,S Attwell,10,6,4,3,19,12,10,0,4,3,0,1
2024/25,10/05/2025,15:00,Fulham,Everton,1,3,A,1,1,D,M Salisbury,18,11,6,7,15,9,5,5,1,0,0,0
2024/25,10/05/2025,15:00,Ipswich,Brentford,0,1,A,0,1,A,S Barrott,11,15,4,5,6,12,5,6,2,4,0,0
2024/25,10/05/2025,15:00,Southampton,Man City,0,0,D,0,0,D,T Robinson,2,26,0,5,9,8,1,15,2,0,0,0
2024/25,10/05/2025,15:00,Wolves,Brighton,0,2,A,0,1,A,M Oliver,10,7,3,2,8,12,7,4,1,1,0,0
2024/25,11/05/2025,16:30,Liverpool,Arsenal,2,2,D,2,0,H,A Taylor,14,15,5,7,13,10,3,1,1,1,0,1
2024/25,11/05/2025,14:15,Man United,West Ham,0,2,A,0,1,A,J Gillett,20,9,5,4,3,13,8,5,0,1,0,0
2024/25,11/05/2025,12:00,Newcastle,Chelsea,2,0,H,1,0,H,J Brooks,15,10,6,3,9,13,2,8,4,2,0,1
2024/25,11/05/2025,14:15,Nott'm Forest,Leicester,2,2,D,1,1,D,T Harrington,15,10,4,6,11,11,4,4,3,3,0,0
2024/25,11/05/2025,14:15,Tottenham,Crystal Palace,0,2,A,0,1,A,C Kavanagh,8,23,1,10,12,10,4,8,1,1,0,0
2024/25,16/05/2025,19:30,Aston Villa,Tottenham,2,0,H,0,0,D,P Bankes,18,3,7,1,5,12,9,1,1,2,0,0
2024/25,16/05/2025,20:15,Chelsea,Man United,1,0,H,0,0,D,C Kavanagh,11,4,3,1,10,14,7,2,1,6,0,0
2024/25,18/05/2025,16:30,Arsenal,Newcastle,1,0,H,0,0,D,S Hooper,12,14,4,5,9,9,10,7,3,3,0,0
2024/25,18/05/2025,15:00,Brentford,Fulham,2,3,A,2,1,H,J Gillett,11,16,6,7,12,8,5,3,4,4,0,0
2024/25,18/05/2025,12:00,Everton,Southampton,2,0,H,2,0,H,M Oliver,13,6,5,2,6,10,4,5,1,1,0,0
2024/25,18/05/2025,15:00,Leicester,Ipswich,2,0,H,1,0,H,A Kitchen,9,20,3,2,15,12,2,2,1,0,0,0
2024/25,18/05/2025,14:15,West Ham,Nott'm Forest,1,2,A,0,1,A,S Barrott,16,10,5,5,14,7,8,7,6,3,0,0
2024/25,19/05/2025,20:00,Brighton,Liverpool,3,2,H,1,2,A,J Brooks,25,18,12,5,9,8,3,3,1,0,0,0
2024/25,20/05/2025,20:00,Crystal Palace,Wolves,4,2,H,2,1,H,D Webb,14,12,10,3,14,8,0,10,1,2,0,0
2024/25,20/05/2025,20:00,Man City,Bournemouth,3,1,H,2,0,H,T Bramall,12,8,5,2,7,13,3,1,1,3,1,1
2024/25,25/05/2025,16:00,Bournemouth,Leicester,2,0,H,0,0,D,L Smith,20,3,7,0,19,16,6,1,0,2,0,0
2024/25,25/05/2025,16:00,Fulham,Man City,0,2,A,0,1,A,A Madley,13,20,3,5,11,5,1,6,0,0,0,0
2024/25,25/05/2025,16:00,Ipswich,West Ham,1,3,A,0,1,A,T Robinson,14,10,4,6,10,9,4,0,1,1,0,0
2024/25,25/05/2025,16:00,Liverpool,Crystal Palace,1,1,D,0,1,A,D England,14,8,3,5,7,10,11,0,1,0,1,0
2024/25,25/05/2025,16:00,Man United,Aston Villa,2,0,H,0,0,D,T Bramall,25,6,10,1,10,10,4,3,2,2,0,1
2024/25,25/05/2025,16:00,Newcastle,Everton,0,1,A,0,0,D,T Harrington,17,14,6,6,12,9,12,3,1,4,0,0
2024/25,25/05/2025,16:00,Nott'm Forest,Chelsea,0,1,A,0,0,D,A Taylor,10,6,2,2,10,11,7,4,2,2,0,0
2024/25,25/05/2025,16:00,Southampton,Arsenal,1,2,A,0,1,A,D Bond,7,23,2,8,7,8,5,8,0,0,0,0
2024/25,25/05/2025,16:00,Tottenham,Brighton,1,4,A,1,0,H,R Jones,4,23,2,8,13,8,2,11,3,1,0,0
2024/25,25/05/2025,16:00,Wolves,Brentford,1,1,D,0,1,A,C Pawson,18,13,6,7,7,9,8,3,2,1,0,0
2025/26,15/08/2025,20:00,Liverpool,Bournemouth,4,2,H,1,0,H,A Taylor,19,10,10,3,7,10,6,7,1,2,0,0
2025/26,16/08/2025,12:30,Aston Villa,Newcastle,0,0,D,0,0,D,C Pawson,3,16,3,3,13,11,3,6,1,1,1,0
2025/26,16/08/2025,15:00,Brighton,Fulham,1,1,D,0,0,D,S Barrott,10,7,4,2,16,15,4,3,3,3,0,0
2025/26,16/08/2025,15:00,Sunderland,West Ham,3,0,H,0,0,D,R Jones,10,12,5,4,8,10,5,7,0,1,0,0
2025/26,16/08/2025,15:00,Tottenham,Burnley,3,0,H,1,0,H,M Oliver,16,14,6,4,14,8,6,5,0,0,0,0
2025/26,16/08/2025,17:30,Wolves,Man City,0,4,A,0,2,A,J Gillett,9,15,3,4,13,7,4,6,1,2,0,0
2025/26,17/08/2025,14:00,Chelsea,Crystal Palace,0,0,D,0,0,D,D England,19,12,3,4,10,12,11,2,2,3,0,0
2025/26,17/08/2025,16:30,Man United,Arsenal,0,1,A,0,1,A,S Hooper,22,9,7,3,10,19,3,4,1,4,0,0
2025/26,17/08/2025,14:00,Nott'm Forest,Brentford,3,1,H,3,0,H,P Bankes,11,10,5,3,7,15,5,5,1,2,0,0
2025/26,18/08/2025,20:00,Leeds,Everton,1,0,H,0,0,D,C Kavanagh,21,7,3,1,6,8,7,2,0,2,0,0
2025/26,22/08/2025,20:00,West Ham,Chelsea,1,5,A,1,3,A,M Oliver,12,12,4,7,7,10,7,5,0,1,0,0
2025/26,23/08/2025,17:30,Arsenal,Leeds,5,0,H,2,0,H,J Gillett,18,3,5,1,8,11,2,2,0,2,0,0
2025/26,23/08/2025,15:00,Bournemouth,Wolves,1,0,H,1,0,H,T Bramall,14,6,4,1,13,16,8,3,2,4,0,1
2025/26,23/08/2025,15:00,Brentford,Aston Villa,1,0,H,1,0,H,T Harrington,9,17,2,2,11,9,2,9,1,2,0,0
2025/26,23/08/2025,15:00,Burnley,Sunderland,2,0,H,0,0,D,M Salisbury,7,9,2,1,9,5,4,3,0,1,0,0
2025/26,23/08/2025,12:30,Man City,Tottenham,0,2,A,0,2,A,P Bankes,10,12,4,5,7,12,7,2,1,4,0,0
2025/26,24/08/2025,14:00,Crystal Palace,Nott'm Forest,1,1,D,1,0,H,A Taylor,8,9,4,1,11,11,1,3,3,3,0,0
2025/26,24/08/2025,14:00,Everton,Brighton,2,0,H,1,0,H,S Attwell,11,13,3,4,7,15,2,2,4,3,0,0
2025/26,24/08/2025,16:30,Fulham,Man United,1,1,D,0,0,D,C Kavanagh,13,10,4,3,12,10,9,6,1,1,0,0
2025/26,25/08/2025,20:00,Newcastle,Liverpool,2,3,A,0,1,A,S Hooper,10,5,3,4,17,15,7,1,2,3,1,0
2025/26,30/08/2025,12:30,Chelsea,Fulham,2,0,H,1,0,H,R Jones,13,11,6,3,11,17,6,4,2,2,0,0
2025/26,30/08/2025,17:30,Leeds,Newcastle,0,0,D,0,0,D,P Bankes,10,8,1,2,10,15,5,5,1,1,0,0
2025/26,30/08/2025,15:00,Man United,Burnley,3,2,H,1,0,H,S Barrott,26,6,6,3,9,9,7,1,1,5,0,0
2025/26,30/08/2025,15:00,Sunderland,Brentford,2,1,H,0,0,D,A Taylor,12,7,3,4,11,12,3,4,3,2,0,0
2025/26,30/08/2025,15:00,Tottenham,Bournemouth,0,1,A,0,1,A,S Hooper,5,20,1,6,17,13,0,8,2,4,0,0
2025/26,30/08/2025,15:00,Wolves,Everton,2,3,A,1,2,A,M Oliver,12,10,4,4,15,10,2,2,0,1,0,0
2025/26,31/08/2025,19:00,Aston Villa,Crystal Palace,0,3,A,0,1,A,S Attwell,13,6,4,4,7,14,10,1,2,3,0,0
2025/26,31/08/2025,14:00,Brighton,Man City,2,1,H,0,1,A,D England,12,12,7,3,16,14,3,2,2,2,0,0
2025/26,31/08/2025,16:30,Liverpool,Arsenal,1,0,H,0,0,D,C Kavanagh,9,11,3,1,7,10,3,8,2,2,0,0
2025/26,31/08/2025,14:00,Nott'm Forest,West Ham,0,3,A,0,0,D,C Pawson,11,12,3,8,14,6,9,7,0,0,0,0
2025/26,13/09/2025,12:30,Arsenal,Nott'm Forest,3,0,H,1,0,H,D England,16,5,5,1,8,11,8,4,1,1,0,0
2025/26,13/09/2025,15:00,Bournemouth,Brighton,2,1,H,1,0,H,P Bankes,13,6,5,2,16,10,4,4,4,4,0,0
2025/26,13/09/2025,20:00,Brentford,Chelsea,2,2,D,1,0,H,S Attwell,7,16,4,6,13,9,5,6,3,2,0,0
2025/26,13/09/2025,15:00,Crystal Palace,Sunderland,0,0,D,0,0,D,T Bramall,14,6,6,0,10,8,5,3,1,1,0,0
2025/26,13/09/2025,15:00,Everton,Aston Villa,0,0,D,0,0,D,S Hooper,20,7,2,1,17,15,10,3,3,3,0,0
2025/26,13/09/2025,15:00,Fulham,Leeds,1,0,H,0,0,D,C Pawson,5,10,3,3,20,15,3,3,1,2,0,0
2025/26,13/09/2025,15:00,Newcastle,Wolves,1,0,H,1,0,H,C Kavanagh,16,8,4,3,10,17,10,4,1,4,0,0
2025/26,13/09/2025,17:30,West Ham,Tottenham,0,3,A,0,0,D,J Gillett,7,14,4,5,8,7,2,13,0,1,1,0
2025/26,14/09/2025,14:00,Burnley,Liverpool,0,1,A,0,0,D,M Oliver,3,27,0,4,9,9,1,13,0,2,0,0
2025/26,14/09/2025,16:30,Man City,Man United,3,0,H,1,0,H,A Taylor,13,12,6,2,8,8,2,4,0,0,0,0
2025/26,20/09/2025,15:00,Brighton,Tottenham,2,2,D,2,1,H,C Kavanagh,12,11,4,3,10,13,2,10,1,2,0,0
2025/26,20/09/2025,15:00,Burnley,Nott'm Forest,1,1,D,1,1,D,T Bramall,12,17,5,8,12,11,4,5,1,1,0,0
2025/26,20/09/2025,20:00,Fulham,Brentford,3,1,H,2,1,H,M Oliver,14,8,3,3,11,13,2,10,4,1,0,0
2025/26,20/09/2025,12:30,Liverpool,Everton,2,1,H,2,0,H,D England,11,9,3,2,11,10,5,4,2,3,0,0
2025/26,20/09/2025,17:30,Man United,Chelsea,2,1,H,2,0,H,P Bankes,11,5,4,1,13,14,5,5,0,5,1,1
2025/26,20/09/2025,15:00,West Ham,Crystal Palace,1,2,A,0,1,A,T Harrington,8,18,3,3,15,5,8,8,3,3,0,0
2025/26,20/09/2025,15:00,Wolves,Leeds,1,3,A,1,3,A,A Taylor,16,6,6,4,11,9,4,0,1,1,0,0
2025/26,21/09/2025,16:30,Arsenal,Man City,1,1,D,0,1,A,S Attwell,12,5,3,3,11,10,11,2,1,2,0,0
2025/26,21/09/2025,14:00,Bournemouth,Newcastle,0,0,D,0,0,D,R Jones,11,4,2,1,7,10,5,2,2,1,0,0
2025/26,21/09/2025,14:00,Sunderland,Aston Villa,1,1,D,0,0,D,S Barrott,14,12,4,2,14,8,6,5,2,1,1,0
2025/26,27/09/2025,12:30,Brentford,Man United,3,1,H,2,1,H,C Pawson,10,14,8,6,14,10,4,2,2,2,0,0
2025/26,27/09/2025,15:00,Chelsea,Brighton,1,3,A,1,0,H,S Hooper,13,12,3,3,9,16,5,7,3,5,1,0
2025/26,27/09/2025,15:00,Crystal Palace,Liverpool,2,1,H,1,0,H,C Kavanagh,16,20,7,4,10,8,2,6,1,3,0,0
2025/26,27/09/2025,15:00,Leeds,Bournemouth,2,2,D,1,1,D,M Oliver,19,12,8,5,12,13,7,4,2,2,0,0
2025/26,27/09/2025,15:00,Man City,Burnley,5,1,H,1,1,D,R Jones,21,9,8,2,5,7,10,2,1,3,0,0
2025/26,27/09/2025,17:30,Nott'm Forest,Sunderland,0,1,A,0,1,A,T Harrington,22,11,6,3,11,6,7,4,4,2,0,0
2025/26,27/09/2025,20:00,Tottenham,Wolves,1,1,D,0,0,D,M Salisbury,10,9,3,3,9,11,10,9,3,2,0,0
2025/26,28/09/2025,14:00,Aston Villa,Fulham,3,1,H,1,1,D,A Madley,9,11,4,4,10,13,2,8,1,4,0,0
2025/26,28/09/2025,16:30,Newcastle,Arsenal,1,2,A,1,0,H,J Gillett,8,20,3,7,8,9,7,12,2,1,0,0
2025/26,29/09/2025,20:00,Everton,West Ham,1,1,D,1,0,H,S Barrott,12,14,6,3,7,16,3,5,3,4,0,0
2025/26,03/10/2025,20:00,Bournemouth,Fulham,3,1,H,0,0,D,S Hooper,11,12,6,4,8,10,4,3,0,1,0,0
2025/26,04/10/2025,15:00,Arsenal,West Ham,2,0,H,1,0,H,J Brooks,21,4,5,0,14,14,8,3,0,2,0,0
2025/26,04/10/2025,17:30,Chelsea,Liverpool,2,1,H,1,0,H,A Taylor,12,12,6,2,9,8,7,2,0,2,0,0
2025/26,04/10/2025,12:30,Leeds,Tottenham,1,2,A,1,1,D,T Bramall,16,9,4,3,10,12,4,1,2,3,0,0
2025/26,04/10/2025,15:00,Man United,Sunderland,2,0,H,2,0,H,S Attwell,15,8,6,3,10,12,2,3,1,4,0,0
2025/26,05/10/2025,14:00,Aston Villa,Burnley,2,1,H,1,0,H,A Kitchen,15,5,7,2,9,15,6,4,3,1,0,0
2025/26,05/10/2025,16:30,Brentford,Man City,0,1,A,0,1,A,D England,6,10,1,4,10,6,3,2,3,2,0,0
2025/26,05/10/2025,14:00,Everton,Crystal Palace,2,1,H,0,1,A,M Salisbury,14,15,7,8,13,16,2,4,2,3,0,0
2025/26,05/10/2025,14:00,Newcastle,Nott'm Forest,2,0,H,0,0,D,P Bankes,18,5,9,4,16,15,8,1,0,4,0,0
2025/26,05/10/2025,14:00,Wolves,Brighton,1,1,D,1,0,H,J Gillett,6,17,3,6,13,9,2,8,2,4,0,0
2025/26,18/10/2025,15:00,Brighton,Newcastle,2,1,H,1,0,H,C Pawson,13,16,5,3,9,9,8,4,0,1,0,0
2025/26,18/10/2025,15:00,Burnley,Leeds,2,0,H,1,0,H,T Robinson,4,19,3,4,10,7,1,5,2,1,0,0
2025/26,18/10/2025,15:00,Crystal Palace,Bournemouth,3,3,D,0,2,A,J Gillett,20,8,7,5,8,16,6,5,1,4,0,0
2025/26,18/10/2025,17:30,Fulham,Arsenal,0,1,A,0,0,D,A Taylor,9,16,0,5,11,4,6,10,0,0,0,0
2025/26,18/10/2025,15:00,Man City,Everton,2,0,H,0,0,D,T Harrington,19,5,7,1,8,14,11,3,0,2,0,0
2025/26,18/10/2025,12:30,Nott'm Forest,Chelsea,0,3,A,0,0,D,C Kavanagh,12,17,2,6,13,16,5,2,2,2,0,1
2025/26,18/10/2025,15:00,Sunderland,Wolves,2,0,H,1,0,H,R Jones,8,16,2,3,5,12,3,2,0,0,0,0
2025/26,19/10/2025,16:30,Liverpool,Man United,1,2,A,0,1,A,M Oliver,19,12,6,4,8,14,9,4,0,2,0,0
2025/26,19/10/2025,14:00,Tottenham,Aston Villa,1,2,A,1,1,D,S Hooper,9,8,3,2,11,7,6,6,2,0,0,0
2025/26,20/10/2025,20:00,West Ham,Brentford,0,2,A,0,1,A,A Madley,7,22,1,7,10,10,6,10,1,1,0,0
2025/26,24/10/2025,20:00,Leeds,West Ham,2,1,H,2,0,H,S Attwell,13,9,5,3,12,11,3,4,3,3,0,0
2025/26,25/10/2025,20:00,Brentford,Liverpool,3,2,H,2,1,H,S Hooper,17,18,8,5,7,10,5,4,3,2,0,0
2025/26,25/10/2025,15:00,Chelsea,Sunderland,1,2,A,1,1,D,A Madley,16,10,7,4,15,13,9,1,1,1,0,0
2025/26,25/10/2025,17:30,Man United,Brighton,4,2,H,2,0,H,A Taylor,13,17,9,5,4,13,1,6,2,2,0,0
2025/26,25/10/2025,15:00,Newcastle,Fulham,2,1,H,1,0,H,P Bankes,18,12,7,5,11,18,4,3,0,2,0,0
2025/26,26/10/2025,14:00,Arsenal,Crystal Palace,1,0,H,1,0,H,T Bramall,10,7,3,1,6,11,4,3,0,0,0,0
2025/26,26/10/2025,14:00,Aston Villa,Man City,1,0,H,1,0,H,M Oliver,9,18,3,4,8,16,5,6,1,4,0,0
2025/26,26/10/2025,14:00,Bournemouth,Nott'm Forest,2,0,H,2,0,H,S Barrott,13,8,5,4,17,7,6,4,3,1,0,0
2025/26,26/10/2025,16:30,Everton,Tottenham,0,3,A,0,2,A,C Pawson,12,7,2,4,9,8,9,8,2,0,0,0
2025/26,26/10/2025,14:00,Wolves,Burnley,2,3,A,2,2,D,T Harrington,15,11,7,7,12,7,5,3,1,0,0,0
2025/26,01/11/2025,15:00,Brighton,Leeds,3,0,H,1,0,H,M Oliver,14,5,7,2,10,7,4,7,0,1,0,0
2025/26,01/11/2025,15:00,Burnley,Arsenal,0,2,A,0,2,A,C Kavanagh,3,12,0,8,10,13,1,6,2,1,0,0
2025/26,01/11/2025,15:00,Crystal Palace,Brentford,2,0,H,1,0,H,P Bankes,9,6,2,2,7,11,6,5,0,3,0,0
2025/26,01/11/2025,15:00,Fulham,Wolves,3,0,H,1,0,H,J Brooks,19,5,6,2,13,14,10,1,1,3,0,1
2025/26,01/11/2025,20:00,Liverpool,Aston Villa,2,0,H,1,0,H,S Attwell,16,10,4,3,13,11,1,4,2,3,0,0
2025/26,01/11/2025,15:00,Nott'm Forest,Man United,2,2,D,0,1,A,D England,17,18,3,7,10,7,8,5,1,1,0,0
2025/26,01/11/2025,17:30,Tottenham,Chelsea,0,1,A,0,1,A,J Gillett,3,15,1,9,14,12,6,5,4,2,0,0
2025/26,02/11/2025,16:30,Man City,Bournemouth,3,1,H,2,1,H,A Taylor,15,8,8,5,8,11,10,4,2,2,0,0
2025/26,02/11/2025,14:00,West Ham,Newcastle,3,1,H,2,1,H,R Jones,15,12,9,4,5,10,7,6,1,2,0,0
2025/26,03/11/2025,20:00,Sunderland,Everton,1,1,D,0,1,A,T Bramall,17,8,3,2,10,12,4,1,3,2,0,0
2025/26,08/11/2025,20:00,Chelsea,Wolves,3,0,H,0,0,D,A Kitchen,20,3,8,0,12,14,10,1,1,2,0,0
2025/26,08/11/2025,15:00,Everton,Fulham,2,0,H,1,0,H,A Madley,14,8,5,4,11,14,7,5,2,2,0,0
2025/26,08/11/2025,17:30,Sunderland,Arsenal,2,2,D,1,0,H,C Pawson,6,17,2,7,13,13,2,2,2,1,0,0
2025/26,08/11/2025,12:30,Tottenham,Man United,2,2,D,0,1,A,S Barrott,10,5,4,2,10,8,5,3,5,1,0,0
2025/26,08/11/2025,15:00,West Ham,Burnley,3,2,H,1,1,D,M Salisbury,15,16,6,7,15,13,7,4,2,2,0,0
2025/26,09/11/2025,14:00,Aston Villa,Bournemouth,4,0,H,2,0,H,J Brooks,16,13,8,4,8,20,6,9,2,2,0,0
2025/26,09/11/2025,14:00,Brentford,Newcastle,3,1,H,0,1,A,S Attwell,15,5,7,1,10,13,6,2,2,1,0,0
2025/26,09/11/2025,14:00,Crystal Palace,Brighton,0,0,D,0,0,D,T Robinson,10,7,2,3,10,12,4,8,1,4,0,0
2025/26,09/11/2025,16:30,Man City,Liverpool,3,0,H,2,0,H,C Kavanagh,14,7,6,1,14,15,7,7,2,4,0,0
2025/26,09/11/2025,14:00,Nott'm Forest,Leeds,3,1,H,1,1,D,J Gillett,14,10,6,3,10,11,6,4,2,1,0,0
2025/26,22/11/2025,15:00,Bournemouth,West Ham,2,2,D,0,2,A,T Bramall,28,5,10,2,9,10,9,2,3,2,0,0
2025/26,22/11/2025,15:00,Brighton,Brentford,2,1,H,0,1,A,C Kavanagh,14,10,5,4,10,9,7,4,4,2,0,0
2025/26,22/11/2025,12:30,Burnley,Chelsea,0,2,A,0,1,A,P Bankes,8,15,2,5,13,8,1,9,2,3,0,0
2025/26,22/11/2025,15:00,Fulham,Sunderland,1,0,H,0,0,D,D England,24,4,6,2,5,13,7,4,3,3,0,0
2025/26,22/11/2025,15:00,Liverpool,Nott'm Forest,0,3,A,0,1,A,A Madley,21,15,4,7,11,8,8,6,2,0,0,0
2025/26,22/11/2025,17:30,Newcastle,Man City,2,1,H,0,0,D,S Barrott,9,17,5,4,13,8,5,9,1,3,0,0
2025/26,22/11/2025,15:00,Wolves,Crystal Palace,0,2,A,0,0,D,A Taylor,8,10,1,4,13,9,1,4,2,3,0,0
2025/26,23/11/2025,16:30,Arsenal,Tottenham,4,1,H,2,0,H,M Oliver,17,3,8,2,11,15,4,1,1,3,0,0
2025/26,23/11/2025,14:00,Leeds,Aston Villa,1,2,A,1,0,H,R Jones,14,14,5,3,18,16,3,3,5,1,0,0
2025/26,24/11/2025,20:00,Man United,Everton,0,1,A,0,1,A,T Harrington,25,3,6,1,12,9,9,1,2,0,0,1
2025/26,29/11/2025,15:00,Brentford,Burnley,3,1,H,0,0,D,S Barrott,14,6,4,2,7,7,5,6,0,2,0,0
2025/26,29/11/2025,17:30,Everton,Newcastle,1,4,A,0,3,A,C Pawson,10,13,2,8,4,6,8,7,0,0,0,0
2025/26,29/11/2025,15:00,Man City,Leeds,3,2,H,2,0,H,P Bankes,18,9,9,4,17,11,8,1,4,1,0,0
2025/26,29/11/2025,15:00,Sunderland,Bournemouth,3,2,H,1,2,A,T Robinson,12,18,6,6,14,13,6,3,5,5,0,1
2025/26,29/11/2025,20:00,Tottenham,Fulham,1,2,A,0,2,A,S Attwell,14,7,2,3,11,7,8,2,3,2,0,0
2025/26,30/11/2025,14:05,Aston Villa,Wolves,1,0,H,0,0,D,C Kavanagh,16,9,6,4,13,21,7,3,0,4,0,0
2025/26,30/11/2025,16:30,Chelsea,Arsenal,1,1,D,0,0,D,A Taylor,11,8,4,4,12,13,3,3,1,6,1,0
2025/26,30/11/2025,12:00,Crystal Palace,Man United,1,2,A,1,0,H,R Jones,14,14,3,6,14,14,4,4,3,2,0,0
2025/26,30/11/2025,14:05,Nott'm Forest,Brighton,0,2,A,0,1,A,M Oliver,19,17,3,6,11,10,9,2,0,1,0,0
2025/26,30/11/2025,14:05,West Ham,Liverpool,0,2,A,0,0,D,D England,7,9,0,5,12,14,7,2,1,0,1,0
2025/26,02/12/2025,19:30,Bournemouth,Everton,0,1,A,0,0,D,M Salisbury,5,13,2,3,14,14,1,6,3,3,0,0
2025/26,02/12/2025,19:30,Fulham,Man City,4,5,A,1,3,A,C Pawson,12,11,6,4,9,7,7,2,0,1,0,0
2025/26,02/12/2025,20:15,Newcastle,Tottenham,2,2,D,0,0,D,T Bramall,19,8,7,2,5,12,11,8,0,3,0,0
2025/26,03/12/2025,19:30,Arsenal,Brentford,2,0,H,1,0,H,T Harrington,15,6,7,1,7,9,4,8,0,1,0,0
2025/26,03/12/2025,19:30,Brighton,Aston Villa,3,4,A,2,2,D,A Madley,16,14,7,10,10,9,5,6,2,2,0,0
2025/26,03/12/2025,19:30,Burnley,Crystal Palace,0,1,A,0,1,A,T Kirk,11,3,4,3,9,8,3,4,0,0,0,0
2025/26,03/12/2025,20:15,Leeds,Chelsea,3,1,H,2,0,H,D England,17,14,5,2,10,13,4,2,1,1,0,0
2025/26,03/12/2025,20:15,Liverpool,Sunderland,1,1,D,0,0,D,S Attwell,23,9,4,6,10,5,7,3,1,1,0,0
2025/26,03/12/2025,19:30,Wolves,Nott'm Forest,0,1,A,0,0,D,T Robinson,5,10,1,3,19,11,3,9,2,2,0,0
2025/26,04/12/2025,20:00,Man United,West Ham,1,1,D,0,0,D,A Kitchen,17,11,4,3,13,9,6,6,2,2,0,0
2025/26,06/12/2025,12:30,Aston Villa,Arsenal,2,1,H,1,0,H,P Bankes,15,15,6,9,10,8,3,3,0,2,0,0
2025/26,06/12/2025,15:00,Bournemouth,Chelsea,0,0,D,0,0,D,M Oliver,13,11,5,4,15,13,5,0,0,2,0,0
2025/26,06/12/2025,15:00,Everton,Nott'm Forest,3,0,H,2,0,H,C Kavanagh,11,7,5,3,17,15,6,3,4,3,0,0
2025/26,06/12/2025,17:30,Leeds,Liverpool,3,3,D,0,0,D,A Taylor,12,16,5,7,14,14,5,4,3,3,0,0
2025/26,06/12/2025,15:00,Man City,Sunderland,3,0,H,2,0,H,A Madley,18,8,6,1,9,10,6,5,1,0,0,1
2025/26,06/12/2025,15:00,Newcastle,Burnley,2,1,H,2,0,H,S Attwell,17,9,7,3,9,11,9,9,2,2,0,1
2025/26,06/12/2025,15:00,Tottenham,Brentford,2,0,H,2,0,H,R Jones,15,4,7,1,8,9,7,6,3,4,0,0
2025/26,07/12/2025,14:00,Brighton,West Ham,1,1,D,0,0,D,S Hooper,22,14,4,5,12,8,10,6,2,2,0,0
2025/26,07/12/2025,16:30,Fulham,Crystal Palace,1,2,A,1,1,D,S Barrott,12,11,4,5,5,8,6,4,0,0,0,0
2025/26,08/12/2025,20:00,Wolves,Man United,1,4,A,1,1,D,M Salisbury,8,27,2,10,17,12,1,9,3,2,0,0
2025/26,13/12/2025,20:00,Arsenal,Wolves,2,1,H,0,0,D,R Jones,16,3,2,2,7,15,8,0,0,4,0,0
2025/26,13/12/2025,17:30,Burnley,Fulham,2,3,A,1,2,A,M Oliver,16,6,8,4,8,8,10,4,1,2,0,0
2025/26,13/12/2025,15:00,Chelsea,Everton,2,0,H,2,0,H,T Bramall,17,11,5,2,13,11,4,7,1,0,0,0
2025/26,13/12/2025,15:00,Liverpool,Brighton,2,0,H,1,0,H,C Pawson,18,14,4,1,8,15,2,2,1,2,0,0
2025/26,14/12/2025,16:30,Brentford,Leeds,1,1,D,0,0,D,J Brooks,7,18,2,4,8,9,0,3,0,0,0,0
2025/26,14/12/2025,14:00,Crystal Palace,Man City,0,3,A,0,1,A,D England,16,7,4,6,9,6,2,2,2,0,0,0
2025/26,14/12/2025,14:00,Nott'm Forest,Tottenham,3,0,H,1,0,H,S Barrott,15,6,6,1,9,13,3,3,1,3,0,0
2025/26,14/12/2025,14:00,Sunderland,Newcastle,1,0,H,0,0,D,P Bankes,5,6,1,2,10,10,3,6,5,4,0,0
2025/26,14/12/2025,14:00,West Ham,Aston Villa,2,3,A,2,1,H,A Taylor,10,7,3,4,18,13,5,3,1,2,0,0
2025/26,15/12/2025,20:00,Man United,Bournemouth,4,4,D,2,1,H,S Hooper,25,14,9,9,15,12,5,4,2,3,0,0
2025/26,20/12/2025,15:00,Bournemouth,Burnley,1,1,D,0,0,D,C Kavanagh,16,4,1,1,11,11,5,3,1,1,0,0
2025/26,20/12/2025,15:00,Brighton,Sunderland,0,0,D,0,0,D,D England,16,14,4,6,11,15,3,4,2,2,0,0
2025/26,20/12/2025,20:00,Everton,Arsenal,0,1,A,0,1,A,S Barrott,5,13,1,2,4,5,2,3,2,2,0,0
2025/26,20/12/2025,20:00,Leeds,Crystal Palace,4,1,H,2,0,H,T Bramall,20,9,8,3,5,10,9,5,1,3,0,0
2025/26,20/12/2025,15:00,Man City,West Ham,3,0,H,2,0,H,P Tierney,17,7,8,3,16,10,6,0,1,1,0,0
2025/26,20/12/2025,12:30,Newcastle,Chelsea,2,2,D,2,0,H,A Madley,11,13,5,4,13,14,6,4,3,6,0,0
2025/26,20/12/2025,17:30,Tottenham,Liverpool,1,2,A,0,0,D,J Brooks,15,8,4,4,9,7,2,6,3,3,2,0
2025/26,20/12/2025,15:00,Wolves,Brentford,0,2,A,0,0,D,M Donohue,9,7,2,6,12,15,3,4,2,4,0,0
2025/26,21/12/2025,16:30,Aston Villa,Man United,2,1,H,1,1,D,M Oliver,12,15,4,6,11,14,5,5,1,2,0,0
2025/26,22/12/2025,20:00,Fulham,Nott'm Forest,1,0,H,1,0,H,A Taylor,11,12,1,2,5,9,1,5,5,4,0,0
2025/26,26/12/2025,20:00,Man United,Newcastle,1,0,H,1,0,H,A Taylor,10,16,4,3,9,5,2,11,2,1,0,0
2025/26,27/12/2025,15:00,Arsenal,Brighton,2,1,H,1,0,H,J Brooks,24,8,6,3,7,13,7,2,2,3,0,0
2025/26,27/12/2025,15:00,Brentford,Bournemouth,4,1,H,2,0,H,P Bankes,15,20,7,10,9,8,2,15,2,2,0,0
2025/26,27/12/2025,15:00,Burnley,Everton,0,0,D,0,0,D,C Pawson,16,15,0,6,8,8,6,5,0,2,0,0
2025/26,27/12/2025,17:30,Chelsea,Aston Villa,1,2,A,1,0,H,S Attwell,14,11,3,8,16,8,6,7,5,3,0,0
2025/26,27/12/2025,15:00,Liverpool,Wolves,2,1,H,2,0,H,S Hooper,14,9,4,4,5,13,6,4,0,1,0,0
2025/26,27/12/2025,12:30,Nott'm Forest,Man City,1,2,A,0,0,D,R Jones,7,16,2,5,5,13,5,5,1,2,0,0
2025/26,27/12/2025,15:00,West Ham,Fulham,0,1,A,0,0,D,C Kavanagh,11,15,2,4,8,8,5,4,1,3,0,0
2025/26,28/12/2025,16:30,Crystal Palace,Tottenham,0,1,A,0,1,A,J Gillett,15,8,2,4,7,5,3,2,3,2,0,0
2025/26,28/12/2025,14:00,Sunderland,Leeds,1,1,D,1,0,H,T Harrington,8,17,3,6,7,9,3,9,1,0,0,0
2025/26,30/12/2025,20:15,Arsenal,Aston Villa,4,1,H,0,0,D,D England,22,11,7,3,18,9,3,3,2,3,0,0
2025/26,30/12/2025,19:30,Burnley,Newcastle,1,3,A,1,2,A,R Jones,15,20,4,9,9,3,3,4,2,1,0,0
2025/26,30/12/2025,19:30,Chelsea,Bournemouth,2,2,D,2,2,D,S Barrott,17,17,3,6,5,12,12,3,1,1,0,0
2025/26,30/12/2025,20:15,Man United,Wolves,1,1,D,1,1,D,T Bramall,15,11,6,4,9,12,8,4,0,2,0,0
2025/26,30/12/2025,19:30,Nott'm Forest,Everton,0,2,A,0,1,A,M Oliver,21,11,6,3,11,9,9,2,1,0,0,0
2025/26,30/12/2025,19:30,West Ham,Brighton,2,2,D,2,1,H,M Salisbury,10,16,4,6,11,18,5,5,3,5,0,0
2025/26,01/01/2026,20:00,Brentford,Tottenham,0,0,D,0,0,D,A Madley,7,9,2,3,8,10,3,1,1,2,0,0
2025/26,01/01/2026,17:30,Crystal Palace,Fulham,1,1,D,1,0,H,T Harrington,11,17,2,5,7,10,6,3,0,5,0,0
2025/26,01/01/2026,17:30,Liverpool,Leeds,0,0,D,0,0,D,C Kavanagh,19,4,4,2,10,8,8,3,0,2,0,0
2025/26,01/01/2026,20:00,Sunderland,Man City,0,0,D,0,0,D,J Gillett,10,14,4,4,9,6,3,5,1,1,0,0
2025/26,03/01/2026,12:30,Aston Villa,Nott'm Forest,3,1,H,1,0,H,S Hooper,11,10,4,5,10,20,4,4,1,2,0,0
2025/26,03/01/2026,17:30,Bournemouth,Arsenal,2,3,A,1,1,D,C Kavanagh,15,12,3,5,13,8,7,5,3,1,0,0
2025/26,03/01/2026,15:00,Brighton,Burnley,2,0,H,1,0,H,T Robinson,15,5,4,3,7,17,4,4,0,4,0,0
2025/26,03/01/2026,15:00,Wolves,West Ham,3,0,H,3,0,H,P Bankes,11,6,8,0,11,10,6,7,1,0,0,0
2025/26,04/01/2026,15:00,Everton,Brentford,2,4,A,0,1,A,A Taylor,14,11,6,7,9,8,4,5,0,2,0,0
2025/26,04/01/2026,15:15,Fulham,Liverpool,2,2,D,1,0,H,C Pawson,8,10,2,2,11,4,3,8,1,1,0,0
2025/26,04/01/2026,12:30,Leeds,Man United,1,1,D,0,0,D,J Gillett,11,15,3,2,9,9,6,4,0,1,0,0
2025/26,04/01/2026,17:30,Man City,Chelsea,1,1,D,1,0,H,M Oliver,14,8,3,3,12,14,8,2,3,3,0,0
2025/26,04/01/2026,15:00,Newcastle,Crystal Palace,2,0,H,0,0,D,J Brooks,12,11,7,1,5,12,8,6,1,3,0,0
2025/26,04/01/2026,15:00,Tottenham,Sunderland,1,1,D,1,0,H,S Attwell,13,10,5,3,10,6,3,5,2,3,0,0
2025/26,06/01/2026,20:00,West Ham,Nott'm Forest,1,2,A,1,0,H,T Harrington,14,13,3,5,15,9,6,5,3,0,0,0
2025/26,07/01/2026,19:30,Bournemouth,Tottenham,3,2,H,2,1,H,D England,11,16,3,4,19,10,3,7,3,3,0,0
2025/26,07/01/2026,19:30,Brentford,Sunderland,3,0,H,1,0,H,M Donohue,18,11,6,3,13,13,7,4,2,1,0,0
2025/26,07/01/2026,20:15,Burnley,Man United,2,2,D,1,0,H,S Attwell,7,30,1,10,9,8,2,6,2,0,0,0
2025/26,07/01/2026,19:30,Crystal Palace,Aston Villa,0,0,D,0,0,D,A Madley,11,15,5,3,8,3,3,5,2,0,0,0
2025/26,07/01/2026,19:30,Everton,Wolves,1,1,D,1,0,H,T Kirk,13,13,2,4,13,15,2,7,1,3,2,0
2025/26,07/01/2026,19:30,Fulham,Chelsea,2,1,H,0,0,D,P Bankes,16,14,5,6,11,6,2,11,3,3,0,1
2025/26,07/01/2026,19:30,Man City,Brighton,1,1,D,1,0,H,T Bramall,22,6,6,3,6,16,6,2,1,6,0,0
2025/26,07/01/2026,20:15,Newcastle,Leeds,4,3,H,1,2,A,M Salisbury,18,14,8,6,11,10,8,4,3,2,0,0
2025/26,08/01/2026,20:00,Arsenal,Liverpool,0,0,D,0,0,D,A Taylor,9,8,4,0,10,9,3,0,2,2,0,0
2025/26,17/01/2026,15:00,Chelsea,Brentford,2,0,H,1,0,H,J Brooks,6,15,2,5,7,10,3,9,3,2,0,0
2025/26,17/01/2026,15:00,Leeds,Fulham,1,0,H,0,0,D,C Kavanagh,14,8,5,1,6,11,7,3,1,5,0,0
2025/26,17/01/2026,15:00,Liverpool,Burnley,1,1,D,1,0,H,A Madley,32,7,11,1,8,10,9,1,1,2,0,0
2025/26,17/01/2026,12:30,Man United,Man City,2,0,H,0,0,D,A Taylor,11,7,7,1,13,8,1,6,2,3,0,0
2025/26,17/01/2026,17:30,Nott'm Forest,Arsenal,0,0,D,0,0,D,M Oliver,6,15,0,3,8,14,4,9,1,1,0,0
2025/26,17/01/2026,15:00,Sunderland,Crystal Palace,2,1,H,1,1,D,R Jones,13,6,7,2,8,15,3,4,3,3,0,0
2025/26,17/01/2026,15:00,Tottenham,West Ham,1,2,A,0,1,A,J Gillett,21,17,6,4,12,17,11,5,5,3,0,0
2025/26,18/01/2026,16:30,Aston Villa,Everton,0,1,A,0,0,D,T Harrington,18,9,5,3,15,13,6,4,1,2,0,0
2025/26,18/01/2026,14:00,Wolves,Newcastle,0,0,D,0,0,D,S Barrott,6,12,2,2,14,8,4,7,2,2,0,0
2025/26,19/01/2026,20:00,Brighton,Bournemouth,1,1,D,0,1,A,P Tierney,17,11,5,2,7,6,11,6,2,3,0,0
2025/26,24/01/2026,17:30,Bournemouth,Liverpool,3,2,H,2,1,H,M Salisbury,12,14,5,4,7,7,3,11,1,1,0,0
2025/26,24/01/2026,15:00,Burnley,Tottenham,2,2,D,1,1,D,P Bankes,9,18,4,11,8,9,1,3,1,0,0,0
2025/26,24/01/2026,15:00,Fulham,Brighton,2,1,H,0,1,A,M Oliver,12,13,4,5,10,6,6,6,1,1,0,0
2025/26,24/01/2026,15:00,Man City,Wolves,2,0,H,2,0,H,F Hallam,11,11,4,1,16,14,4,6,1,3,0,0
2025/26,24/01/2026,12:30,West Ham,Sunderland,3,1,H,3,0,H,T Bramall,13,7,5,2,9,16,3,3,2,4,0,0
2025/26,25/01/2026,16:30,Arsenal,Man United,2,3,A,1,1,D,C Pawson,15,10,4,3,11,9,9,2,2,0,0,0
2025/26,25/01/2026,14:00,Brentford,Nott'm Forest,0,2,A,0,1,A,S Barrott,10,7,1,2,11,10,6,5,1,0,0,0
2025/26,25/01/2026,14:00,Crystal Palace,Chelsea,1,3,A,0,1,A,D England,13,10,7,6,11,10,4,5,2,2,1,0
2025/26,25/01/2026,14:00,Newcastle,Aston Villa,0,2,A,0,1,A,J Gillett,15,14,4,8,7,12,6,5,1,2,0,0
2025/26,26/01/2026,20:00,Everton,Leeds,1,1,D,0,1,A,S Hooper,10,14,3,4,9,13,4,4,0,3,0,0
2025/26,31/01/2026,15:00,Brighton,Everton,1,1,D,0,0,D,C Kavanagh,11,7,2,4,13,14,5,2,1,2,0,0
2025/26,31/01/2026,17:30,Chelsea,West Ham,3,2,H,0,2,A,A Taylor,14,11,6,6,11,13,9,3,3,2,0,1
2025/26,31/01/2026,15:00,Leeds,Arsenal,0,4,A,0,2,A,S Attwell,3,14,1,8,10,7,4,12,1,1,0,0
2025/26,31/01/2026,20:00,Liverpool,Newcastle,4,1,H,2,1,H,S Hooper,17,8,7,2,11,7,7,11,1,3,0,0
2025/26,31/01/2026,15:00,Wolves,Bournemouth,0,2,A,0,1,A,M Oliver,17,9,7,4,11,15,5,6,3,3,0,0
2025/26,01/02/2026,14:00,Aston Villa,Brentford,0,1,A,0,1,A,T Robinson,27,6,5,2,8,8,12,1,0,3,0,0
2025/26,01/02/2026,14:00,Man United,Fulham,3,2,H,1,0,H,J Brooks,13,14,6,6,6,9,3,7,2,1,0,0
2025/26,01/02/2026,14:00,Nott'm Forest,Crystal Palace,1,1,D,1,1,D,M Salisbury,9,14,1,3,4,12,5,7,1,3,0,0
2025/26,01/02/2026,16:30,Tottenham,Man City,2,2,D,0,2,A,R Jones,12,15,6,3,15,12,3,4,3,3,0,0
2025/26,02/02/2026,20:00,Sunderland,Burnley,3,0,H,2,0,H,P Tierney,14,5,5,0,12,10,1,2,1,4,0,0
2025/26,06/02/2026,20:00,Leeds,Nott'm Forest,3,1,H,2,0,H,P Bankes,14,16,5,6,9,12,5,10,1,1,0,0
2025/26,07/02/2026,15:00,Arsenal,Sunderland,3,0,H,1,0,H,S Barrott,16,5,5,3,11,8,5,2,1,2,0,0
2025/26,07/02/2026,15:00,Bournemouth,Aston Villa,1,1,D,0,1,A,A Taylor,20,7,9,4,4,11,11,4,1,1,0,0
2025/26,07/02/2026,15:00,Burnley,West Ham,0,2,A,0,2,A,D England,18,6,5,4,11,10,5,2,3,1,0,0
2025/26,07/02/2026,15:00,Fulham,Everton,1,2,A,1,0,H,S Attwell,13,16,3,3,11,12,6,6,1,5,0,0
2025/26,07/02/2026,12:30,Man United,Tottenham,2,0,H,1,0,H,M Oliver,23,7,10,1,12,11,7,0,1,2,0,1
2025/26,07/02/2026,17:30,Newcastle,Brentford,2,3,A,1,2,A,A Madley,16,11,4,5,14,18,9,3,2,2,0,0
2025/26,07/02/2026,15:00,Wolves,Chelsea,1,3,A,0,3,A,J Gillett,11,15,3,6,9,10,3,4,1,1,0,0
2025/26,08/02/2026,14:00,Brighton,Crystal Palace,0,1,A,0,0,D,T Bramall,7,7,2,4,12,9,3,4,1,3,0,0
2025/26,08/02/2026,16:30,Liverpool,Man City,1,2,A,0,0,D,C Pawson,15,17,4,7,13,16,5,4,2,4,1,0
2025/26,10/02/2026,19:30,Chelsea,Leeds,2,2,D,1,0,H,R Jones,19,4,4,2,9,13,4,1,4,4,0,0
2025/26,10/02/2026,19:30,Everton,Bournemouth,1,2,A,1,0,H,A Madley,16,11,6,4,14,15,7,2,1,3,1,0
2025/26,10/02/2026,19:30,Tottenham,Newcastle,1,2,A,0,1,A,A Taylor,16,21,2,5,15,11,2,12,3,2,0,0
2025/26,10/02/2026,20:15,West Ham,Man United,1,1,D,0,0,D,S Hooper,7,9,3,3,10,4,5,3,1,1,0,0
2025/26,11/02/2026,19:30,Aston Villa,Brighton,1,0,H,0,0,D,P Bankes,15,9,1,3,9,15,7,5,2,3,0,0
2025/26,11/02/2026,19:30,Crystal Palace,Burnley,2,3,A,2,3,A,F Hallam,21,8,3,3,11,8,8,2,2,1,0,0
2025/26,11/02/2026,19:30,Man City,Fulham,3,0,H,3,0,H,P Tierney,13,14,5,3,8,10,4,4,3,1,0,0
2025/26,11/02/2026,19:30,Nott'm Forest,Wolves,0,0,D,0,0,D,T Robinson,35,7,10,3,12,13,8,2,0,2,0,0
2025/26,11/02/2026,20:15,Sunderland,Liverpool,0,1,A,0,0,D,C Kavanagh,11,23,2,3,8,10,3,11,1,0,0,0
2025/26,12/02/2026,20:00,Brentford,Arsenal,1,1,D,0,0,D,J Brooks,12,7,3,2,12,11,6,4,3,2,0,0
2025/26,18/02/2026,20:00,Wolves,Arsenal,2,2,D,0,1,A,P Tierney,5,10,2,4,6,8,1,3,2,1,0,0
2025/26,21/02/2026,15:00,Aston Villa,Leeds,1,1,D,0,1,A,M Oliver,16,14,4,4,11,16,7,2,1,4,0,0
2025/26,21/02/2026,15:00,Brentford,Brighton,0,2,A,0,2,A,J Gillett,13,11,3,7,9,14,6,4,1,2,0,0
2025/26,21/02/2026,15:00,Chelsea,Burnley,1,1,D,1,0,H,L Smith,12,12,2,4,13,11,9,5,2,2,1,0
2025/26,21/02/2026,20:00,Man City,Newcastle,2,1,H,2,1,H,T Bramall,15,13,7,7,12,13,5,5,2,5,0,0
2025/26,21/02/2026,17:30,West Ham,Bournemouth,0,0,D,0,0,D,S Barrott,20,10,3,5,10,11,9,5,1,1,0,0
2025/26,22/02/2026,14:00,Crystal Palace,Wolves,1,0,H,0,0,D,T Kirk,14,12,3,7,19,13,7,3,5,1,0,1
2025/26,22/02/2026,14:00,Nott'm Forest,Liverpool,0,1,A,0,0,D,A Taylor,18,10,2,4,13,9,7,2,2,0,0,0
2025/26,22/02/2026,14:00,Sunderland,Fulham,1,3,A,0,0,D,C Pawson,12,12,2,4,6,13,6,4,1,1,0,0
2025/26,22/02/2026,16:30,Tottenham,Arsenal,1,4,A,1,1,D,P Bankes,6,20,5,7,17,11,2,5,2,1,0,0
2025/26,23/02/2026,20:00,Everton,Man United,0,1,A,0,0,D,D England,12,11,4,3,12,7,10,1,2,3,0,0
2025/26,27/02/2026,20:00,Wolves,Aston Villa,2,0,H,0,0,D,C Pawson,9,14,2,5,13,19,0,5,3,3,0,0
2025/26,28/02/2026,12:30,Bournemouth,Sunderland,1,1,D,0,1,A,J Gillett,21,8,5,4,15,12,7,3,4,2,0,0
2025/26,28/02/2026,15:00,Burnley,Brentford,3,4,A,1,3,A,S Barrott,12,16,3,7,9,9,4,8,2,2,0,0
2025/26,28/02/2026,17:30,Leeds,Man City,0,1,A,0,1,A,P Bankes,14,14,2,5,10,8,5,3,0,3,0,0
2025/26,28/02/2026,15:00,Liverpool,West Ham,5,2,H,3,0,H,T Robinson,18,11,7,4,12,11,10,5,2,2,0,0
2025/26,28/02/2026,15:00,Newcastle,Everton,2,3,A,1,2,A,S Attwell,17,9,7,5,15,7,7,2,2,3,0,0
2025/26,01/03/2026,16:30,Arsenal,Chelsea,2,1,H,1,1,D,D England,12,9,5,3,11,14,5,10,1,3,0,1
2025/26,01/03/2026,14:00,Brighton,Nott'm Forest,2,1,H,2,1,H,A Madley,14,13,7,4,12,13,4,4,3,1,0,0
2025/26,01/03/2026,14:00,Fulham,Tottenham,2,1,H,2,0,H,T Bramall,18,13,4,1,11,14,5,8,3,3,0,0
2025/26,01/03/2026,14:00,Man United,Crystal Palace,2,1,H,0,1,A,C Kavanagh,20,8,11,3,13,12,7,1,2,2,0,1
2025/26,03/03/2026,19:30,Bournemouth,Brentford,0,0,D,0,0,D,C Pawson,13,5,2,2,9,10,4,3,2,1,0,0
2025/26,03/03/2026,19:30,Everton,Burnley,2,0,H,1,0,H,T Robinson,14,5,5,2,10,12,6,3,0,1,0,0
2025/26,03/03/2026,19:30,Leeds,Sunderland,0,1,A,0,0,D,S Attwell,18,3,4,1,15,19,9,2,1,3,0,0
2025/26,03/03/2026,20:15,Wolves,Liverpool,2,1,H,0,0,D,T Bramall,4,19,3,7,10,13,2,11,2,1,0,0
2025/26,04/03/2026,19:30,Aston Villa,Chelsea,1,4,A,1,2,A,J Gillett,9,15,4,8,10,9,3,8,3,2,0,0
2025/26,04/03/2026,19:30,Brighton,Arsenal,0,1,A,0,1,A,C Kavanagh,11,7,3,2,14,12,4,3,4,1,0,0
2025/26,04/03/2026,19:30,Fulham,West Ham,0,1,A,0,0,D,M Donohue,13,9,5,3,14,12,7,5,2,4,0,0
2025/26,04/03/2026,19:30,Man City,Nott'm Forest,2,2,D,1,0,H,D England,21,9,7,4,10,6,6,1,0,4,0,0
2025/26,04/03/2026,20:15,Newcastle,Man United,2,1,H,1,1,D,P Bankes,12,14,5,5,15,16,2,4,2,3,1,0
2025/26,05/03/2026,20:00,Tottenham,Crystal Palace,1,3,A,1,3,A,A Madley,12,9,4,4,14,14,6,3,3,2,0,0
2025/26,14/03/2026,17:30,Arsenal,Everton,2,0,H,0,0,D,A Madley,25,9,7,3,11,12,8,3,0,0,0,0
2025/26,14/03/2026,15:00,Burnley,Bournemouth,0,0,D,0,0,D,P Bankes,15,22,2,3,11,5,5,8,1,0,0,0
2025/26,14/03/2026,17:30,Chelsea,Newcastle,0,1,A,0,1,A,P Tierney,22,7,3,5,9,10,8,1,2,2,0,0
2025/26,14/03/2026,15:00,Sunderland,Brighton,0,1,A,0,0,D,T Kirk,14,12,4,4,7,12,7,3,1,2,0,0
2025/26,14/03/2026,20:00,West Ham,Man City,1,1,D,1,1,D,M Oliver,1,24,1,6,14,5,1,15,2,2,0,0
2025/26,15/03/2026,14:00,Crystal Palace,Leeds,0,0,D,0,0,D,T Bramall,12,10,0,3,12,11,8,3,2,1,0,1
2025/26,15/03/2026,16:30,Liverpool,Tottenham,1,1,D,1,0,H,C Kavanagh,17,13,4,7,8,13,3,4,0,0,0,0
2025/26,15/03/2026,14:00,Man United,Aston Villa,3,1,H,0,0,D,A Taylor,16,9,6,2,10,5,6,6,3,2,0,0
2025/26,15/03/2026,14:00,Nott'm Forest,Fulham,0,0,D,0,0,D,S Barrott,11,5,2,0,8,10,5,4,2,3,0,0
2025/26,16/03/2026,20:00,Brentford,Wolves,2,2,D,2,1,H,S Attwell,10,13,3,4,12,10,1,5,2,4,0,0
2025/26,20/03/2026,20:00,Bournemouth,Man United,2,2,D,0,0,D,S Attwell,16,14,5,5,10,9,6,8,2,2,0,1
2025/26,21/03/2026,12:30,Brighton,Liverpool,2,1,H,1,1,D,D England,16,12,7,5,11,11,4,8,5,5,0,0
2025/26,21/03/2026,17:30,Everton,Chelsea,3,0,H,1,0,H,S Barrott,10,12,9,4,6,7,3,9,0,2,0,0
2025/26,21/03/2026,15:00,Fulham,Burnley,3,1,H,0,0,D,C Kavanagh,22,9,6,5,6,9,6,6,2,2,0,1
2025/26,21/03/2026,20:00,Leeds,Brentford,0,0,D,0,0,D,J Gillett,14,6,4,2,6,9,6,2,2,0,0,0
2025/26,22/03/2026,14:15,Aston Villa,West Ham,2,0,H,1,0,H,P Tierney,23,9,7,1,3,7,6,6,0,1,0,0
2025/26,22/03/2026,12:00,Newcastle,Sunderland,1,2,A,1,0,H,A Taylor,16,17,4,7,8,19,9,5,1,6,0,0
2025/26,22/03/2026,14:15,Tottenham,Nott'm Forest,0,3,A,0,1,A,M Oliver,14,8,3,7,13,13,13,3,1,2,0,0
2025/26,10/04/2026,20:00,West Ham,Wolves,4,0,H,1,0,H,J Gillett,18,14,7,3,11,7,5,2,2,2,0,0
2025/26,11/04/2026,12:30,Arsenal,Bournemouth,1,2,A,1,1,D,M Oliver,15,8,3,3,12,18,10,1,1,3,0,0
2025/26,11/04/2026,15:00,Brentford,Everton,2,2,D,1,1,D,F Hallam,17,14,4,7,6,7,2,3,0,2,0,0
2025/26,11/04/2026,15:00,Burnley,Brighton,0,2,A,0,1,A,T Bramall,10,13,5,6,7,11,8,2,2,1,0,0
2025/26,11/04/2026,17:30,Liverpool,Fulham,2,0,H,2,0,H,A Taylor,18,19,5,4,10,4,6,9,0,0,0,0
2025/26,12/04/2026,16:30,Chelsea,Man City,0,3,A,0,0,D,C Kavanagh,12,18,3,8,10,14,4,12,3,1,0,0
2025/26,12/04/2026,14:00,Crystal Palace,Newcastle,2,1,H,0,1,A,A Madley,11,7,5,3,17,12,2,4,0,3,0,0
2025/26,12/04/2026,14:00,Nott'm Forest,Aston Villa,1,1,D,1,1,D,M Salisbury,15,12,4,5,15,10,7,3,2,2,0,0
2025/26,12/04/2026,14:00,Sunderland,Tottenham,1,0,H,0,0,D,R Jones,13,11,2,7,14,15,2,6,3,3,0,0
2025/26,13/04/2026,20:00,Man United,Leeds,1,2,A,0,2,A,P Tierney,20,15,9,6,12,15,11,4,3,2,1,0
2025/26,18/04/2026,12:30,Brentford,Fulham,0,0,D,0,0,D,P Tierney,13,11,4,0,8,13,9,3,0,1,0,0
2025/26,18/04/2026,20:00,Chelsea,Man United,0,1,A,0,1,A,M Oliver,21,4,3,1,12,13,7,1,1,3,0,0
2025/26,18/04/2026,15:00,Leeds,Wolves,3,0,H,2,0,H,F Hallam,17,7,6,2,9,17,5,6,2,1,0,0
2025/26,18/04/2026,15:00,Newcastle,Bournemouth,1,2,A,0,1,A,T Bramall,12,12,3,3,11,12,2,3,2,4,0,0
2025/26,18/04/2026,17:30,Tottenham,Brighton,2,2,D,1,1,D,S Attwell,13,10,6,3,14,14,7,5,3,1,0,0
2025/26,19/04/2026,14:00,Aston Villa,Sunderland,4,3,H,2,1,H,S Barrott,15,10,7,7,11,11,4,5,1,3,0,0
2025/26,19/04/2026,14:00,Everton,Liverpool,1,2,A,0,1,A,C Kavanagh,10,14,4,6,8,12,1,6,2,0,0,0
2025/26,19/04/2026,16:30,Man City,Arsenal,2,1,H,1,1,D,A Taylor,15,9,5,3,5,12,8,5,2,2,0,0
2025/26,19/04/2026,14:00,Nott'm Forest,Burnley,4,1,H,0,1,A,T Kirk,10,4,4,3,8,12,4,4,0,2,0,0
2025/26,20/04/2026,20:00,Crystal Palace,West Ham,0,0,D,0,0,D,D England,9,9,1,4,13,12,4,6,2,1,0,0
2025/26,21/04/2026,20:00,Brighton,Chelsea,3,0,H,1,0,H,C Pawson,15,6,9,0,15,6,6,5,1,1,0,0
2025/26,22/04/2026,20:00,Bournemouth,Leeds,2,2,D,0,0,D,M Salisbury,17,10,7,3,6,10,12,1,3,0,0,0
2025/26,22/04/2026,20:00,Burnley,Man City,0,1,A,0,1,A,A Madley,9,28,1,9,10,12,3,11,0,0,0,0
2025/26,24/04/2026,20:00,Sunderland,Nott'm Forest,0,5,A,0,4,A,D England,14,10,4,6,13,15,3,6,2,5,0,0
2025/26,25/04/2026,17:30,Arsenal,Newcastle,1,0,H,1,0,H,S Barrott,11,13,4,3,13,10,7,2,2,2,0,0
2025/26,25/04/2026,12:30,Fulham,Aston Villa,1,0,H,1,0,H,M Oliver,13,10,6,1,14,12,2,5,2,2,0,0
2025/26,25/04/2026,15:00,Liverpool,Crystal Palace,3,1,H,2,0,H,A Madley,9,14,3,7,10,10,5,8,1,3,0,0
2025/26,25/04/2026,15:00,West Ham,Everton,2,1,H,0,0,D,S Attwell,10,11,3,3,9,11,3,4,3,4,0,0
2025/26,25/04/2026,15:00,Wolves,Tottenham,0,1,A,0,0,D,A Taylor,11,11,2,2,8,14,5,5,3,4,0,0
2025/26,27/04/2026,20:00,Man United,Brentford,2,1,H,2,0,H,C Kavanagh,11,12,6,4,6,9,7,8,2,4,0,0
2025/26,01/05/2026,20:00,Leeds,Burnley,3,1,H,1,0,H,T Bramall,18,9,8,3,12,11,5,0,4,3,0,0
2025/26,02/05/2026,17:30,Arsenal,Fulham,3,0,H,3,0,H,J Gillett,18,10,9,1,7,12,3,4,0,1,0,0
2025/26,02/05/2026,15:00,Brentford,West Ham,3,0,H,1,0,H,C Pawson,14,13,6,4,8,12,2,6,1,3,0,0
2025/26,02/05/2026,15:00,Newcastle,Brighton,3,1,H,2,0,H,C Kavanagh,13,13,6,4,10,12,2,10,3,3,0,0
2025/26,02/05/2026,15:00,Wolves,Sunderland,1,1,D,0,1,A,P Tierney,20,10,7,2,11,11,6,3,0,4,0,1
2025/26,03/05/2026,19:00,Aston Villa,Tottenham,1,2,A,0,2,A,S Barrott,5,10,1,5,12,12,5,5,2,5,0,0
2025/26,03/05/2026,14:00,Bournemouth,Crystal Palace,3,0,H,2,0,H,R Jones,16,7,5,1,10,11,7,1,0,2,0,0
2025/26,03/05/2026,15:30,Man United,Liverpool,3,2,H,2,0,H,D England,18,13,6,5,12,11,3,2,2,2,0,0
2025/26,04/05/2026,15:00,Chelsea,Nott'm Forest,1,3,A,0,2,A,A Taylor,21,6,5,4,12,10,10,1,3,1,0,0
2025/26,04/05/2026,20:00,Everton,Man City,3,3,D,0,1,A,M Oliver,14,21,6,4,15,5,5,9,4,1,0,0
2025/26,09/05/2026,15:00,Brighton,Wolves,3,0,H,2,0,H,J Brooks,14,5,6,1,9,11,7,1,1,2,0,0
2025/26,09/05/2026,15:00,Fulham,Bournemouth,0,1,A,0,0,D,A Madley,14,10,2,5,12,21,11,2,4,2,1,1
2025/26,09/05/2026,12:30,Liverpool,Chelsea,1,1,D,1,1,D,C Pawson,8,6,3,3,17,17,5,2,2,4,0,0
2025/26,09/05/2026,17:30,Man City,Brentford,3,0,H,0,0,D,M Salisbury,25,4,10,2,8,14,10,2,4,2,0,0
2025/26,09/05/2026,15:00,Sunderland,Man United,0,0,D,0,0,D,S Attwell,15,11,4,1,12,12,7,8,0,3,0,0
2025/26,10/05/2026,14:00,Burnley,Aston Villa,2,2,D,1,1,D,A Taylor,15,18,6,7,18,8,2,8,1,1,0,0
2025/26,10/05/2026,14:00,Crystal Palace,Everton,2,2,D,1,1,D,T Bramall,21,13,8,6,5,13,5,10,0,2,0,0
2025/26,10/05/2026,14:00,Nott'm Forest,Newcastle,1,1,D,0,0,D,P Tierney,17,16,6,6,16,11,2,1,2,0,0,0
2025/26,10/05/2026,16:30,West Ham,Arsenal,0,1,A,0,0,D,C Kavanagh,9,15,3,4,14,12,4,3,3,4,0,0
2025/26,11/05/2026,20:00,Tottenham,Leeds,1,1,D,0,0,D,J Gillett,16,11,3,4,12,7,14,2,3,1,0,0
2025/26,13/05/2026,20:00,Man City,Crystal Palace,3,0,H,2,0,H,S Attwell,15,6,4,2,10,7,9,4,0,2,0,0
2025/26,15/05/2026,20:00,Aston Villa,Liverpool,4,2,H,1,0,H,C Kavanagh,14,16,9,5,12,9,4,9,3,1,0,0
2025/26,17/05/2026,15:00,Brentford,Crystal Palace,2,2,D,1,1,D,S Barrott,14,16,3,5,7,5,9,4,1,3,0,0
2025/26,17/05/2026,15:00,Everton,Sunderland,1,3,A,1,0,H,J Brooks,10,7,4,3,14,9,3,2,3,0,0,0
2025/26,17/05/2026,15:00,Leeds,Brighton,1,0,H,0,0,D,M Oliver,7,19,1,8,9,7,7,8,1,0,0,0
2025/26,17/05/2026,12:30,Man United,Nott'm Forest,3,2,H,1,0,H,M Salisbury,29,11,8,4,11,5,7,6,2,1,0,0
2025/26,17/05/2026,17:30,Newcastle,West Ham,3,1,H,2,0,H,J Gillett,15,15,7,8,8,11,9,1,1,3,0,0
2025/26,17/05/2026,15:00,Wolves,Fulham,1,1,D,1,1,D,T Kirk,11,13,3,5,20,8,3,6,1,0,0,0
2025/26,18/05/2026,20:00,Arsenal,Burnley,1,0,H,1,0,H,P Tierney,13,5,3,0,7,16,3,3,1,3,0,0
2025/26,19/05/2026,19:30,Bournemouth,Man City,1,1,D,1,0,H,A Taylor,10,14,2,5,16,7,7,6,4,2,0,0
2025/26,19/05/2026,20:15,Chelsea,Tottenham,2,1,H,1,0,H,S Attwell,9,9,4,3,11,18,3,4,4,3,0,0
2025/26,24/05/2026,16:00,Brighton,Man United,0,3,A,0,2,A,S Barrott,13,11,2,7,11,8,0,3,0,1,0,0
2025/26,24/05/2026,16:00,Burnley,Wolves,1,1,D,0,1,A,A Kitchen,16,16,8,4,10,11,7,7,2,2,0,0
2025/26,24/05/2026,16:00,Crystal Palace,Arsenal,1,2,A,0,1,A,F Hallam,8,17,3,7,9,12,3,4,0,1,0,0
2025/26,24/05/2026,16:00,Fulham,Newcastle,2,0,H,1,0,H,R Jones,21,7,6,2,13,6,6,6,2,2,0,0
2025/26,24/05/2026,16:00,Liverpool,Brentford,1,1,D,0,0,D,D England,24,11,8,2,9,9,14,2,2,3,0,0
2025/26,24/05/2026,16:00,Man City,Aston Villa,1,2,A,1,0,H,A Madley,16,12,3,5,8,4,9,4,1,0,0,0
2025/26,24/05/2026,16:00,Nott'm Forest,Bournemouth,1,1,D,1,0,H,C Pawson,15,17,5,4,11,7,6,3,1,1,0,0
2025/26,24/05/2026,16:00,Sunderland,Chelsea,2,1,H,1,0,H,C Kavanagh,20,10,2,1,15,18,7,7,3,2,0,0
2025/26,24/05/2026,16:00,Tottenham,Everton,1,0,H,1,0,H,M Oliver,21,8,6,3,15,12,6,2,5,3,0,1
2025/26,24/05/2026,16:00,West Ham,Leeds,3,0,H,0,0,D,A Taylor,16,13,9,3,11,14,6,4,0,3,0,0
2026/27,21/08/2026,20:00,Arsenal,Coventry,3,0,H,2,0,H,T Bramall,20,4,6,1,10,13,8,2,1,1,0,0
2026/27,22/08/2026,17:30,Brentford,Tottenham,3,0,H,2,0,H,M Oliver,26,9,8,4,17,14,7,3,1,1,0,0
2026/27,22/08/2026,15:00,Everton,Crystal Palace,2,0,H,1,0,H,P Tierney,16,11,5,4,5,15,4,0,0,1,0,0
2026/27,22/08/2026,12:30,Hull,Man United,2,0,H,2,0,H,D England,8,21,4,5,10,9,1,6,2,1,0,0
2026/27,22/08/2026,15:00,Ipswich,Sunderland,2,1,H,1,1,D,F Hallam,10,11,3,4,12,14,3,5,0,3,0,0
2026/27,22/08/2026,15:00,Nott'm Forest,Leeds,0,1,A,0,0,D,R Jones,12,11,2,3,15,14,3,2,2,1,0,0
2026/27,23/08/2026,14:00,Brighton,Aston Villa,4,0,H,4,0,H,P Bankes,21,6,6,0,12,11,5,2,2,3,0,1
2026/27,23/08/2026,14:00,Man City,Bournemouth,2,1,H,0,1,A,J Gillett,13,5,6,4,11,11,8,3,1,2,0,0
2026/27,23/08/2026,16:30,Newcastle,Liverpool,2,2,D,1,0,H,S Attwell,13,27,4,7,16,15,2,6,5,3,0,0
2026/27,24/08/2026,20:00,Fulham,Chelsea,2,3,A,1,2,A,J Brooks,14,18,6,6,12,7,6,4,2,3,0,0
